#ifndef OPENVK_H
#define OPENVK_H

#include "raylib.h"

unsigned char openvk_font[] = {
  0x4f, 0x54, 0x54, 0x4f, 0x00, 0x0e, 0x00, 0x80, 0x00, 0x03, 0x00, 0x60,
  0x43, 0x46, 0x46, 0x20, 0xa3, 0x8f, 0xd4, 0x7b, 0x00, 0x00, 0x06, 0xc8,
  0x00, 0x00, 0xac, 0xe1, 0x46, 0x46, 0x54, 0x4d, 0x83, 0x13, 0xec, 0x97,
  0x00, 0x00, 0xd3, 0xfc, 0x00, 0x00, 0x00, 0x1c, 0x47, 0x44, 0x45, 0x46,
  0x00, 0x15, 0x00, 0x14, 0x00, 0x00, 0xb3, 0xac, 0x00, 0x00, 0x00, 0x1c,
  0x47, 0x50, 0x4f, 0x53, 0xef, 0x1e, 0x41, 0xdc, 0x00, 0x00, 0xb3, 0xf8,
  0x00, 0x00, 0x20, 0x02, 0x47, 0x53, 0x55, 0x42, 0xb8, 0xff, 0xb8, 0xfe,
  0x00, 0x00, 0xb3, 0xc8, 0x00, 0x00, 0x00, 0x30, 0x4f, 0x53, 0x2f, 0x32,
  0x8f, 0x97, 0x86, 0x17, 0x00, 0x00, 0x01, 0x50, 0x00, 0x00, 0x00, 0x60,
  0x63, 0x6d, 0x61, 0x70, 0xb0, 0x0b, 0x72, 0x32, 0x00, 0x00, 0x04, 0xe4,
  0x00, 0x00, 0x01, 0xc2, 0x68, 0x65, 0x61, 0x64, 0x10, 0xce, 0x96, 0xf9,
  0x00, 0x00, 0x00, 0xec, 0x00, 0x00, 0x00, 0x36, 0x68, 0x68, 0x65, 0x61,
  0x09, 0x32, 0x03, 0x03, 0x00, 0x00, 0x01, 0x24, 0x00, 0x00, 0x00, 0x24,
  0x68, 0x6d, 0x74, 0x78, 0xec, 0x0f, 0x08, 0x82, 0x00, 0x01, 0x17, 0x38,
  0x00, 0x00, 0x02, 0x90, 0x6b, 0x65, 0x72, 0x6e, 0x01, 0x47, 0x18, 0x14,
  0x00, 0x00, 0xd4, 0x18, 0x00, 0x00, 0x43, 0x20, 0x6d, 0x61, 0x78, 0x70,
  0x00, 0xa4, 0x50, 0x00, 0x00, 0x00, 0x01, 0x48, 0x00, 0x00, 0x00, 0x06,
  0x6e, 0x61, 0x6d, 0x65, 0x84, 0x9b, 0x71, 0x48, 0x00, 0x00, 0x01, 0xb0,
  0x00, 0x00, 0x03, 0x33, 0x70, 0x6f, 0x73, 0x74, 0xff, 0x86, 0x00, 0x32,
  0x00, 0x00, 0x06, 0xa8, 0x00, 0x00, 0x00, 0x20, 0x00, 0x01, 0x00, 0x00,
  0x00, 0x01, 0x00, 0x00, 0x2a, 0x10, 0xd1, 0xcf, 0x5f, 0x0f, 0x3c, 0xf5,
  0x00, 0x0b, 0x03, 0xe8, 0x00, 0x00, 0x00, 0x00, 0xd6, 0xb6, 0x44, 0x5b,
  0x00, 0x00, 0x00, 0x00, 0xd6, 0xb9, 0x0f, 0x60, 0xff, 0x5b, 0xfd, 0xc4,
  0x04, 0xe5, 0x04, 0x95, 0x00, 0x00, 0x00, 0x08, 0x00, 0x02, 0x00, 0x00,
  0x00, 0x00, 0x00, 0x00, 0x00, 0x01, 0x00, 0x00, 0x04, 0x95, 0xfd, 0xc4,
  0x00, 0x5a, 0x05, 0x27, 0xff, 0x5b, 0xff, 0x73, 0x04, 0xe5, 0x00, 0x01,
  0x00, 0x00, 0x00, 0x00, 0x00, 0x00, 0x00, 0x00, 0x00, 0x00, 0x00, 0x00,
  0x00, 0x00, 0x00, 0xa4, 0x00, 0x00, 0x50, 0x00, 0x00, 0xa4, 0x00, 0x00,
  0x00, 0x04, 0x03, 0x01, 0x03, 0x20, 0x00, 0x05, 0x00, 0x00, 0x02, 0x8a,
  0x02, 0xbb, 0x00, 0x00, 0x00, 0x8c, 0x02, 0x8a, 0x02, 0xbb, 0x00, 0x00,
  0x01, 0xdf, 0x00, 0x31, 0x01, 0x02, 0x00, 0x00, 0x02, 0x00, 0x09, 0x03,
  0x00, 0x00, 0x00, 0x00, 0x00, 0x00, 0x00, 0x00, 0x00, 0x07, 0x00, 0x00,
  0x00, 0x08, 0x00, 0x00, 0x00, 0x00, 0x00, 0x00, 0x00, 0x00, 0x4d, 0x61,
  0x78, 0x69, 0x00, 0x80, 0x00, 0x20, 0x21, 0x22, 0x03, 0x20, 0xff, 0x38,
  0x00, 0x5a, 0x04, 0x95, 0x02, 0x3c, 0x00, 0x00, 0x00, 0x01, 0x00, 0x00,
  0x00, 0x00, 0x01, 0xd7, 0x03, 0x20, 0x00, 0x20, 0x00, 0x20, 0x00, 0x02,
  0x00, 0x00, 0x00, 0x0e, 0x00, 0xae, 0x00, 0x01, 0x00, 0x00, 0x00, 0x00,
  0x00, 0x00, 0x00, 0x72, 0x00, 0xe6, 0x00, 0x01, 0x00, 0x00, 0x00, 0x00,
  0x00, 0x01, 0x00, 0x09, 0x01, 0x6d, 0x00, 0x01, 0x00, 0x00, 0x00, 0x00,
  0x00, 0x02, 0x00, 0x05, 0x01, 0x83, 0x00, 0x01, 0x00, 0x00, 0x00, 0x00,
  0x00, 0x03, 0x00, 0x27, 0x01, 0xd9, 0x00, 0x01, 0x00, 0x00, 0x00, 0x00,
  0x00, 0x04, 0x00, 0x0f, 0x02, 0x21, 0x00, 0x01, 0x00, 0x00, 0x00, 0x00,
  0x00, 0x05, 0x00, 0x0c, 0x02, 0x4b, 0x00, 0x01, 0x00, 0x00, 0x00, 0x00,
  0x00, 0x06, 0x00, 0x0e, 0x02, 0x76, 0x00, 0x03, 0x00, 0x01, 0x04, 0x09,
  0x00, 0x00, 0x00, 0xe4, 0x00, 0x00, 0x00, 0x03, 0x00, 0x01, 0x04, 0x09,
  0x00, 0x01, 0x00, 0x12, 0x01, 0x59, 0x00, 0x03, 0x00, 0x01, 0x04, 0x09,
  0x00, 0x02, 0x00, 0x0a, 0x01, 0x77, 0x00, 0x03, 0x00, 0x01, 0x04, 0x09,
  0x00, 0x03, 0x00, 0x4e, 0x01, 0x89, 0x00, 0x03, 0x00, 0x01, 0x04, 0x09,
  0x00, 0x04, 0x00, 0x1e, 0x02, 0x01, 0x00, 0x03, 0x00, 0x01, 0x04, 0x09,
  0x00, 0x05, 0x00, 0x18, 0x02, 0x31, 0x00, 0x03, 0x00, 0x01, 0x04, 0x09,
  0x00, 0x06, 0x00, 0x1c, 0x02, 0x58, 0x00, 0x54, 0x00, 0x68, 0x00, 0x69,
  0x00, 0x73, 0x00, 0x20, 0x00, 0x74, 0x00, 0x79, 0x00, 0x70, 0x00, 0x65,
  0x00, 0x66, 0x00, 0x61, 0x00, 0x63, 0x00, 0x65, 0x00, 0x20, 0x00, 0x69,
  0x00, 0x73, 0x00, 0x20, 0x00, 0x62, 0x00, 0x61, 0x00, 0x73, 0x00, 0x65,
  0x00, 0x64, 0x00, 0x20, 0x00, 0x6f, 0x00, 0x6e, 0x00, 0x20, 0x00, 0x74,
  0x00, 0x68, 0x00, 0x65, 0x00, 0x20, 0x00, 0x55, 0x00, 0x49, 0x00, 0x20,
  0x00, 0x6f, 0x00, 0x66, 0x00, 0x20, 0x00, 0x74, 0x00, 0x68, 0x00, 0x65,
  0x00, 0x20, 0x00, 0x4e, 0x00, 0x69, 0x00, 0x6e, 0x00, 0x74, 0x00, 0x65,
  0x00, 0x6e, 0x00, 0x64, 0x00, 0x6f, 0x00, 0x20, 0x00, 0x53, 0x00, 0x77,
  0x00, 0x69, 0x00, 0x74, 0x00, 0x63, 0x00, 0x68, 0x00, 0x20, 0x00, 0x67,
  0x00, 0x61, 0x00, 0x6d, 0x00, 0x65, 0x00, 0x20, 0x00, 0x22, 0x00, 0x53,
  0x00, 0x75, 0x00, 0x70, 0x00, 0x65, 0x00, 0x72, 0x00, 0x20, 0x00, 0x4d,
  0x00, 0x61, 0x00, 0x72, 0x00, 0x69, 0x00, 0x6f, 0x00, 0x20, 0x00, 0x4f,
  0x00, 0x64, 0x00, 0x79, 0x00, 0x73, 0x00, 0x73, 0x00, 0x65, 0x00, 0x79,
  0x00, 0x22, 0x00, 0x2e, 0x00, 0x0a, 0x00, 0x0a, 0x00, 0x43, 0x00, 0x6f,
  0x00, 0x70, 0x00, 0x79, 0x00, 0x72, 0x00, 0x69, 0x00, 0x67, 0x00, 0x68,
  0x00, 0x74, 0x00, 0x20, 0x00, 0x28, 0x00, 0x63, 0x00, 0x29, 0x00, 0x20,
  0x00, 0x32, 0x00, 0x30, 0x00, 0x31, 0x00, 0x38, 0x00, 0x2c, 0x00, 0x20,
  0x00, 0x4d, 0x00, 0x61, 0x00, 0x78, 0x00, 0x69, 0x00, 0x47, 0x00, 0x61,
  0x00, 0x6d, 0x00, 0x65, 0x00, 0x72, 0x00, 0x00, 0x54, 0x68, 0x69, 0x73,
  0x20, 0x74, 0x79, 0x70, 0x65, 0x66, 0x61, 0x63, 0x65, 0x20, 0x69, 0x73,
  0x20, 0x62, 0x61, 0x73, 0x65, 0x64, 0x20, 0x6f, 0x6e, 0x20, 0x74, 0x68,
  0x65, 0x20, 0x55, 0x49, 0x20, 0x6f, 0x66, 0x20, 0x74, 0x68, 0x65, 0x20,
  0x4e, 0x69, 0x6e, 0x74, 0x65, 0x6e, 0x64, 0x6f, 0x20, 0x53, 0x77, 0x69,
  0x74, 0x63, 0x68, 0x20, 0x67, 0x61, 0x6d, 0x65, 0x20, 0x22, 0x53, 0x75,
  0x70, 0x65, 0x72, 0x20, 0x4d, 0x61, 0x72, 0x69, 0x6f, 0x20, 0x4f, 0x64,
  0x79, 0x73, 0x73, 0x65, 0x79, 0x22, 0x2e, 0x0a, 0x0a, 0x43, 0x6f, 0x70,
  0x79, 0x72, 0x69, 0x67, 0x68, 0x74, 0x20, 0x28, 0x63, 0x29, 0x20, 0x32,
  0x30, 0x31, 0x38, 0x2c, 0x20, 0x4d, 0x61, 0x78, 0x69, 0x47, 0x61, 0x6d,
  0x65, 0x72, 0x00, 0x00, 0x4d, 0x00, 0x4f, 0x00, 0x4f, 0x00, 0x4e, 0x00,
  0x20, 0x00, 0x47, 0x00, 0x45, 0x00, 0x54, 0x00, 0x21, 0x00, 0x00, 0x4d,
  0x4f, 0x4f, 0x4e, 0x20, 0x47, 0x45, 0x54, 0x21, 0x00, 0x00, 0x48, 0x00,
  0x65, 0x00, 0x61, 0x00, 0x76, 0x00, 0x79, 0x00, 0x00, 0x48, 0x65, 0x61,
  0x76, 0x79, 0x00, 0x00, 0x4d, 0x00, 0x61, 0x00, 0x78, 0x00, 0x69, 0x00,
  0x47, 0x00, 0x61, 0x00, 0x6d, 0x00, 0x65, 0x00, 0x72, 0x00, 0x20, 0x00,
  0x3a, 0x00, 0x20, 0x00, 0x4d, 0x00, 0x4f, 0x00, 0x4f, 0x00, 0x4e, 0x00,
  0x20, 0x00, 0x47, 0x00, 0x45, 0x00, 0x54, 0x00, 0x21, 0x00, 0x20, 0x00,
  0x48, 0x00, 0x65, 0x00, 0x61, 0x00, 0x76, 0x00, 0x79, 0x00, 0x20, 0x00,
  0x3a, 0x00, 0x20, 0x00, 0x32, 0x00, 0x35, 0x00, 0x2d, 0x00, 0x32, 0x00,
  0x2d, 0x00, 0x32, 0x00, 0x30, 0x00, 0x31, 0x00, 0x38, 0x00, 0x00, 0x4d,
  0x61, 0x78, 0x69, 0x47, 0x61, 0x6d, 0x65, 0x72, 0x20, 0x3a, 0x20, 0x4d,
  0x4f, 0x4f, 0x4e, 0x20, 0x47, 0x45, 0x54, 0x21, 0x20, 0x48, 0x65, 0x61,
  0x76, 0x79, 0x20, 0x3a, 0x20, 0x32, 0x35, 0x2d, 0x32, 0x2d, 0x32, 0x30,
  0x31, 0x38, 0x00, 0x00, 0x4d, 0x00, 0x4f, 0x00, 0x4f, 0x00, 0x4e, 0x00,
  0x20, 0x00, 0x47, 0x00, 0x45, 0x00, 0x54, 0x00, 0x21, 0x00, 0x20, 0x00,
  0x48, 0x00, 0x65, 0x00, 0x61, 0x00, 0x76, 0x00, 0x79, 0x00, 0x00, 0x4d,
  0x4f, 0x4f, 0x4e, 0x20, 0x47, 0x45, 0x54, 0x21, 0x20, 0x48, 0x65, 0x61,
  0x76, 0x79, 0x00, 0x00, 0x56, 0x00, 0x65, 0x00, 0x72, 0x00, 0x73, 0x00,
  0x69, 0x00, 0x6f, 0x00, 0x6e, 0x00, 0x20, 0x00, 0x31, 0x00, 0x2e, 0x00,
  0x30, 0x00, 0x20, 0x00, 0x00, 0x56, 0x65, 0x72, 0x73, 0x69, 0x6f, 0x6e,
  0x20, 0x31, 0x2e, 0x30, 0x20, 0x00, 0x00, 0x6d, 0x00, 0x6f, 0x00, 0x6f,
  0x00, 0x6e, 0x00, 0x5f, 0x00, 0x67, 0x00, 0x65, 0x00, 0x74, 0x00, 0x2d,
  0x00, 0x48, 0x00, 0x65, 0x00, 0x61, 0x00, 0x76, 0x00, 0x79, 0x00, 0x00,
  0x6d, 0x6f, 0x6f, 0x6e, 0x5f, 0x67, 0x65, 0x74, 0x2d, 0x48, 0x65, 0x61,
  0x76, 0x79, 0x00, 0x00, 0x00, 0x00, 0x00, 0x03, 0x00, 0x00, 0x00, 0x03,
  0x00, 0x00, 0x00, 0x1c, 0x00, 0x01, 0x00, 0x00, 0x00, 0x00, 0x00, 0xbc,
  0x00, 0x03, 0x00, 0x01, 0x00, 0x00, 0x00, 0x1c, 0x00, 0x04, 0x00, 0xa0,
  0x00, 0x00, 0x00, 0x24, 0x00, 0x20, 0x00, 0x04, 0x00, 0x04, 0x00, 0x7a,
  0x00, 0x7e, 0x00, 0xa1, 0x00, 0xa9, 0x00, 0xab, 0x00, 0xae, 0x00, 0xb0,
  0x00, 0xb4, 0x00, 0xbb, 0x00, 0xcf, 0x00, 0xd6, 0x00, 0xdd, 0x00, 0xef,
  0x00, 0xfd, 0x00, 0xff, 0x01, 0x53, 0x21, 0x22, 0xff, 0xff, 0x00, 0x00,
  0x00, 0x20, 0x00, 0x7e, 0x00, 0xa1, 0x00, 0xa8, 0x00, 0xab, 0x00, 0xae,
  0x00, 0xb0, 0x00, 0xb4, 0x00, 0xbb, 0x00, 0xbf, 0x00, 0xd1, 0x00, 0xd8,
  0x00, 0xdf, 0x00, 0xf1, 0x00, 0xff, 0x01, 0x52, 0x21, 0x22, 0xff, 0xff,
  0xff, 0xe1, 0xff, 0xde, 0xff, 0xbc, 0xff, 0xb6, 0xff, 0xb5, 0xff, 0xb3,
  0xff, 0xb2, 0xff, 0xaf, 0xff, 0xa9, 0xff, 0xa6, 0xff, 0xa5, 0xff, 0xa4,
  0xff, 0xa3, 0xff, 0xa2, 0xff, 0xa1, 0xff, 0x4f, 0xdf, 0x81, 0x00, 0x01,
  0x00, 0x00, 0x00, 0x00, 0x00, 0x00, 0x00, 0x00, 0x00, 0x00, 0x00, 0x00,
  0x00, 0x00, 0x00, 0x00, 0x00, 0x00, 0x00, 0x00, 0x00, 0x00, 0x00, 0x00,
  0x00, 0x00, 0x00, 0x00, 0x00, 0x00, 0x00, 0x00, 0x00, 0x00, 0x00, 0x00,
  0x00, 0x00, 0x01, 0x06, 0x00, 0x00, 0x01, 0x00, 0x00, 0x00, 0x00, 0x00,
  0x00, 0x00, 0x00, 0x00, 0x00, 0x00, 0x00, 0x00, 0x00, 0x00, 0x00, 0x00,
  0x00, 0x00, 0x00, 0x00, 0x00, 0x00, 0x00, 0x00, 0x00, 0x00, 0x00, 0x00,
  0x00, 0x00, 0x01, 0x02, 0x03, 0x04, 0x05, 0x06, 0x07, 0x08, 0x09, 0x0a,
  0x0b, 0x0c, 0x0d, 0x0e, 0x0f, 0x10, 0x11, 0x12, 0x13, 0x14, 0x15, 0x16,
  0x17, 0x18, 0x19, 0x1a, 0x1b, 0x1c, 0x1d, 0x1e, 0x1f, 0x20, 0x21, 0x22,
  0x23, 0x24, 0x25, 0x26, 0x27, 0x28, 0x29, 0x2a, 0x2b, 0x2c, 0x2d, 0x2e,
  0x2f, 0x30, 0x31, 0x32, 0x33, 0x34, 0x35, 0x36, 0x37, 0x38, 0x39, 0x3a,
  0x3b, 0x3c, 0x3d, 0x3e, 0x3f, 0x40, 0x41, 0x42, 0x43, 0x44, 0x45, 0x46,
  0x47, 0x48, 0x49, 0x4a, 0x4b, 0x4c, 0x4d, 0x4e, 0x4f, 0x50, 0x51, 0x52,
  0x53, 0x54, 0x55, 0x56, 0x57, 0x58, 0x59, 0x5a, 0x5b, 0x00, 0x00, 0x00,
  0x5c, 0x00, 0x6a, 0x6b, 0x6d, 0x6f, 0x76, 0x7b, 0x80, 0x84, 0x83, 0x85,
  0x87, 0x86, 0x88, 0x8a, 0x8c, 0x8b, 0x8d, 0x8e, 0x90, 0x8f, 0x91, 0x92,
  0x93, 0x95, 0x94, 0x96, 0x98, 0x97, 0x9c, 0x9b, 0x9d, 0x9e, 0x00, 0x62,
  0x00, 0x00, 0x00, 0x00, 0x00, 0x82, 0x61, 0x5f, 0xa3, 0x63, 0x5e, 0x00,
  0x6c, 0x7c, 0x00, 0x00, 0x00, 0x00, 0x00, 0x00, 0x00, 0x00, 0x00, 0x00,
  0x00, 0x00, 0x00, 0x00, 0x89, 0x9a, 0x65, 0x5d, 0x00, 0x00, 0x00, 0x00,
  0x00, 0x60, 0x64, 0x00, 0x00, 0x66, 0x69, 0x7a, 0xa1, 0xa2, 0x00, 0x00,
  0x00, 0x00, 0x00, 0x00, 0x99, 0x00, 0xa0, 0x00, 0x00, 0x00, 0x00, 0x00,
  0x00, 0x00, 0x00, 0x00, 0x00, 0x00, 0x00, 0x68, 0x70, 0x67, 0x71, 0x6e,
  0x73, 0x74, 0x75, 0x72, 0x78, 0x79, 0x00, 0x77, 0x7e, 0x7f, 0x7d, 0x00,
  0x00, 0x00, 0x00, 0x00, 0x00, 0x00, 0x00, 0x00, 0x00, 0x00, 0x00, 0x00,
  0x00, 0x03, 0x00, 0x00, 0x00, 0x00, 0x00, 0x00, 0xff, 0x83, 0x00, 0x32,
  0x00, 0x00, 0x00, 0x00, 0x00, 0x00, 0x00, 0x00, 0x00, 0x00, 0x00, 0x00,
  0x00, 0x00, 0x00, 0x00, 0x00, 0x00, 0x00, 0x00, 0x01, 0x00, 0x04, 0x04,
  0x00, 0x01, 0x01, 0x01, 0x0f, 0x6d, 0x6f, 0x6f, 0x6e, 0x5f, 0x67, 0x65,
  0x74, 0x2d, 0x48, 0x65, 0x61, 0x76, 0x79, 0x00, 0x01, 0x02, 0x00, 0x01,
  0x00, 0x38, 0xf8, 0x1b, 0x00, 0xf8, 0x1c, 0x01, 0xf8, 0x1d, 0x02, 0xf8,
  0x1e, 0x03, 0xf8, 0x1f, 0x04, 0xfb, 0x3a, 0xfc, 0xd1, 0x1c, 0x04, 0xe6,
  0x1c, 0x04, 0x96, 0x05, 0x1d, 0x00, 0x00, 0x00, 0xf8, 0x0f, 0x1d, 0x00,
  0x00, 0x00, 0x00, 0x10, 0x1d, 0x00, 0x00, 0x02, 0x3f, 0x11, 0x1d, 0x00,
  0x00, 0x00, 0x3a, 0x1d, 0x00, 0x00, 0x93, 0xcb, 0x12, 0x00, 0x05, 0x02,
  0x00, 0x01, 0x00, 0x04, 0x00, 0x76, 0x00, 0x85, 0x00, 0x8e, 0x00, 0x93,
  0x31, 0x2e, 0x30, 0x54, 0x68, 0x69, 0x73, 0x20, 0x74, 0x79, 0x70, 0x65,
  0x66, 0x61, 0x63, 0x65, 0x20, 0x69, 0x73, 0x20, 0x62, 0x61, 0x73, 0x65,
  0x64, 0x20, 0x6f, 0x6e, 0x20, 0x74, 0x68, 0x65, 0x20, 0x55, 0x49, 0x20,
  0x6f, 0x66, 0x20, 0x74, 0x68, 0x65, 0x20, 0x4e, 0x69, 0x6e, 0x74, 0x65,
  0x6e, 0x64, 0x6f, 0x20, 0x53, 0x77, 0x69, 0x74, 0x63, 0x68, 0x20, 0x67,
  0x61, 0x6d, 0x65, 0x20, 0x22, 0x53, 0x75, 0x70, 0x65, 0x72, 0x20, 0x4d,
  0x61, 0x72, 0x69, 0x6f, 0x20, 0x4f, 0x64, 0x79, 0x73, 0x73, 0x65, 0x79,
  0x22, 0x2e, 0x0a, 0x0a, 0x43, 0x6f, 0x70, 0x79, 0x72, 0x69, 0x67, 0x68,
  0x74, 0x20, 0x28, 0x63, 0x29, 0x20, 0x32, 0x30, 0x31, 0x38, 0x2c, 0x20,
  0x4d, 0x61, 0x78, 0x69, 0x47, 0x61, 0x6d, 0x65, 0x72, 0x4d, 0x4f, 0x4f,
  0x4e, 0x20, 0x47, 0x45, 0x54, 0x21, 0x20, 0x48, 0x65, 0x61, 0x76, 0x79,
  0x4d, 0x4f, 0x4f, 0x4e, 0x20, 0x47, 0x45, 0x54, 0x21, 0x48, 0x65, 0x61,
  0x76, 0x79, 0x00, 0x00, 0x00, 0x00, 0x01, 0x00, 0x02, 0x00, 0x03, 0x00,
  0x04, 0x00, 0x05, 0x00, 0x06, 0x00, 0x07, 0x00, 0x68, 0x00, 0x09, 0x00,
  0x0a, 0x00, 0x0b, 0x00, 0x0c, 0x00, 0x0d, 0x00, 0x0e, 0x00, 0x0f, 0x00,
  0x10, 0x00, 0x11, 0x00, 0x12, 0x00, 0x13, 0x00, 0x14, 0x00, 0x15, 0x00,
  0x16, 0x00, 0x17, 0x00, 0x18, 0x00, 0x19, 0x00, 0x1a, 0x00, 0x1b, 0x00,
  0x1c, 0x00, 0x1d, 0x00, 0x1e, 0x00, 0x1f, 0x00, 0x20, 0x00, 0x21, 0x00,
  0x22, 0x00, 0x23, 0x00, 0x24, 0x00, 0x25, 0x00, 0x26, 0x00, 0x27, 0x00,
  0x28, 0x00, 0x29, 0x00, 0x2a, 0x00, 0x2b, 0x00, 0x2c, 0x00, 0x2d, 0x00,
  0x2e, 0x00, 0x2f, 0x00, 0x30, 0x00, 0x31, 0x00, 0x32, 0x00, 0x33, 0x00,
  0x34, 0x00, 0x35, 0x00, 0x36, 0x00, 0x37, 0x00, 0x38, 0x00, 0x39, 0x00,
  0x3a, 0x00, 0x3b, 0x00, 0x3c, 0x00, 0x3d, 0x00, 0x3e, 0x00, 0x3f, 0x00,
  0x40, 0x00, 0x7c, 0x00, 0x42, 0x00, 0x43, 0x00, 0x44, 0x00, 0x45, 0x00,
  0x46, 0x00, 0x47, 0x00, 0x48, 0x00, 0x49, 0x00, 0x4a, 0x00, 0x4b, 0x00,
  0x4c, 0x00, 0x4d, 0x00, 0x4e, 0x00, 0x4f, 0x00, 0x50, 0x00, 0x51, 0x00,
  0x52, 0x00, 0x53, 0x00, 0x54, 0x00, 0x55, 0x00, 0x56, 0x00, 0x57, 0x00,
  0x58, 0x00, 0x59, 0x00, 0x5a, 0x00, 0x5b, 0x00, 0x5f, 0x00, 0x60, 0x00,
  0x83, 0x00, 0xaa, 0x00, 0x6a, 0x00, 0xa5, 0x00, 0xa1, 0x00, 0x7d, 0x00,
  0x78, 0x00, 0x7b, 0x00, 0xae, 0x00, 0xab, 0x00, 0xac, 0x00, 0xb0, 0x00,
  0xad, 0x00, 0xaf, 0x00, 0x8a, 0x00, 0xb1, 0x00, 0xb5, 0x00, 0xb2, 0x00,
  0xb3, 0x00, 0xb4, 0x00, 0xb9, 0x00, 0xb6, 0x00, 0xb7, 0x00, 0xb8, 0x00,
  0xba, 0x00, 0xbe, 0x00, 0xbb, 0x00, 0xbc, 0x00, 0xbf, 0x00, 0xbd, 0x00,
  0x8d, 0x00, 0xc4, 0x00, 0xc1, 0x00, 0xc2, 0x00, 0xc3, 0x00, 0xc5, 0x00,
  0x95, 0x00, 0xcb, 0x00, 0xc8, 0x00, 0xc9, 0x00, 0xcd, 0x00, 0xca, 0x00,
  0xcc, 0x00, 0x90, 0x00, 0xce, 0x00, 0xd2, 0x00, 0xcf, 0x00, 0xd0, 0x00,
  0xd1, 0x00, 0xd6, 0x00, 0xd3, 0x00, 0xd4, 0x00, 0xd5, 0x00, 0xd7, 0x00,
  0xdb, 0x00, 0xd8, 0x00, 0xd9, 0x00, 0xdc, 0x00, 0xda, 0x00, 0x9f, 0x00,
  0x93, 0x00, 0xe1, 0x00, 0xde, 0x00, 0xdf, 0x00, 0xe0, 0x00, 0xe2, 0x00,
  0xe3, 0x00, 0x8e, 0x00, 0x94, 0x00, 0x99, 0x00, 0xa4, 0x02, 0x00, 0x01,
  0x00, 0x24, 0x00, 0x27, 0x01, 0x2d, 0x01, 0x5d, 0x04, 0x4e, 0x06, 0xb5,
  0x07, 0x3a, 0x0a, 0x29, 0x0a, 0x40, 0x0b, 0x2c, 0x0c, 0x1c, 0x0e, 0xeb,
  0x10, 0x30, 0x10, 0x4b, 0x10, 0xe4, 0x11, 0x02, 0x11, 0x11, 0x11, 0xed,
  0x12, 0x93, 0x14, 0x41, 0x16, 0xae, 0x18, 0x2d, 0x19, 0xb3, 0x1b, 0x13,
  0x1c, 0x05, 0x1d, 0xbc, 0x1f, 0x19, 0x1f, 0x49, 0x1f, 0x78, 0x20, 0x3d,
  0x20, 0x66, 0x21, 0x2b, 0x23, 0x35, 0x25, 0xcb, 0x25, 0xf2, 0x27, 0xad,
  0x29, 0x18, 0x2a, 0x1b, 0x2a, 0x4a, 0x2b, 0x3f, 0x2c, 0xd5, 0x2d, 0xf4,
  0x2e, 0x0f, 0x2e, 0xd4, 0x30, 0x59, 0x31, 0x07, 0x32, 0x8f, 0x32, 0xbd,
  0x32, 0xfb, 0x34, 0x1c, 0x36, 0x2e, 0x37, 0xc6, 0x39, 0xd3, 0x3a, 0x9f,
  0x3a, 0xce, 0x3b, 0xf9, 0x3d, 0xa2, 0x3f, 0x7f, 0x3f, 0xba, 0x40, 0xd3,
  0x41, 0x86, 0x42, 0x3b, 0x43, 0x06, 0x43, 0x15, 0x43, 0xaf, 0x43, 0xbf,
  0x44, 0x0d, 0x45, 0x16, 0x46, 0x81, 0x47, 0xdd, 0x48, 0x0e, 0x49, 0x60,
  0x4b, 0x25, 0x4c, 0x65, 0x4d, 0x04, 0x4e, 0x47, 0x4f, 0xbb, 0x50, 0x43,
  0x52, 0x44, 0x52, 0x6f, 0x52, 0xac, 0x54, 0x0b, 0x55, 0x6b, 0x56, 0xaf,
  0x58, 0x62, 0x59, 0x8a, 0x59, 0xbb, 0x5a, 0xeb, 0x5c, 0xba, 0x5e, 0x8f,
  0x5e, 0xbb, 0x5f, 0xd4, 0x60, 0x02, 0x60, 0xf9, 0x61, 0x28, 0x62, 0xd0,
  0x64, 0x54, 0x66, 0x33, 0x67, 0x0e, 0x67, 0x1e, 0x68, 0xa2, 0x6a, 0xae,
  0x6a, 0xe5, 0x6b, 0x1c, 0x6b, 0x53, 0x6b, 0xa8, 0x6c, 0x06, 0x6c, 0xbd,
  0x6e, 0x5f, 0x71, 0x04, 0x71, 0x48, 0x71, 0x8c, 0x71, 0xc8, 0x73, 0x1a,
  0x73, 0x45, 0x73, 0x70, 0x73, 0x9b, 0x73, 0xf5, 0x74, 0x4d, 0x74, 0x98,
  0x74, 0xe3, 0x75, 0x2e, 0x75, 0x96, 0x76, 0x0c, 0x76, 0xf2, 0x77, 0x31,
  0x77, 0x70, 0x77, 0xaf, 0x78, 0xec, 0x79, 0x34, 0x7b, 0x0c, 0x7b, 0x69,
  0x7b, 0xc6, 0x7c, 0x23, 0x7c, 0x9c, 0x7d, 0x21, 0x7d, 0xfe, 0x80, 0x59,
  0x83, 0x06, 0x83, 0x44, 0x83, 0x82, 0x83, 0xc0, 0x84, 0x25, 0x84, 0x53,
  0x84, 0x81, 0x84, 0xaf, 0x85, 0x0c, 0x85, 0xf3, 0x86, 0x3d, 0x86, 0x87,
  0x86, 0xd1, 0x87, 0x38, 0x87, 0xad, 0x87, 0xf5, 0x88, 0x32, 0x88, 0x70,
  0x88, 0xae, 0x88, 0xec, 0x89, 0x55, 0x89, 0x8e, 0x89, 0xf2, 0x8b, 0xd8,
  0x8d, 0xd9, 0x90, 0x40, 0xfb, 0x4b, 0x8b, 0xbd, 0xf8, 0x45, 0xbd, 0x01,
  0xbd, 0xbd, 0xf7, 0xc0, 0xbd, 0x03, 0xbd, 0x16, 0xf8, 0x24, 0xf8, 0xa9,
  0xfc, 0x24, 0x06, 0xbd, 0xfc, 0x77, 0x15, 0xf8, 0x45, 0xf7, 0xc0, 0xfc,
  0x45, 0x07, 0x0e, 0xfb, 0x96, 0x0e, 0xfb, 0x91, 0xfb, 0x5c, 0xff, 0x00,
  0xef, 0x28, 0xf6, 0xff, 0x02, 0xf8, 0xd7, 0x0a, 0x77, 0x01, 0xd6, 0xff,
  0x01, 0x18, 0xc3, 0x12, 0x03, 0xff, 0x01, 0x50, 0x3b, 0x00, 0xff, 0x00,
  0x81, 0x01, 0x00, 0x15, 0xff, 0x00, 0x0a, 0xbe, 0x00, 0x8b, 0xff, 0x00,
  0x08, 0xb1, 0x00, 0xff, 0x00, 0x08, 0xb1, 0x00, 0xff, 0x00, 0x00, 0x19,
  0x00, 0xff, 0x00, 0x0a, 0xbe, 0x00, 0x08, 0xff, 0x02, 0x78, 0x08, 0x00,
  0x07, 0xff, 0x00, 0x0a, 0xd7, 0x00, 0xff, 0xff, 0xf7, 0x36, 0x00, 0xff,
  0x00, 0x08, 0xb1, 0x00, 0xff, 0xff, 0xf5, 0x42, 0x00, 0x1e, 0xff, 0xff,
  0x0e, 0x4d, 0x00, 0x06, 0xff, 0xff, 0xf5, 0x29, 0x00, 0xff, 0xff, 0xf7,
  0x4f, 0x00, 0xff, 0xff, 0xf7, 0x4f, 0x00, 0xff, 0xff, 0xf5, 0x29, 0x00,
  0x1f, 0xff, 0xfd, 0x88, 0x11, 0x00, 0x07, 0xff, 0xff, 0xf5, 0x29, 0x00,
  0xff, 0x00, 0x08, 0xca, 0x00, 0xff, 0xff, 0xf7, 0x4f, 0x00, 0xff, 0x00,
  0x0a, 0xbe, 0x00, 0x1e, 0xff, 0x00, 0xf1, 0xb3, 0x00, 0xff, 0xfe, 0xb6,
  0xff, 0x00, 0x15, 0xff, 0x00, 0x0a, 0xbe, 0x00, 0x8b, 0xff, 0x00, 0x08,
  0xb1, 0x00, 0xff, 0x00, 0x08, 0xb1, 0x00, 0xff, 0x00, 0x00, 0x19, 0x00,
  0xff, 0x00, 0x0a, 0xd7, 0x00, 0x08, 0xff, 0x00, 0xc8, 0x19, 0x00, 0x07,
  0xff, 0x00, 0x0a, 0xd7, 0x00, 0xff, 0xff, 0xf7, 0x36, 0x00, 0xff, 0x00,
  0x08, 0xb1, 0x00, 0xff, 0xff, 0xf5, 0x42, 0x00, 0x1e, 0xff, 0xff, 0x0e,
  0x4d, 0x00, 0x06, 0xff, 0xff, 0xf5, 0x29, 0x00, 0xff, 0xff, 0xf7, 0x4f,
  0x00, 0xff, 0xff, 0xf7, 0x36, 0x00, 0xff, 0xff, 0xf5, 0x42, 0x00, 0x1f,
  0xff, 0xff, 0x37, 0xe7, 0x00, 0x07, 0xff, 0xff, 0xf5, 0x29, 0x00, 0xff,
  0x00, 0x08, 0xca, 0x00, 0xff, 0xff, 0xf7, 0x4f, 0x00, 0xff, 0x00, 0x0a,
  0xbe, 0x00, 0x1e, 0x0e, 0x4a, 0xff, 0x01, 0x60, 0x70, 0xe5, 0xff, 0x01,
  0x66, 0x1a, 0xe1, 0x01, 0xd6, 0xff, 0x00, 0xd0, 0xfb, 0xe7, 0xff, 0x00,
  0x33, 0x04, 0x19, 0xff, 0x00, 0xd0, 0xfb, 0xe7, 0x03, 0xff, 0x02, 0x0f,
  0x62, 0x00, 0xff, 0x01, 0x70, 0xd9, 0x00, 0x15, 0x20, 0x0a, 0xfb, 0x98,
  0x16, 0x20, 0x0a, 0x0e, 0xf8, 0xa0, 0xfb, 0x47, 0x76, 0xff, 0x00, 0xdc,
  0x99, 0x71, 0xff, 0x00, 0xeb, 0x69, 0x8f, 0xff, 0x00, 0x7c, 0x96, 0xca,
  0xff, 0x00, 0xeb, 0x69, 0x36, 0xff, 0x00, 0xc6, 0xee, 0x00, 0x77, 0x01,
  0xff, 0x01, 0x91, 0xc0, 0x00, 0xfb, 0x5c, 0x15, 0xff, 0x00, 0x0a, 0xbe,
  0x00, 0x8b, 0xff, 0x00, 0x0a, 0x39, 0x40, 0xff, 0x00, 0x08, 0xb1, 0x00,
  0xff, 0x00, 0x02, 0x02, 0x40, 0xff, 0x00, 0x0a, 0xd7, 0x00, 0x08, 0xff,
  0x00, 0x23, 0x74, 0x2e, 0xff, 0x00, 0xc9, 0x11, 0x71, 0xff, 0x00, 0xbd,
  0x3d, 0xdc, 0xff, 0x00, 0x00, 0x04, 0xe2, 0xff, 0xff, 0xdc, 0x8a, 0xf6,
  0xff, 0xff, 0x36, 0xe9, 0xad, 0x05, 0xff, 0xff, 0xfe, 0x16, 0xc0, 0xff,
  0xff, 0xf5, 0x29, 0x00, 0xff, 0x00, 0x07, 0x41, 0xc0, 0xff, 0xff, 0xf7,
  0x4f, 0x00, 0xff, 0x00, 0x0a, 0xbe, 0x00, 0x8b, 0x08, 0xff, 0x00, 0xf1,
  0xb3, 0x00, 0x06, 0xff, 0x00, 0x0a, 0xbe, 0x00, 0x8b, 0xff, 0x00, 0x0a,
  0x39, 0x40, 0xff, 0x00, 0x08, 0xb1, 0x00, 0xff, 0x00, 0x02, 0x02, 0x40,
  0xff, 0x00, 0x0a, 0xd7, 0x00, 0x08, 0xff, 0x00, 0x23, 0x76, 0x51, 0xff,
  0x00, 0xc9, 0x1d, 0x92, 0xff, 0x00, 0x84, 0xff, 0x2f, 0xff, 0x00, 0x00,
  0x03, 0x6e, 0x05, 0xff, 0x00, 0x0a, 0xd1, 0x00, 0xff, 0x00, 0x00, 0x57,
  0x00, 0xff, 0x00, 0x08, 0x6c, 0x00, 0xff, 0x00, 0x08, 0x41, 0x00, 0x8b,
  0xff, 0x00, 0x0a, 0xa5, 0x00, 0x08, 0xff, 0x00, 0xc4, 0xe0, 0x00, 0x07,
  0x8b, 0xff, 0x00, 0x0a, 0xa5, 0x00, 0xff, 0xff, 0xfd, 0x92, 0x80, 0xff,
  0x00, 0x08, 0x95, 0x00, 0xff, 0xff, 0xf5, 0x2f, 0x00, 0xff, 0x00, 0x00,
  0x03, 0x00, 0x08, 0xff, 0xff, 0x9e, 0x82, 0xa7, 0x8b, 0xff, 0x00, 0x15,
  0xfa, 0x11, 0xff, 0x00, 0x7c, 0xa2, 0xeb, 0xff, 0x00, 0x77, 0x84, 0xc9,
  0xff, 0x00, 0x00, 0x03, 0x15, 0x05, 0xff, 0x00, 0x0a, 0xd1, 0x00, 0xff,
  0x00, 0x00, 0x57, 0x00, 0xff, 0x00, 0x08, 0x6c, 0x00, 0xff, 0x00, 0x08,
  0x41, 0x00, 0x8b, 0xff, 0x00, 0x0a, 0xa5, 0x00, 0x08, 0xff, 0x00, 0xc4,
  0xe0, 0x00, 0x07, 0x8b, 0xff, 0x00, 0x0a, 0xa5, 0x00, 0xff, 0xff, 0xf7,
  0x94, 0x00, 0xff, 0x00, 0x08, 0x95, 0x00, 0xff, 0xff, 0xf5, 0x2f, 0x00,
  0xff, 0x00, 0x00, 0x03, 0x00, 0x08, 0xff, 0xff, 0xb1, 0xfb, 0x7d, 0x8b,
  0xff, 0x00, 0x1f, 0xa2, 0x03, 0xff, 0x00, 0xb3, 0x66, 0x00, 0x05, 0xff,
  0x00, 0x01, 0xe9, 0x40, 0xff, 0x00, 0x0a, 0xd7, 0x00, 0xff, 0xff, 0xf8,
  0xbe, 0x40, 0xff, 0x00, 0x08, 0xb1, 0x00, 0xff, 0xff, 0xf5, 0x42, 0x00,
  0x8b, 0x08, 0xff, 0xff, 0x0e, 0x4d, 0x00, 0x06, 0xff, 0xff, 0xf5, 0x29,
  0x00, 0x8b, 0xff, 0xff, 0xf5, 0xc2, 0x40, 0xff, 0xff, 0xf7, 0x36, 0x00,
  0xff, 0xff, 0xfe, 0x1b, 0x40, 0xff, 0xff, 0xf5, 0x42, 0x00, 0x08, 0xff,
  0xff, 0xe0, 0x5d, 0xfd, 0xff, 0xff, 0x4c, 0x9a, 0x00, 0xff, 0xff, 0x42,
  0xc3, 0x00, 0x8b, 0xff, 0x00, 0x1f, 0xa2, 0x03, 0xff, 0x00, 0xb3, 0x66,
  0x00, 0x05, 0xff, 0x00, 0x01, 0xe9, 0x40, 0xff, 0x00, 0x0a, 0xd7, 0x00,
  0xff, 0xff, 0xf8, 0xbe, 0x40, 0xff, 0x00, 0x08, 0xb1, 0x00, 0xff, 0xff,
  0xf5, 0x42, 0x00, 0x8b, 0x08, 0xff, 0xff, 0x0e, 0x4d, 0x00, 0x06, 0xff,
  0xff, 0xf5, 0x29, 0x00, 0x8b, 0xff, 0xff, 0xf5, 0xc2, 0x40, 0xff, 0xff,
  0xf7, 0x36, 0x00, 0xff, 0xff, 0xfe, 0x1b, 0x40, 0xff, 0xff, 0xf5, 0x42,
  0x00, 0x08, 0xff, 0xff, 0xe0, 0x5d, 0xfd, 0xff, 0xff, 0x4c, 0x9a, 0x00,
  0xff, 0xff, 0x73, 0xd5, 0x83, 0x8b, 0x05, 0xff, 0xff, 0xf5, 0xc3, 0x00,
  0xff, 0xff, 0xff, 0xfd, 0x00, 0x82, 0xff, 0xff, 0xf7, 0x6b, 0x00, 0x8b,
  0xff, 0xff, 0xf5, 0x5b, 0x00, 0x08, 0xff, 0xff, 0x3b, 0x07, 0x00, 0x07,
  0x8b, 0xff, 0xff, 0xf5, 0x5b, 0x00, 0x94, 0xff, 0xff, 0xf7, 0xd8, 0x00,
  0xff, 0x00, 0x0a, 0x3d, 0x00, 0xff, 0xff, 0xff, 0x90, 0x00, 0xff, 0x00,
  0x20, 0xe2, 0x44, 0x8b, 0xff, 0x00, 0x20, 0xe2, 0x44, 0xff, 0x00, 0x00,
  0x02, 0x8c, 0xff, 0x00, 0x20, 0xe2, 0x45, 0x8b, 0x08, 0xff, 0xff, 0xea,
  0x09, 0x5a, 0xff, 0xff, 0x83, 0x70, 0x74, 0xff, 0xff, 0x87, 0x4e, 0x59,
  0x8b, 0x05, 0xff, 0xff, 0xf5, 0xc3, 0x00, 0xff, 0xff, 0xff, 0xfd, 0x00,
  0xff, 0xff, 0xf1, 0x01, 0x80, 0xff, 0xff, 0xf7, 0x6b, 0x00, 0x8b, 0xff,
  0xff, 0xf5, 0x5b, 0x00, 0x08, 0xff, 0xff, 0x3b, 0x07, 0x00, 0x07, 0x8b,
  0xff, 0xff, 0xf5, 0x5b, 0x00, 0x94, 0xff, 0xff, 0xf7, 0xd8, 0x00, 0xff,
  0x00, 0x0a, 0x3d, 0x00, 0xff, 0xff, 0xff, 0x90, 0x00, 0xff, 0x00, 0x1c,
  0x64, 0x22, 0x8b, 0xff, 0x00, 0x1c, 0x64, 0x23, 0xff, 0x00, 0x00, 0x02,
  0x33, 0xff, 0x00, 0x1c, 0x64, 0x22, 0x8b, 0x08, 0xff, 0xff, 0xdc, 0x8d,
  0x19, 0xff, 0xff, 0x36, 0xf5, 0xcd, 0x05, 0xff, 0xff, 0xfe, 0x16, 0xc0,
  0xff, 0xff, 0xf5, 0x29, 0x00, 0xff, 0x00, 0x07, 0x41, 0xc0, 0xff, 0xff,
  0xf7, 0x4f, 0x00, 0xff, 0x00, 0x0a, 0xbe, 0x00, 0x8b, 0x08, 0xff, 0x02,
  0x12, 0xe0, 0x27, 0xff, 0x01, 0xc8, 0x03, 0x00, 0x15, 0xff, 0xff, 0x42,
  0xc3, 0x00, 0x8b, 0xff, 0x00, 0x15, 0xf7, 0xed, 0xff, 0x00, 0x7c, 0x96,
  0xca, 0xff, 0x00, 0xbd, 0x3d, 0xdc, 0xff, 0x00, 0x00, 0x04, 0xe2, 0x05,
  0x0e, 0x92, 0xff, 0x00, 0xbd, 0xf0, 0xe5, 0xff, 0x01, 0x18, 0x78, 0x10,
  0x03, 0xff, 0x02, 0x94, 0x73, 0x00, 0xff, 0x00, 0x39, 0x9e, 0x00, 0x15,
  0x8b, 0xff, 0x00, 0xbd, 0xd8, 0x00, 0xff, 0xff, 0x7a, 0xe5, 0x00, 0xff,
  0x00, 0x6b, 0x21, 0x00, 0xff, 0xff, 0x89, 0x8b, 0x00, 0xff, 0x00, 0x1d,
  0x4c, 0x00, 0xff, 0xff, 0x89, 0x8b, 0x00, 0xff, 0x00, 0x1d, 0x33, 0x00,
  0xff, 0xff, 0xf4, 0x93, 0x00, 0xff, 0x00, 0x42, 0x9a, 0x00, 0x8b, 0xff,
  0x00, 0x11, 0xc6, 0x00, 0x8b, 0xff, 0x00, 0x11, 0xdf, 0x00, 0xff, 0x00,
  0x0c, 0xfd, 0x00, 0xff, 0x00, 0x3f, 0x48, 0x00, 0xff, 0x00, 0x63, 0x06,
  0x00, 0xff, 0xff, 0xfe, 0x57, 0x00, 0xff, 0x00, 0x47, 0xf9, 0x00, 0xff,
  0xff, 0xfe, 0xd4, 0x00, 0xd6, 0xff, 0xff, 0xf1, 0xf0, 0x00, 0xff, 0x00,
  0x23, 0xa5, 0x00, 0xff, 0xff, 0xf8, 0x62, 0x00, 0xff, 0x00, 0x0b, 0x54,
  0x00, 0xff, 0xff, 0xfd, 0x8f, 0x00, 0xff, 0x00, 0x0a, 0xd7, 0x00, 0xff,
  0x00, 0x08, 0x1b, 0x00, 0xff, 0x00, 0x01, 0x2c, 0x00, 0xff, 0x00, 0x0b,
  0x86, 0x00, 0x08, 0xff, 0x00, 0x12, 0xc0, 0x00, 0xff, 0x00, 0xc2, 0x88,
  0x00, 0x05, 0xff, 0x00, 0x01, 0x13, 0x00, 0xff, 0x00, 0x0a, 0xa5, 0x00,
  0xff, 0xff, 0xf8, 0x49, 0x00, 0xff, 0x00, 0x09, 0x79, 0x00, 0xff, 0xff,
  0xf5, 0x74, 0x00, 0xff, 0x00, 0x01, 0x13, 0x00, 0xff, 0xff, 0xe6, 0x83,
  0x00, 0xff, 0x00, 0x02, 0xbc, 0x00, 0xff, 0xff, 0xcf, 0xc2, 0x00, 0xff,
  0x00, 0x04, 0x97, 0x00, 0xff, 0xff, 0xc9, 0xcd, 0x00, 0xff, 0x00, 0x02,
  0xee, 0x00, 0x08, 0xff, 0x00, 0xa2, 0xfd, 0x00, 0x07, 0xff, 0x00, 0x0a,
  0xbe, 0x00, 0xff, 0xff, 0xf7, 0x4f, 0x00, 0xff, 0x00, 0x08, 0xb1, 0x00,
  0xff, 0xff, 0xf5, 0x42, 0x00, 0x1e, 0xff, 0xff, 0x0e, 0x34, 0x00, 0x06,
  0xff, 0xff, 0xf5, 0x42, 0x00, 0xff, 0xff, 0xf7, 0x4f, 0x00, 0xff, 0xff,
  0xf7, 0x4f, 0x00, 0xff, 0xff, 0xf5, 0x42, 0x00, 0x1f, 0xff, 0xff, 0x43,
  0x9f, 0x00, 0x07, 0xff, 0xff, 0x88, 0x14, 0x00, 0xff, 0xff, 0xd6, 0xb1,
  0x00, 0xff, 0xff, 0xb9, 0xfb, 0x00, 0xff, 0xff, 0xa9, 0x2f, 0x00, 0x8b,
  0xff, 0xff, 0x7d, 0x3d, 0x00, 0x8b, 0xff, 0xff, 0x42, 0x28, 0x00, 0xff,
  0x00, 0x85, 0x1b, 0x00, 0xff, 0xff, 0x94, 0xdf, 0x00, 0xff, 0x00, 0x76,
  0x75, 0x00, 0xff, 0xff, 0xe2, 0xcd, 0x00, 0xff, 0x00, 0x76, 0x75, 0x00,
  0xff, 0xff, 0xe2, 0xcd, 0x00, 0xff, 0x00, 0x0b, 0x6d, 0x00, 0xff, 0xff,
  0xbd, 0x66, 0x00, 0x8b, 0xff, 0xff, 0xee, 0x3a, 0x00, 0x8b, 0xff, 0xff,
  0xee, 0x21, 0x00, 0xff, 0xff, 0xf3, 0x03, 0x00, 0xff, 0xff, 0xc0, 0xb8,
  0x00, 0xff, 0xff, 0x9c, 0xfa, 0x00, 0xff, 0x00, 0x01, 0xa9, 0x00, 0xff,
  0xff, 0xb8, 0xe8, 0x00, 0xff, 0x00, 0x01, 0x2c, 0x00, 0xff, 0xff, 0xb8,
  0xe8, 0x00, 0xff, 0x00, 0x0d, 0xac, 0x00, 0xff, 0xff, 0xdd, 0x87, 0x00,
  0xff, 0x00, 0x07, 0xb7, 0x00, 0xff, 0xff, 0xf4, 0x93, 0x00, 0xff, 0x00,
  0x02, 0x8a, 0x00, 0xff, 0xff, 0xf5, 0x10, 0x00, 0xff, 0xff, 0xf7, 0xfe,
  0x00, 0xff, 0xff, 0xfe, 0xd4, 0x00, 0xff, 0xff, 0xf4, 0x48, 0x00, 0x08,
  0xff, 0xff, 0xed, 0x40, 0x00, 0xff, 0xff, 0x3d, 0x46, 0x00, 0x05, 0xff,
  0xff, 0xff, 0x06, 0x00, 0xff, 0xff, 0xf5, 0x74, 0x00, 0xff, 0x00, 0x07,
  0x6c, 0x00, 0xff, 0xff, 0xf6, 0xa0, 0x00, 0xff, 0x00, 0x0a, 0x73, 0x00,
  0xff, 0xff, 0xfe, 0xbb, 0x00, 0xff, 0x00, 0x17, 0x0c, 0x00, 0xff, 0xff,
  0xfd, 0x12, 0x00, 0xff, 0x00, 0x2b, 0x43, 0x00, 0xff, 0xff, 0xfb, 0x69,
  0x00, 0xff, 0x00, 0x38, 0x40, 0x00, 0xff, 0xff, 0xfd, 0x44, 0x00, 0x08,
  0xff, 0xff, 0x5d, 0x67, 0x00, 0x07, 0xff, 0xff, 0xf5, 0x42, 0x00, 0xff,
  0x00, 0x08, 0xb1, 0x00, 0xff, 0xff, 0xf7, 0x4f, 0x00, 0xff, 0x00, 0x0a,
  0xbe, 0x00, 0x1e, 0xff, 0x00, 0xf1, 0x9a, 0x00, 0x06, 0xff, 0x00, 0x0a,
  0xbe, 0x00, 0xff, 0x00, 0x08, 0xb1, 0x00, 0xff, 0x00, 0x08, 0xb1, 0x00,
  0xff, 0x00, 0x0a, 0xbe, 0x00, 0x1f, 0xff, 0x00, 0xb7, 0x1b, 0x00, 0x07,
  0xff, 0x00, 0x85, 0xb1, 0x00, 0xff, 0x00, 0x26, 0xc5, 0x00, 0xff, 0x00,
  0x38, 0x59, 0x00, 0xff, 0x00, 0x58, 0x93, 0x00, 0x8b, 0xff, 0x00, 0x88,
  0xd1, 0x00, 0x08, 0x0e, 0xf7, 0xd0, 0xff, 0xfe, 0xd5, 0xc3, 0x40, 0xff,
  0x00, 0x8c, 0xf7, 0x80, 0xff, 0x00, 0xf0, 0x3c, 0x00, 0xff, 0x00, 0x8c,
  0xeb, 0x00, 0xff, 0x00, 0x75, 0xe1, 0x80, 0xff, 0x00, 0x8c, 0xf7, 0x80,
  0xff, 0x00, 0xf0, 0x3c, 0x00, 0xff, 0x00, 0x8c, 0xeb, 0x00, 0x01, 0xd6,
  0xff, 0x00, 0x8e, 0xdf, 0x00, 0xff, 0x00, 0x7c, 0x38, 0x00, 0xff, 0x00,
  0x8e, 0xdf, 0x00, 0xff, 0x00, 0x1e, 0x0a, 0x00, 0xff, 0x00, 0x8e, 0xdf,
  0x00, 0xff, 0x00, 0x7c, 0x38, 0x00, 0xff, 0x00, 0x8e, 0xdf, 0x00, 0x03,
  0xff, 0x02, 0xcf, 0xfb, 0x00, 0xff, 0x00, 0xdf, 0xe1, 0xc0, 0x15, 0x21,
  0x0a, 0xff, 0xfe, 0x82, 0xd9, 0x00, 0x04, 0x22, 0x0a, 0xfc, 0x4c, 0xff,
  0x03, 0xfd, 0x27, 0x00, 0x15, 0x21, 0x0a, 0xff, 0xfe, 0x82, 0xd9, 0x00,
  0x04, 0x22, 0x0a, 0xff, 0x00, 0x25, 0x9d, 0x40, 0xff, 0xfd, 0x48, 0x61,
  0x40, 0x15, 0x23, 0x0a, 0x0e, 0xf9, 0x10, 0xff, 0xff, 0x1a, 0xb4, 0x00,
  0xff, 0x00, 0xe6, 0xc3, 0x00, 0xff, 0xff, 0x26, 0xd0, 0x00, 0xff, 0x00,
  0xf5, 0x1e, 0x00, 0xff, 0x02, 0x0e, 0xdb, 0x00, 0xff, 0x00, 0xf5, 0x1e,
  0x00, 0xff, 0xff, 0x26, 0xd0, 0x00, 0xff, 0x00, 0xe6, 0xc3, 0x00, 0x12,
  0xd6, 0xff, 0x01, 0x1b, 0x02, 0x00, 0xff, 0xff, 0x11, 0x86, 0x00, 0xff,
  0x01, 0x22, 0x87, 0x00, 0x13, 0x88, 0xff, 0x03, 0x2e, 0xf0, 0x80, 0xff,
  0x00, 0xac, 0x3a, 0x00, 0x15, 0xff, 0xfe, 0xcf, 0xff, 0x80, 0xff, 0x00,
  0x01, 0x4f, 0x00, 0x05, 0xff, 0xff, 0xd9, 0x13, 0x80, 0xff, 0x00, 0x00,
  0x77, 0x00, 0xff, 0xff, 0x8d, 0xfe, 0x80, 0xff, 0xff, 0xf5, 0x7a, 0x00,
  0x8b, 0xff, 0xff, 0xb0, 0xcd, 0x00, 0x8b, 0xff, 0xff, 0xaf, 0x0b, 0x00,
  0xff, 0x00, 0x8a, 0x93, 0x00, 0xff, 0xff, 0xfd, 0xda, 0x00, 0xff, 0x00,
  0x0c, 0x67, 0x00, 0xff, 0x00, 0x00, 0x4b, 0x00, 0x08, 0x13, 0x48, 0xff,
  0x00, 0x31, 0xe7, 0x00, 0xff, 0x00, 0x01, 0x77, 0x00, 0xff, 0x00, 0x86,
  0xab, 0x00, 0xff, 0x00, 0x13, 0x0b, 0x00, 0xff, 0x00, 0x32, 0xe1, 0x00,
  0xff, 0x00, 0x07, 0x6c, 0x00, 0xff, 0x00, 0x0a, 0xf0, 0x00, 0xff, 0x00,
  0x01, 0x90, 0x00, 0xff, 0x00, 0x09, 0xf6, 0x00, 0xff, 0xff, 0xf8, 0x30,
  0x00, 0xff, 0x00, 0x01, 0x2c, 0x00, 0xff, 0xff, 0xf5, 0x10, 0x00, 0x08,
  0xff, 0x00, 0x16, 0x76, 0x00, 0xff, 0xff, 0x31, 0x8e, 0x00, 0x05, 0xff,
  0x00, 0x01, 0x2c, 0x00, 0xff, 0xff, 0xf4, 0xf7, 0x00, 0xff, 0xff, 0xf7,
  0xe5, 0x00, 0xff, 0xff, 0xf6, 0x3c, 0x00, 0xff, 0xff, 0xf4, 0xf7, 0x00,
  0xff, 0xff, 0xff, 0x51, 0x00, 0x08, 0x13, 0x98, 0xff, 0xff, 0xc9, 0x9b,
  0x00, 0xff, 0xff, 0xfc, 0x31, 0x00, 0xff, 0xff, 0x68, 0xed, 0x00, 0xff,
  0xff, 0xf6, 0x3c, 0x00, 0xff, 0xff, 0xab, 0x3c, 0x00, 0x8b, 0x08, 0xff,
  0xff, 0x83, 0xe1, 0x00, 0xff, 0xfe, 0xe6, 0x5c, 0x00, 0xff, 0x00, 0x24,
  0xd1, 0x00, 0xff, 0x01, 0x27, 0x69, 0x00, 0xff, 0x00, 0xab, 0x31, 0x00,
  0xff, 0x00, 0x62, 0x57, 0x00, 0xff, 0x00, 0x39, 0x6c, 0x00, 0x8b, 0x1f,
  0x13, 0x14, 0x8b, 0xff, 0xff, 0xca, 0x31, 0x00, 0xff, 0x00, 0x33, 0xc2,
  0x00, 0xff, 0x00, 0x7f, 0xd5, 0x00, 0x1f, 0xff, 0x00, 0x00, 0x19, 0x00,
  0xff, 0x01, 0x0d, 0x56, 0x00, 0xff, 0x00, 0xec, 0xea, 0x00, 0xff, 0x00,
  0x22, 0x79, 0x00, 0xff, 0x00, 0x7c, 0x38, 0x00, 0x8b, 0x08, 0x13, 0x24,
  0xff, 0x00, 0x54, 0xc4, 0x00, 0x8b, 0xff, 0x00, 0x97, 0x13, 0x00, 0xff,
  0xff, 0xf6, 0x3c, 0x00, 0xff, 0x00, 0x36, 0x65, 0x00, 0xff, 0xff, 0xfc,
  0x31, 0x00, 0xff, 0x00, 0x0b, 0x09, 0x00, 0xff, 0xff, 0xff, 0x51, 0x00,
  0xff, 0x00, 0x08, 0x34, 0x00, 0xff, 0xff, 0xf6, 0x3c, 0x00, 0xff, 0xff,
  0xfe, 0xd4, 0x00, 0xff, 0xff, 0xf4, 0xf7, 0x00, 0x08, 0xff, 0xff, 0xe9,
  0x8a, 0x00, 0xff, 0xff, 0x31, 0x8e, 0x00, 0x05, 0xff, 0xff, 0xfe, 0xd4,
  0x00, 0xff, 0xff, 0xf5, 0x10, 0x00, 0xff, 0xff, 0xf6, 0x0a, 0x00, 0xff,
  0xff, 0xf8, 0x30, 0x00, 0xff, 0xff, 0xf5, 0x10, 0x00, 0xff, 0x00, 0x01,
  0x90, 0x00, 0x08, 0x13, 0x94, 0xff, 0xff, 0xcd, 0x1f, 0x00, 0xff, 0x00,
  0x07, 0x6c, 0x00, 0xff, 0xff, 0x79, 0x55, 0x00, 0xff, 0x00, 0x13, 0x0b,
  0x00, 0xff, 0xff, 0xce, 0x19, 0x00, 0xff, 0x00, 0x01, 0x77, 0x00, 0xff,
  0xff, 0xf3, 0xb2, 0x00, 0xff, 0x00, 0x00, 0x4b, 0x00, 0xff, 0xff, 0xa9,
  0x48, 0x00, 0xff, 0xff, 0xfd, 0xda, 0x00, 0x8b, 0xff, 0xff, 0xaf, 0x0b,
  0x00, 0x8b, 0xff, 0xff, 0xb3, 0x57, 0x00, 0xff, 0x00, 0x51, 0x27, 0x00,
  0xff, 0xff, 0xf3, 0x80, 0x00, 0xff, 0x00, 0x20, 0x53, 0x00, 0x8b, 0xff,
  0x00, 0x00, 0x96, 0x00, 0x8b, 0xff, 0x00, 0x00, 0xe4, 0x80, 0xff, 0xff,
  0xff, 0xcb, 0x00, 0xff, 0x00, 0x00, 0x47, 0x80, 0xff, 0x00, 0x00, 0x1c,
  0x00, 0x08, 0xff, 0x01, 0x21, 0xa5, 0x80, 0xff, 0xff, 0xfe, 0x7f, 0x00,
  0x8b, 0xff, 0x00, 0xae, 0x38, 0x00, 0x05, 0xff, 0x00, 0x0a, 0xbe, 0x00,
  0xff, 0x00, 0x08, 0xb1, 0x00, 0xff, 0x00, 0x08, 0xb1, 0x00, 0xff, 0x00,
  0x0a, 0xbe, 0x00, 0x1e, 0xff, 0x00, 0xf1, 0x68, 0x00, 0x06, 0xff, 0x00,
  0x0a, 0xbe, 0x00, 0xff, 0x00, 0x08, 0xb1, 0x00, 0xff, 0xff, 0xf7, 0x4f,
  0x00, 0xff, 0xff, 0xf5, 0x42, 0x00, 0x1f, 0xff, 0xff, 0x51, 0xaf, 0x00,
  0xff, 0x00, 0x81, 0x7e, 0x00, 0x07, 0xff, 0x00, 0x0a, 0xbe, 0x00, 0x8b,
  0xff, 0x00, 0x08, 0xb1, 0x00, 0xff, 0xff, 0xf7, 0x4f, 0x00, 0xff, 0xff,
  0xff, 0xe7, 0x00, 0xff, 0xff, 0xf5, 0x42, 0x00, 0x08, 0xff, 0xff, 0x38,
  0x7d, 0x00, 0x07, 0xff, 0xff, 0xf5, 0x42, 0x00, 0xff, 0xff, 0xf7, 0x4f,
  0x00, 0xff, 0xff, 0xf7, 0x4f, 0x00, 0xff, 0xff, 0xf5, 0x42, 0x00, 0x1e,
  0xff, 0xff, 0x7e, 0x82, 0x00, 0xff, 0xfe, 0x9f, 0x67, 0x00, 0x06, 0xff,
  0xff, 0xf5, 0x42, 0x00, 0xff, 0xff, 0xf7, 0x4f, 0x00, 0xff, 0xff, 0xf7,
  0x4f, 0x00, 0xff, 0xff, 0xf5, 0x42, 0x00, 0x1e, 0xff, 0xff, 0x0e, 0xb1,
  0x00, 0x06, 0xff, 0xff, 0xf5, 0x42, 0x00, 0xff, 0xff, 0xf7, 0x4f, 0x00,
  0xff, 0x00, 0x08, 0xb1, 0x00, 0xff, 0x00, 0x0a, 0xbe, 0x00, 0x1f, 0x0e,
  0xfb, 0xd9, 0xd6, 0xff, 0x00, 0xd0, 0xfb, 0xe7, 0x03, 0xff, 0x01, 0x0b,
  0x62, 0x00, 0xff, 0x01, 0x70, 0xd9, 0x00, 0x15, 0x20, 0x0a, 0x0e, 0x3a,
  0xd6, 0xff, 0x01, 0x18, 0xaa, 0x00, 0x03, 0xff, 0x01, 0x19, 0xbd, 0x00,
  0xff, 0xfe, 0x75, 0x2d, 0x00, 0x15, 0xff, 0xff, 0xf8, 0x17, 0x00, 0x8b,
  0xff, 0xff, 0xf8, 0x62, 0x00, 0xff, 0x00, 0x03, 0x20, 0x00, 0xff, 0xff,
  0xfa, 0x88, 0x00, 0xff, 0x00, 0x05, 0xc3, 0x00, 0xff, 0xff, 0xd9, 0x86,
  0x00, 0xff, 0x00, 0x28, 0x6e, 0x00, 0xff, 0xff, 0x6c, 0xbc, 0x00, 0xff,
  0x00, 0xb8, 0xf6, 0x00, 0x8b, 0xff, 0x01, 0xcc, 0x8c, 0x00, 0x8b, 0xff,
  0x01, 0xcc, 0x8c, 0x00, 0xff, 0x00, 0x93, 0x44, 0x00, 0xff, 0x00, 0xb8,
  0xf6, 0x00, 0xff, 0x00, 0x26, 0x7a, 0x00, 0xff, 0x00, 0x28, 0x6e, 0x00,
  0xff, 0x00, 0x05, 0x78, 0x00, 0xff, 0x00, 0x05, 0xc3, 0x00, 0xff, 0x00,
  0x07, 0x85, 0x00, 0xff, 0x00, 0x03, 0x20, 0x00, 0xff, 0x00, 0x08, 0x02,
  0x00, 0x8b, 0x08, 0xff, 0x00, 0xe2, 0x90, 0x00, 0x06, 0xff, 0x00, 0x10,
  0x04, 0x00, 0x8b, 0xff, 0x00, 0x09, 0x47, 0x00, 0xff, 0xff, 0xed, 0xbd,
  0x00, 0xff, 0xff, 0xf6, 0x55, 0x00, 0xff, 0xff, 0xf3, 0x35, 0x00, 0xff,
  0xff, 0xca, 0x95, 0x00, 0xff, 0xff, 0xb9, 0x65, 0x00, 0xff, 0xff, 0x8d,
  0x28, 0x00, 0xff, 0xff, 0x3a, 0x26, 0x00, 0x8b, 0xff, 0xfe, 0x74, 0xb0,
  0x00, 0x8b, 0xff, 0xfe, 0x74, 0xb0, 0x00, 0xff, 0x00, 0x72, 0xd8, 0x00,
  0xff, 0xff, 0x3a, 0x26, 0x00, 0xff, 0x00, 0x35, 0x52, 0x00, 0xff, 0xff,
  0xb9, 0x65, 0x00, 0xff, 0x00, 0x09, 0xab, 0x00, 0xff, 0xff, 0xf3, 0x35,
  0x00, 0xff, 0xff, 0xf6, 0xb9, 0x00, 0xff, 0xff, 0xed, 0xbd, 0x00, 0xff,
  0xff, 0xef, 0xfc, 0x00, 0x8b, 0x08, 0x0e, 0x3a, 0xff, 0x00, 0xf7, 0x32,
  0x00, 0xff, 0x01, 0x18, 0xaa, 0x00, 0x03, 0xff, 0x01, 0x41, 0x1f, 0x00,
  0xff, 0xfe, 0x75, 0x2d, 0x00, 0x15, 0xff, 0x00, 0x07, 0xe9, 0x00, 0x8b,
  0xff, 0x00, 0x07, 0x9e, 0x00, 0xff, 0x00, 0x03, 0x20, 0x00, 0xff, 0x00,
  0x05, 0x78, 0x00, 0xff, 0x00, 0x05, 0xc3, 0x00, 0xff, 0x00, 0x26, 0x7a,
  0x00, 0xff, 0x00, 0x28, 0x6e, 0x00, 0xff, 0x00, 0x93, 0x44, 0x00, 0xff,
  0x00, 0xb8, 0xf6, 0x00, 0x8b, 0xff, 0x01, 0xcc, 0x8c, 0x00, 0x8b, 0xff,
  0x01, 0xcc, 0x8c, 0x00, 0xff, 0xff, 0x6c, 0xbc, 0x00, 0xff, 0x00, 0xb8,
  0xf6, 0x00, 0xff, 0xff, 0xd9, 0x86, 0x00, 0xff, 0x00, 0x28, 0x6e, 0x00,
  0xff, 0xff, 0xfa, 0x88, 0x00, 0xff, 0x00, 0x05, 0xc3, 0x00, 0xff, 0xff,
  0xf8, 0x7b, 0x00, 0xff, 0x00, 0x03, 0x20, 0x00, 0xff, 0xff, 0xf7, 0xfe,
  0x00, 0x8b, 0x08, 0xff, 0xff, 0x1d, 0x70, 0x00, 0x06, 0xff, 0xff, 0xef,
  0xfc, 0x00, 0x8b, 0xff, 0xff, 0xf6, 0xb9, 0x00, 0xff, 0xff, 0xed, 0xbd,
  0x00, 0xff, 0x00, 0x09, 0xab, 0x00, 0xff, 0xff, 0xf3, 0x35, 0x00, 0xff,
  0x00, 0x35, 0x6b, 0x00, 0xff, 0xff, 0xb9, 0x65, 0x00, 0xff, 0x00, 0x72,
  0xd8, 0x00, 0xff, 0xff, 0x3a, 0x26, 0x00, 0x8b, 0xff, 0xfe, 0x74, 0xb0,
  0x00, 0x8b, 0xff, 0xfe, 0x74, 0xb0, 0x00, 0xff, 0xff, 0x8d, 0x28, 0x00,
  0xff, 0xff, 0x3a, 0x26, 0x00, 0xff, 0xff, 0xca, 0xae, 0x00, 0xff, 0xff,
  0xb9, 0x65, 0x00, 0xff, 0xff, 0xf6, 0x55, 0x00, 0xff, 0xff, 0xf3, 0x35,
  0x00, 0xff, 0x00, 0x09, 0x47, 0x00, 0xff, 0xff, 0xed, 0xbd, 0x00, 0xff,
  0x00, 0x10, 0x04, 0x00, 0x8b, 0x08, 0x0e, 0x2c, 0xff, 0x01, 0xdf, 0x77,
  0xc0, 0xff, 0x00, 0x75, 0xae, 0x80, 0x01, 0xff, 0x00, 0xeb, 0x7e, 0x40,
  0xff, 0x00, 0x75, 0xae, 0x80, 0x03, 0xff, 0x00, 0x54, 0x9e, 0x80, 0xff,
  0x01, 0xdf, 0x6c, 0xc0, 0x15, 0xff, 0x00, 0x43, 0xa3, 0x00, 0xff, 0x00,
  0x00, 0x01, 0x80, 0xff, 0xff, 0xd0, 0x2c, 0x00, 0xff, 0xff, 0xd0, 0x2c,
  0x40, 0x05, 0xff, 0xff, 0xfc, 0x62, 0x80, 0xff, 0xff, 0xfc, 0x60, 0x00,
  0xff, 0xff, 0xff, 0xda, 0x00, 0xff, 0xff, 0xf9, 0xc9, 0x00, 0xff, 0x00,
  0x03, 0xc3, 0x80, 0xff, 0xff, 0xfc, 0x3c, 0x80, 0x08, 0xff, 0x00, 0x45,
  0xa4, 0x00, 0xff, 0xff, 0xba, 0x5c, 0x00, 0x05, 0xff, 0x00, 0x03, 0xc3,
  0x80, 0xff, 0xff, 0xfc, 0x3c, 0x80, 0xff, 0x00, 0x06, 0x10, 0x80, 0xff,
  0x00, 0x00, 0x4c, 0x80, 0xff, 0x00, 0x03, 0xc6, 0x80, 0xff, 0x00, 0x03,
  0x77, 0x00, 0x08, 0xff, 0x00, 0x2f, 0xd2, 0x40, 0xff, 0x00, 0x2f, 0xd4,
  0x80, 0x8b, 0xff, 0xff, 0xbc, 0x5c, 0x80, 0x05, 0xff, 0x00, 0x00, 0x01,
  0x80, 0xff, 0xff, 0xfa, 0xe1, 0x80, 0xff, 0x00, 0x04, 0x4a, 0x80, 0xff,
  0xff, 0xfb, 0x80, 0x00, 0xff, 0x00, 0x05, 0x52, 0x80, 0x8b, 0x08, 0xff,
  0x00, 0x62, 0x7c, 0x80, 0x06, 0xff, 0x00, 0x05, 0x52, 0x80, 0x8b, 0xff,
  0x00, 0x04, 0x14, 0x00, 0xff, 0x00, 0x04, 0x80, 0x00, 0xff, 0x00, 0x00,
  0x38, 0x00, 0xff, 0x00, 0x05, 0x1e, 0x80, 0x08, 0xff, 0xff, 0xff, 0xfe,
  0x80, 0xff, 0x00, 0x43, 0xa3, 0x00, 0xff, 0x00, 0x2f, 0xd3, 0xc0, 0xff,
  0xff, 0xd0, 0x2c, 0x00, 0x05, 0xff, 0x00, 0x03, 0xa0, 0x00, 0xff, 0xff,
  0xfc, 0x62, 0x80, 0xff, 0x00, 0x06, 0x37, 0x00, 0xff, 0xff, 0xff, 0xda,
  0x00, 0xff, 0x00, 0x03, 0xc3, 0x80, 0xff, 0x00, 0x03, 0xc3, 0x80, 0x08,
  0xff, 0x00, 0x45, 0xa4, 0x00, 0xff, 0x00, 0x45, 0xa4, 0x00, 0x05, 0xff,
  0x00, 0x03, 0xc3, 0x80, 0xff, 0x00, 0x03, 0xc3, 0x80, 0xff, 0xff, 0xff,
  0xb3, 0x80, 0xff, 0x00, 0x06, 0x10, 0x80, 0xff, 0xff, 0xfc, 0x89, 0x00,
  0xff, 0x00, 0x03, 0xc6, 0x80, 0x08, 0xff, 0xff, 0xd0, 0x20, 0x80, 0xff,
  0x00, 0x2f, 0xdd, 0x40, 0xff, 0x00, 0x43, 0xae, 0x80, 0xff, 0x00, 0x00,
  0x01, 0x80, 0x05, 0xff, 0x00, 0x05, 0x68, 0x80, 0xff, 0x00, 0x00, 0x2b,
  0x80, 0xff, 0x00, 0x04, 0x36, 0x00, 0xff, 0x00, 0x04, 0x20, 0x80, 0x8b,
  0xff, 0x00, 0x05, 0x52, 0x80, 0x08, 0xff, 0x00, 0x62, 0x70, 0x00, 0x07,
  0x8b, 0xff, 0x00, 0x05, 0x52, 0x80, 0xff, 0xff, 0xfb, 0xca, 0x00, 0xff,
  0x00, 0x04, 0x4a, 0x80, 0xff, 0xff, 0xfa, 0x97, 0x80, 0xff, 0x00, 0x00,
  0x01, 0x80, 0x08, 0xff, 0xff, 0xbc, 0x4f, 0x40, 0x8b, 0xff, 0x00, 0x2f,
  0xd9, 0x00, 0xff, 0x00, 0x2f, 0xdb, 0x40, 0x05, 0xff, 0x00, 0x03, 0xb4,
  0x40, 0xff, 0x00, 0x03, 0xf1, 0xc0, 0xff, 0x00, 0x00, 0x0f, 0x00, 0xff,
  0x00, 0x05, 0xe5, 0x40, 0xff, 0xff, 0xfc, 0x3c, 0xc0, 0xff, 0x00, 0x03,
  0xc3, 0x80, 0x08, 0xff, 0xff, 0xba, 0x64, 0xc0, 0xff, 0x00, 0x45, 0x9b,
  0x00, 0x05, 0xff, 0xff, 0xfc, 0x3c, 0x80, 0xff, 0x00, 0x03, 0xc3, 0x80,
  0xff, 0xff, 0xf9, 0xfd, 0x00, 0xff, 0x00, 0x00, 0x0e, 0x80, 0xff, 0xff,
  0xfc, 0x2c, 0x00, 0xff, 0xff, 0xfc, 0x2e, 0x00, 0x08, 0xff, 0xff, 0xd0,
  0x22, 0xc0, 0xff, 0xff, 0xd0, 0x22, 0xc0, 0xff, 0xff, 0xff, 0xfe, 0x80,
  0xff, 0x00, 0x43, 0xac, 0x40, 0x05, 0xff, 0xff, 0xff, 0xd4, 0x80, 0xff,
  0x00, 0x05, 0x68, 0x80, 0xff, 0xff, 0xfb, 0xdf, 0x80, 0xff, 0x00, 0x04,
  0x36, 0x00, 0xff, 0xff, 0xfa, 0xad, 0x80, 0x8b, 0x08, 0xff, 0xff, 0x9d,
  0x90, 0x00, 0x06, 0xff, 0xff, 0xfa, 0xad, 0x80, 0x8b, 0xff, 0xff, 0xfb,
  0xb5, 0x80, 0xff, 0xff, 0xfb, 0xca, 0x00, 0xff, 0xff, 0xff, 0xfe, 0x80,
  0xff, 0xff, 0xfa, 0x97, 0x80, 0x08, 0x8b, 0xff, 0xff, 0xbc, 0x4f, 0x40,
  0xff, 0xff, 0xd0, 0x24, 0xc0, 0xff, 0x00, 0x2f, 0xd9, 0x00, 0x05, 0xff,
  0xff, 0xfc, 0x0e, 0x40, 0xff, 0x00, 0x03, 0xb4, 0x40, 0xff, 0xff, 0xfa,
  0x1a, 0xc0, 0xff, 0x00, 0x00, 0x0f, 0x00, 0xff, 0xff, 0xfc, 0x3c, 0x80,
  0xff, 0xff, 0xfc, 0x3c, 0xc0, 0x08, 0xff, 0xff, 0xba, 0x65, 0x00, 0xff,
  0xff, 0xba, 0x64, 0xc0, 0x05, 0xff, 0xff, 0xfc, 0x3c, 0x80, 0xff, 0xff,
  0xfc, 0x3c, 0x80, 0xff, 0xff, 0xff, 0xf1, 0x80, 0xff, 0xff, 0xf9, 0xfd,
  0x00, 0xff, 0x00, 0x03, 0xd2, 0x00, 0xff, 0xff, 0xfc, 0x2c, 0x00, 0x08,
  0xff, 0x00, 0x2f, 0xd2, 0x80, 0xff, 0xff, 0xd0, 0x2d, 0xc0, 0xff, 0xff,
  0xbc, 0x5e, 0x80, 0x8b, 0x05, 0xff, 0xff, 0xfa, 0xe1, 0x80, 0xff, 0xff,
  0xff, 0xfe, 0x80, 0xff, 0xff, 0xfb, 0x80, 0x00, 0xff, 0xff, 0xfb, 0xb5,
  0x80, 0x8b, 0xff, 0xff, 0xfa, 0xad, 0x80, 0x08, 0xff, 0xff, 0x9d, 0x83,
  0x80, 0x07, 0x8b, 0xff, 0xff, 0xfa, 0xad, 0x80, 0xff, 0x00, 0x04, 0x80,
  0x00, 0xff, 0xff, 0xfb, 0xec, 0x00, 0xff, 0x00, 0x05, 0x1e, 0x80, 0xff,
  0xff, 0xff, 0xc8, 0x00, 0x08, 0x0e, 0xa3, 0xff, 0x00, 0x0a, 0xa2, 0x2c,
  0xff, 0x00, 0xeb, 0x60, 0xd4, 0x01, 0xff, 0x00, 0xeb, 0xfc, 0x80, 0xff,
  0x00, 0xeb, 0x73, 0x00, 0x03, 0xff, 0x00, 0x5e, 0x3d, 0x00, 0xff, 0x00,
  0x0a, 0x90, 0x00, 0x15, 0xff, 0x00, 0x8d, 0xbf, 0x80, 0xff, 0x00, 0x00,
  0x06, 0xd4, 0x8b, 0xff, 0xff, 0x72, 0x39, 0xac, 0x05, 0xff, 0x00, 0x00,
  0x03, 0x00, 0xff, 0xff, 0xf5, 0xc3, 0x00, 0xff, 0x00, 0x08, 0x95, 0x00,
  0x82, 0xff, 0x00, 0x0a, 0xa5, 0x00, 0x8b, 0x08, 0xff, 0x00, 0xc4, 0xf9,
  0x00, 0x06, 0xff, 0x00, 0x0a, 0xa5, 0x00, 0x8b, 0xff, 0x00, 0x08, 0x28,
  0x00, 0x94, 0xff, 0x00, 0x00, 0x70, 0x00, 0xff, 0x00, 0x0a, 0x3d, 0x00,
  0x08, 0xff, 0xff, 0xff, 0xf9, 0x2b, 0xff, 0x00, 0x8d, 0xd1, 0xac, 0xff,
  0x00, 0x8d, 0xc6, 0x55, 0xff, 0x00, 0x00, 0x06, 0xd4, 0x05, 0xff, 0x00,
  0x0a, 0xd1, 0x00, 0xff, 0x00, 0x00, 0x57, 0x00, 0xff, 0x00, 0x08, 0x6c,
  0x00, 0xff, 0x00, 0x08, 0x41, 0x00, 0x8b, 0xff, 0x00, 0x0a, 0xa5, 0x00,
  0x08, 0xff, 0x00, 0xc4, 0xe0, 0x00, 0x07, 0x8b, 0xff, 0x00, 0x0a, 0xa5,
  0x00, 0xff, 0xff, 0xf7, 0x94, 0x00, 0xff, 0x00, 0x08, 0x95, 0x00, 0xff,
  0xff, 0xf5, 0x2f, 0x00, 0xff, 0x00, 0x00, 0x03, 0x00, 0x08, 0xff, 0xff,
  0x72, 0x2e, 0x54, 0x8b, 0xff, 0xff, 0xff, 0xf9, 0x2c, 0xff, 0x00, 0x8d,
  0xbf, 0x80, 0x05, 0xff, 0xff, 0xff, 0xa9, 0x00, 0xff, 0x00, 0x0a, 0xd1,
  0x00, 0xff, 0xff, 0xf7, 0xbf, 0x00, 0xff, 0x00, 0x08, 0x6c, 0x00, 0xff,
  0xff, 0xf5, 0x5b, 0x00, 0x8b, 0x08, 0xff, 0xff, 0x3b, 0x20, 0x00, 0x06,
  0xff, 0xff, 0xf5, 0x5b, 0x00, 0x8b, 0xff, 0xff, 0xf7, 0x6b, 0x00, 0xff,
  0xff, 0xf7, 0x94, 0x00, 0xff, 0xff, 0xff, 0xfd, 0x00, 0xff, 0xff, 0xf5,
  0x2f, 0x00, 0x08, 0xff, 0xff, 0x72, 0x40, 0x80, 0xff, 0xff, 0x72, 0x40,
  0x80, 0x07, 0xff, 0xff, 0xf5, 0xc3, 0x00, 0xff, 0xff, 0xff, 0xfd, 0x00,
  0x82, 0xff, 0xff, 0xf7, 0x6b, 0x00, 0x8b, 0xff, 0xff, 0xf5, 0x5b, 0x00,
  0x08, 0xff, 0xff, 0x3b, 0x07, 0x00, 0x07, 0x8b, 0xff, 0xff, 0xf5, 0x5b,
  0x00, 0x94, 0xff, 0xff, 0xf7, 0xd8, 0x00, 0xff, 0x00, 0x0a, 0x3d, 0x00,
  0xff, 0xff, 0xff, 0x90, 0x00, 0x08, 0x0e, 0xfb, 0x8e, 0xff, 0x00, 0x4b,
  0x0b, 0x3d, 0xff, 0x01, 0x1b, 0x02, 0x0c, 0x03, 0xff, 0x01, 0x66, 0x0d,
  0x40, 0xff, 0xff, 0xb7, 0x8a, 0x00, 0x15, 0x24, 0x0a, 0x0e, 0xa3, 0xff,
  0x00, 0x0a, 0x90, 0x00, 0xff, 0x00, 0xeb, 0x73, 0x00, 0x01, 0xff, 0x00,
  0x5e, 0x3d, 0x00, 0xff, 0x00, 0x0a, 0x90, 0x00, 0x15, 0xff, 0x02, 0x06,
  0xf2, 0x00, 0xff, 0x00, 0x00, 0x19, 0x00, 0x05, 0xff, 0x00, 0x0a, 0xd1,
  0x00, 0xff, 0x00, 0x00, 0x57, 0x00, 0xff, 0x00, 0x08, 0x6c, 0x00, 0xff,
  0x00, 0x08, 0x41, 0x00, 0x8b, 0xff, 0x00, 0x0a, 0xa5, 0x00, 0x08, 0xff,
  0x00, 0xc4, 0xe0, 0x00, 0x07, 0x8b, 0xff, 0x00, 0x0a, 0xa5, 0x00, 0xff,
  0xff, 0xf7, 0x94, 0x00, 0xff, 0x00, 0x08, 0x95, 0x00, 0xff, 0xff, 0xf5,
  0x2f, 0x00, 0xff, 0x00, 0x00, 0x03, 0x00, 0x08, 0xff, 0xfd, 0xf9, 0x0e,
  0x00, 0x06, 0xff, 0xff, 0xf5, 0xc3, 0x00, 0xff, 0xff, 0xff, 0xfd, 0x00,
  0x82, 0xff, 0xff, 0xf7, 0x6b, 0x00, 0x8b, 0xff, 0xff, 0xf5, 0x5b, 0x00,
  0x08, 0xff, 0xff, 0x3b, 0x07, 0x00, 0x07, 0x8b, 0xff, 0xff, 0xf5, 0x5b,
  0x00, 0x94, 0xff, 0xff, 0xf7, 0xd8, 0x00, 0xff, 0x00, 0x0a, 0x3d, 0x00,
  0xff, 0xff, 0xff, 0x90, 0x00, 0x08, 0x0e, 0xfb, 0x8e, 0xff, 0xff, 0x29,
  0xa5, 0x1f, 0xff, 0x01, 0x1b, 0x65, 0xe3, 0x01, 0xd6, 0xff, 0x01, 0x1b,
  0x65, 0xe3, 0x03, 0xd6, 0xff, 0xff, 0xb7, 0x58, 0x00, 0x15, 0x25, 0x0a,
  0x0e, 0x41, 0xff, 0x00, 0x89, 0x93, 0x40, 0xff, 0xff, 0x2b, 0x1c, 0x00,
  0x15, 0x23, 0x0a, 0x0e, 0xf7, 0x3a, 0xff, 0xff, 0x1a, 0xb3, 0xf8, 0xff,
  0x01, 0x19, 0xef, 0x1b, 0xff, 0x01, 0xe0, 0x77, 0xce, 0xff, 0x01, 0x19,
  0xd6, 0x04, 0x01, 0x8b, 0xff, 0x01, 0x1d, 0xbd, 0xf4, 0xff, 0x00, 0xf8,
  0x70, 0x20, 0xff, 0x01, 0x1d, 0xbd, 0xf4, 0x03, 0xff, 0x01, 0x99, 0xf6,
  0x00, 0xff, 0x03, 0x2e, 0xf1, 0x00, 0x15, 0xff, 0xff, 0x1d, 0xa2, 0x00,
  0xff, 0xff, 0x48, 0x68, 0x00, 0xff, 0xff, 0x4c, 0x50, 0x00, 0xff, 0xfe,
  0xa9, 0x85, 0x00, 0xff, 0xfe, 0xa9, 0x85, 0x00, 0xff, 0x00, 0xb7, 0x98,
  0x00, 0xff, 0xff, 0x4c, 0x69, 0x00, 0xff, 0x00, 0xe2, 0x5e, 0x00, 0xff,
  0x00, 0xe2, 0x77, 0x00, 0xff, 0x00, 0xb7, 0x7f, 0x00, 0xff, 0x00, 0xb3,
  0xb0, 0x00, 0xff, 0x01, 0x56, 0x62, 0x00, 0xff, 0x01, 0x56, 0x62, 0x00,
  0xff, 0xff, 0x48, 0x81, 0x00, 0xff, 0x00, 0xb3, 0xc9, 0x00, 0xff, 0xff,
  0x1d, 0x89, 0x00, 0x1f, 0xff, 0xfd, 0x05, 0xb2, 0x00, 0x04, 0xff, 0xff,
  0xbb, 0x59, 0x00, 0xff, 0xff, 0xc8, 0x6f, 0x00, 0xff, 0x00, 0x52, 0x9e,
  0x00, 0xff, 0x00, 0x9d, 0x9e, 0x00, 0xff, 0x00, 0x9d, 0x9e, 0x00, 0xff,
  0x00, 0x37, 0xaa, 0x00, 0xff, 0x00, 0x52, 0x9e, 0x00, 0xff, 0x00, 0x44,
  0x8e, 0x00, 0xff, 0x00, 0x44, 0xa7, 0x00, 0xff, 0x00, 0x37, 0x91, 0x00,
  0xff, 0xff, 0xad, 0x62, 0x00, 0xff, 0xff, 0x62, 0x62, 0x00, 0xff, 0xff,
  0x62, 0x62, 0x00, 0xff, 0xff, 0xc8, 0x6f, 0x00, 0xff, 0xff, 0xad, 0x62,
  0x00, 0xff, 0xff, 0xbb, 0x59, 0x00, 0x1f, 0x0e, 0xfb, 0xac, 0xfb, 0x47,
  0x76, 0xfa, 0x7c, 0x77, 0x01, 0xff, 0x00, 0x5c, 0x61, 0xff, 0xff, 0x01,
  0x18, 0xc3, 0x12, 0x03, 0xff, 0x01, 0x75, 0x25, 0x00, 0xff, 0x03, 0x0c,
  0x78, 0x00, 0x15, 0xff, 0x00, 0x0a, 0xd7, 0x00, 0xff, 0xff, 0xf7, 0x36,
  0x00, 0xff, 0x00, 0x08, 0xb1, 0x00, 0xff, 0xff, 0xf5, 0x42, 0x00, 0x1e,
  0xff, 0xfe, 0xb1, 0xeb, 0x00, 0x06, 0xff, 0xff, 0xf5, 0x29, 0x00, 0xff,
  0xff, 0xf7, 0x4f, 0x00, 0xff, 0xff, 0xf7, 0x4f, 0x00, 0xff, 0xff, 0xf5,
  0x29, 0x00, 0x1f, 0xff, 0xff, 0x29, 0x5a, 0x00, 0x07, 0xff, 0xff, 0xf5,
  0x29, 0x00, 0xff, 0x00, 0x08, 0xca, 0x00, 0xff, 0xff, 0xf7, 0x4f, 0x00,
  0xff, 0x00, 0x0a, 0xbe, 0x00, 0x1e, 0xff, 0x00, 0x48, 0xda, 0x00, 0xff,
  0xfd, 0x29, 0x3e, 0x00, 0x06, 0xff, 0xff, 0xf5, 0x29, 0x00, 0xff, 0x00,
  0x08, 0xca, 0x00, 0xff, 0xff, 0xf7, 0x4f, 0x00, 0xff, 0x00, 0x0a, 0xbe,
  0x00, 0x1e, 0xff, 0x00, 0xf1, 0xb3, 0x00, 0x06, 0xff, 0x00, 0x0a, 0xd7,
  0x00, 0xff, 0x00, 0x08, 0xb1, 0x00, 0xff, 0x00, 0x08, 0xca, 0x00, 0xff,
  0x00, 0x0a, 0xbe, 0x00, 0x1f, 0x0e, 0xbb, 0xfb, 0x5c, 0xff, 0x00, 0xee,
  0xf7, 0x0a, 0xff, 0x02, 0x07, 0x56, 0x04, 0xff, 0x00, 0xf3, 0x74, 0xfe,
  0xff, 0xff, 0x25, 0x8b, 0x02, 0xff, 0x00, 0xe7, 0xa4, 0x19, 0x12, 0xff,
  0x01, 0x97, 0x3a, 0x1d, 0xff, 0x01, 0x26, 0x24, 0x19, 0x13, 0xb0, 0xff,
  0x02, 0xbd, 0x5e, 0x00, 0xff, 0x02, 0x05, 0x17, 0x00, 0x15, 0xff, 0x00,
  0xfc, 0x0d, 0x00, 0xff, 0xff, 0x23, 0x65, 0x00, 0xff, 0x00, 0x2d, 0xcd,
  0x00, 0xff, 0xff, 0x75, 0x3b, 0x00, 0x1e, 0x13, 0xd0, 0xff, 0xff, 0x80,
  0x2b, 0x00, 0x8b, 0xff, 0xff, 0x88, 0x78, 0x00, 0xff, 0xff, 0xf6, 0xd2,
  0x00, 0xff, 0xff, 0xd2, 0x1a, 0x00, 0xff, 0xff, 0xfb, 0xff, 0x00, 0xff,
  0xff, 0xf5, 0x10, 0x00, 0xff, 0xff, 0xff, 0x06, 0x00, 0xff, 0xff, 0xf8,
  0x17, 0x00, 0xff, 0xff, 0xf6, 0x55, 0x00, 0xff, 0x00, 0x01, 0x2c, 0x00,
  0xff, 0xff, 0xf5, 0x29, 0x00, 0x08, 0xff, 0x00, 0x16, 0x44, 0x00, 0xff,
  0xff, 0x32, 0xec, 0x00, 0x05, 0xff, 0x00, 0x01, 0x45, 0x00, 0xff, 0xff,
  0xf4, 0x7a, 0x00, 0xff, 0x00, 0x0a, 0xd7, 0x00, 0xff, 0xff, 0xf8, 0x17,
  0x00, 0xff, 0x00, 0x0b, 0x54, 0x00, 0xff, 0x00, 0x02, 0x8a, 0x00, 0x08,
  0x13, 0xb0, 0xff, 0x00, 0x26, 0x48, 0x00, 0xff, 0x00, 0x08, 0x98, 0x00,
  0xff, 0x00, 0x37, 0x78, 0x00, 0xff, 0x00, 0x0c, 0x1c, 0x00, 0xff, 0x00,
  0x7e, 0x45, 0x00, 0xff, 0x00, 0x04, 0x4c, 0x00, 0xff, 0x00, 0x07, 0x3a,
  0x00, 0xff, 0x00, 0x00, 0x32, 0x00, 0xff, 0x00, 0x67, 0x39, 0x00, 0xff,
  0x00, 0x01, 0x77, 0x00, 0x8b, 0xff, 0xff, 0xb6, 0x13, 0x00, 0x8b, 0xff,
  0xff, 0xb5, 0x4b, 0x00, 0xff, 0xff, 0x83, 0x32, 0x00, 0xff, 0xff, 0xa3,
  0x85, 0x00, 0xff, 0xff, 0x94, 0x62, 0x00, 0xff, 0xff, 0x9a, 0x25, 0x00,
  0xff, 0xff, 0xa4, 0xfc, 0x00, 0xff, 0xff, 0xa9, 0xde, 0x00, 0xff, 0xff,
  0xbf, 0x28, 0x00, 0xff, 0xff, 0xa6, 0x28, 0x00, 0xff, 0xff, 0xf0, 0x92,
  0x00, 0xff, 0xff, 0xe9, 0xee, 0x00, 0xff, 0xff, 0xfd, 0xa8, 0x00, 0xff,
  0xff, 0xfc, 0xae, 0x00, 0xff, 0xff, 0xfe, 0xd4, 0x00, 0xff, 0xff, 0xfc,
  0x31, 0x00, 0x8b, 0xff, 0xff, 0xfb, 0xff, 0x00, 0x08, 0xff, 0xff, 0x2a,
  0xb8, 0x00, 0x07, 0xff, 0xff, 0xf5, 0x42, 0x00, 0xff, 0x00, 0x08, 0xb1,
  0x00, 0xff, 0xff, 0xf7, 0x36, 0x00, 0xff, 0x00, 0x0a, 0xd7, 0x00, 0x1e,
  0xff, 0x02, 0x78, 0x9e, 0x00, 0x06, 0xff, 0x00, 0x0a, 0xbe, 0x00, 0xff,
  0x00, 0x08, 0xca, 0x00, 0xff, 0x00, 0x08, 0xb1, 0x00, 0xff, 0x00, 0x0a,
  0xd7, 0x00, 0x1f, 0xff, 0x00, 0xc7, 0xe7, 0x00, 0x07, 0xff, 0x00, 0x0a,
  0xbe, 0x00, 0xff, 0xff, 0xf7, 0x4f, 0x00, 0xff, 0x00, 0x08, 0xca, 0x00,
  0xff, 0xff, 0xf5, 0x29, 0x00, 0x1e, 0xff, 0xfe, 0xbc, 0x5e, 0x00, 0x06,
  0xff, 0x00, 0x5a, 0x23, 0x00, 0xff, 0x00, 0x65, 0x77, 0x00, 0xff, 0x01,
  0x1a, 0xb7, 0x00, 0xff, 0x00, 0xc6, 0xd4, 0x00, 0x8b, 0xff, 0x00, 0xb1,
  0xd5, 0x00, 0x08, 0x0e, 0xc8, 0xff, 0xff, 0x1a, 0xb3, 0xf8, 0xff, 0x00,
  0xe6, 0xc3, 0x12, 0xff, 0xff, 0x26, 0xcf, 0xdf, 0xff, 0x00, 0xf5, 0x1d,
  0xf4, 0xff, 0x00, 0x90, 0x24, 0x19, 0xff, 0x00, 0xee, 0x92, 0xf2, 0xff,
  0x00, 0x90, 0x24, 0x18, 0xff, 0x00, 0xf5, 0x1d, 0xf4, 0xff, 0xff, 0x26,
  0xd0, 0x20, 0xff, 0x00, 0xe6, 0xc3, 0x12, 0x12, 0xff, 0x01, 0x7b, 0x1a,
  0x1d, 0xff, 0x01, 0x22, 0x86, 0xe9, 0xff, 0xff, 0x11, 0x85, 0xe3, 0xff,
  0x01, 0x1b, 0x02, 0x0c, 0x13, 0x2c, 0xff, 0x02, 0x67, 0xd2, 0x00, 0xff,
  0x01, 0x4b, 0x8b, 0x00, 0x15, 0x8b, 0xff, 0x00, 0x35, 0xcf, 0x00, 0xff,
  0x00, 0x33, 0xc2, 0x00, 0xff, 0x00, 0x7f, 0xd5, 0x00, 0x1f, 0xff, 0xff,
  0xff, 0xe7, 0x00, 0xff, 0x01, 0x0d, 0x56, 0x00, 0xff, 0xff, 0x13, 0x16,
  0x00, 0xff, 0x00, 0x22, 0x79, 0x00, 0xff, 0xff, 0x83, 0xc8, 0x00, 0x8b,
  0x08, 0x13, 0x34, 0xff, 0xff, 0xab, 0x3c, 0x00, 0x8b, 0xff, 0xff, 0x68,
  0xed, 0x00, 0xff, 0xff, 0xf6, 0x3c, 0x00, 0xff, 0xff, 0xc9, 0x9b, 0x00,
  0xff, 0xff, 0xfc, 0x31, 0x00, 0xff, 0xff, 0xf4, 0xf7, 0x00, 0xff, 0xff,
  0xff, 0x51, 0x00, 0xff, 0xff, 0xf7, 0xcc, 0x00, 0xff, 0xff, 0xf6, 0x3c,
  0x00, 0xff, 0x00, 0x01, 0x2c, 0x00, 0xff, 0xff, 0xf4, 0xf7, 0x00, 0x08,
  0xff, 0x00, 0x16, 0x76, 0x00, 0xff, 0xff, 0x31, 0x8e, 0x00, 0x05, 0xff,
  0x00, 0x01, 0x2c, 0x00, 0xff, 0xff, 0xf5, 0x10, 0x00, 0xff, 0x00, 0x09,
  0xf6, 0x00, 0xff, 0xff, 0xf8, 0x30, 0x00, 0xff, 0x00, 0x0a, 0xf0, 0x00,
  0xff, 0x00, 0x01, 0x90, 0x00, 0x08, 0x13, 0xac, 0xff, 0x00, 0x32, 0xe1,
  0x00, 0xff, 0x00, 0x07, 0x6c, 0x00, 0xff, 0x00, 0x86, 0xab, 0x00, 0xff,
  0x00, 0x13, 0x0b, 0x00, 0xff, 0x00, 0x31, 0xe7, 0x00, 0xff, 0x00, 0x01,
  0x77, 0x00, 0xff, 0x00, 0x0c, 0x4e, 0x00, 0xff, 0x00, 0x00, 0x4b, 0x00,
  0xff, 0x00, 0x56, 0xb8, 0x00, 0xff, 0xff, 0xfd, 0xda, 0x00, 0x8b, 0xff,
  0xff, 0xaf, 0x0b, 0x00, 0x8b, 0xff, 0xff, 0xb3, 0x57, 0x00, 0xff, 0xff,
  0xae, 0xd9, 0x00, 0xff, 0xff, 0xf3, 0x80, 0x00, 0xff, 0xff, 0xdf, 0xad,
  0x00, 0x8b, 0xff, 0xff, 0xff, 0x6a, 0x00, 0x8b, 0xff, 0xff, 0xff, 0x6a,
  0x00, 0xff, 0xff, 0xff, 0xe7, 0x00, 0xff, 0xff, 0xff, 0x6a, 0x00, 0x8b,
  0x08, 0xff, 0xff, 0xad, 0xad, 0x00, 0x06, 0xff, 0xff, 0xf5, 0x42, 0x00,
  0xff, 0xff, 0xf7, 0x4f, 0x00, 0xff, 0xff, 0xf7, 0x4f, 0x00, 0xff, 0xff,
  0xf5, 0x42, 0x00, 0x1f, 0xff, 0xff, 0x38, 0x4b, 0x00, 0x07, 0xff, 0xff,
  0xf5, 0x42, 0x00, 0xff, 0x00, 0x08, 0xb1, 0x00, 0xff, 0xff, 0xf7, 0x4f,
  0x00, 0xff, 0x00, 0x0a, 0xbe, 0x00, 0x1e, 0xff, 0x00, 0x60, 0xae, 0x00,
  0x06, 0x13, 0xa2, 0xff, 0x00, 0x27, 0x5b, 0x00, 0xff, 0xff, 0xff, 0x38,
  0x00, 0xff, 0x00, 0x71, 0x93, 0x00, 0xff, 0xff, 0xf6, 0xb9, 0x00, 0x8b,
  0xff, 0xff, 0xb0, 0xcd, 0x00, 0x8b, 0xff, 0xff, 0xaf, 0x0b, 0x00, 0xff,
  0xff, 0x75, 0x6d, 0x00, 0xff, 0xff, 0xfd, 0xda, 0x00, 0xff, 0xff, 0xf3,
  0x99, 0x00, 0xff, 0x00, 0x00, 0x4b, 0x00, 0x08, 0x13, 0x62, 0xff, 0xff,
  0xce, 0x19, 0x00, 0xff, 0x00, 0x01, 0x77, 0x00, 0xff, 0xff, 0x79, 0x55,
  0x00, 0xff, 0x00, 0x13, 0x0b, 0x00, 0xff, 0xff, 0xcd, 0x1f, 0x00, 0xff,
  0x00, 0x07, 0x6c, 0x00, 0xff, 0xff, 0xf5, 0x10, 0x00, 0xff, 0x00, 0x01,
  0x90, 0x00, 0xff, 0xff, 0xf6, 0x0a, 0x00, 0xff, 0xff, 0xf8, 0x30, 0x00,
  0xff, 0xff, 0xfe, 0xd4, 0x00, 0xff, 0xff, 0xf5, 0x10, 0x00, 0x08, 0xff,
  0xff, 0xe9, 0x8a, 0x00, 0xff, 0xff, 0x31, 0x8e, 0x00, 0x05, 0xff, 0xff,
  0xfe, 0xd4, 0x00, 0xff, 0xff, 0xf4, 0xf7, 0x00, 0xff, 0x00, 0x08, 0x1b,
  0x00, 0xff, 0xff, 0xf6, 0x3c, 0x00, 0xff, 0x00, 0x0b, 0x09, 0x00, 0xff,
  0xff, 0xff, 0x51, 0x00, 0x08, 0x13, 0xaa, 0xff, 0x00, 0x36, 0x65, 0x00,
  0xff, 0xff, 0xfc, 0x31, 0x00, 0xff, 0x00, 0x97, 0x13, 0x00, 0xff, 0xff,
  0xf6, 0x3c, 0x00, 0xff, 0x00, 0x54, 0xc4, 0x00, 0x8b, 0x08, 0xff, 0x00,
  0x7c, 0x1f, 0x00, 0xff, 0x01, 0x19, 0xa4, 0x00, 0xff, 0x00, 0x24, 0xd1,
  0x00, 0xff, 0x01, 0x27, 0x69, 0x00, 0x1f, 0xff, 0x00, 0xab, 0x31, 0x00,
  0xff, 0xff, 0x9d, 0xa9, 0x00, 0xff, 0x00, 0x39, 0x6c, 0x00, 0x8b, 0x1e,
  0x0e, 0xd8, 0xff, 0x01, 0xdb, 0x4b, 0x02, 0x77, 0xff, 0x01, 0x58, 0xb4,
  0xfe, 0x77, 0x01, 0xff, 0x01, 0x74, 0xc1, 0x06, 0xff, 0x01, 0x2a, 0x3d,
  0xf4, 0x03, 0xff, 0x01, 0x74, 0xc1, 0x00, 0xff, 0xff, 0xeb, 0x7e, 0x00,
  0x15, 0xff, 0xff, 0x51, 0x96, 0x00, 0x07, 0xff, 0xff, 0xf5, 0x42, 0x00,
  0xff, 0x00, 0x08, 0xb1, 0x00, 0xff, 0xff, 0xf7, 0x4f, 0x00, 0xff, 0x00,
  0x0a, 0xbe, 0x00, 0x1e, 0xff, 0x01, 0x03, 0x60, 0x00, 0x06, 0xff, 0x00,
  0x0a, 0xbe, 0x00, 0xff, 0x00, 0x08, 0xb1, 0x00, 0xff, 0x00, 0x08, 0xb1,
  0x00, 0xff, 0x00, 0x0a, 0xbe, 0x00, 0x1f, 0xff, 0x00, 0xae, 0x6a, 0x00,
  0xff, 0x00, 0x28, 0x3c, 0x00, 0x07, 0xff, 0x00, 0x0a, 0xbe, 0x00, 0xff,
  0x00, 0x08, 0xb1, 0x00, 0xff, 0x00, 0x08, 0xb1, 0x00, 0xff, 0x00, 0x0a,
  0xbe, 0x00, 0x1f, 0xff, 0x00, 0xd6, 0xa6, 0x00, 0x07, 0xff, 0x00, 0x0a,
  0xbe, 0x00, 0xff, 0xff, 0xf7, 0x4f, 0x00, 0xff, 0x00, 0x08, 0xb1, 0x00,
  0xff, 0xff, 0xf5, 0x42, 0x00, 0x1e, 0xff, 0xff, 0xd7, 0xc4, 0x00, 0xff,
  0x00, 0xde, 0xda, 0x00, 0x06, 0xff, 0x00, 0x0a, 0xbe, 0x00, 0xff, 0xff,
  0xf7, 0x4f, 0x00, 0xff, 0x00, 0x08, 0xb1, 0x00, 0xff, 0xff, 0xf5, 0x42,
  0x00, 0x1e, 0xff, 0xfe, 0xfc, 0xa0, 0x00, 0x06, 0xff, 0xff, 0xf5, 0x42,
  0x00, 0xff, 0xff, 0xf7, 0x4f, 0x00, 0xff, 0xff, 0xf7, 0x4f, 0x00, 0xff,
  0xff, 0xf5, 0x42, 0x00, 0x1f, 0xff, 0xff, 0x21, 0x3f, 0x00, 0xff, 0xff,
  0xbf, 0x73, 0x00, 0x07, 0xff, 0x00, 0x3d, 0x86, 0x00, 0xff, 0x01, 0xd9,
  0x25, 0x00, 0x05, 0xff, 0x00, 0x00, 0x19, 0x00, 0xff, 0x00, 0x00, 0xe1,
  0x00, 0xff, 0x00, 0x00, 0x19, 0x00, 0xff, 0x00, 0x00, 0xc8, 0x00, 0x8b,
  0xff, 0x00, 0x00, 0xe1, 0x00, 0x08, 0xff, 0x00, 0x47, 0xc7, 0x00, 0x07,
  0xff, 0x00, 0x0a, 0xbe, 0x00, 0xff, 0xff, 0xf7, 0x4f, 0x00, 0xff, 0x00,
  0x08, 0xb1, 0x00, 0xff, 0xff, 0xf5, 0x42, 0x00, 0x1e, 0xff, 0xff, 0x0c,
  0x0e, 0x00, 0x06, 0xff, 0xff, 0xf6, 0x23, 0x00, 0x8b, 0xff, 0xff, 0xf7,
  0xb3, 0x00, 0xff, 0xff, 0xf8, 0xad, 0x00, 0xff, 0xff, 0xfe, 0xd4, 0x00,
  0xff, 0xff, 0xf6, 0x55, 0x00, 0x08, 0xff, 0xff, 0xa8, 0xfd, 0x00, 0xff,
  0xfd, 0x4e, 0x8c, 0x00, 0x05, 0xff, 0xff, 0xff, 0xe7, 0x00, 0xff, 0xff,
  0xff, 0x38, 0x00, 0xff, 0xff, 0xff, 0xe7, 0x00, 0xff, 0xff, 0xff, 0x38,
  0x00, 0x8b, 0xff, 0xff, 0xff, 0x1f, 0x00, 0x08, 0xff, 0xff, 0xa4, 0x1b,
  0x00, 0x07, 0xff, 0xff, 0xf5, 0x42, 0x00, 0xff, 0x00, 0x08, 0xb1, 0x00,
  0xff, 0xff, 0xf7, 0x4f, 0x00, 0xff, 0x00, 0x0a, 0xbe, 0x00, 0x1e, 0x0e,
  0xc6, 0xff, 0xff, 0x1a, 0xcd, 0x0e, 0xff, 0x00, 0xe3, 0xd4, 0xfe, 0xff,
  0x02, 0x23, 0xd9, 0xdb, 0xff, 0x00, 0xfd, 0x84, 0x19, 0x01, 0xff, 0x01,
  0xa3, 0xba, 0x1d, 0xff, 0x01, 0x24, 0xad, 0x0e, 0x03, 0xff, 0x02, 0xa5,
  0xd5, 0x00, 0xf9, 0xb4, 0x15, 0xff, 0xfd, 0x78, 0xee, 0x00, 0x06, 0xff,
  0xff, 0xf5, 0x42, 0x00, 0xff, 0xff, 0xf7, 0x36, 0x00, 0xff, 0xff, 0xf7,
  0x4f, 0x00, 0xff, 0xff, 0xf5, 0x42, 0x00, 0x1f, 0xff, 0xfd, 0xa6, 0x57,
  0x00, 0x07, 0x8b, 0xff, 0xff, 0xf5, 0x10, 0x00, 0xff, 0x00, 0x08, 0xfc,
  0x00, 0xff, 0xff, 0xf7, 0x1d, 0x00, 0xff, 0x00, 0x0b, 0x09, 0x00, 0xff,
  0x00, 0x00, 0x64, 0x00, 0xff, 0x00, 0x32, 0x32, 0x00, 0xff, 0x00, 0x01,
  0xa9, 0x00, 0xff, 0x00, 0x84, 0x6c, 0x00, 0xff, 0x00, 0x04, 0x4c, 0x00,
  0xff, 0x00, 0x4c, 0xdb, 0x00, 0x8b, 0x08, 0xff, 0x00, 0x60, 0x18, 0x00,
  0xff, 0x00, 0x20, 0xe9, 0x00, 0xff, 0xff, 0xe2, 0xcd, 0x00, 0xff, 0xff,
  0xd9, 0x09, 0x00, 0xff, 0xff, 0xd9, 0x09, 0x00, 0xff, 0xff, 0xe3, 0xf9,
  0x00, 0xff, 0xff, 0xc4, 0x55, 0x00, 0xff, 0xff, 0x9e, 0xa3, 0x00, 0x1f,
  0xff, 0xff, 0x84, 0x45, 0x00, 0x8b, 0xff, 0xff, 0xa4, 0xca, 0x00, 0xff,
  0x00, 0x14, 0x37, 0x00, 0xff, 0xff, 0xd7, 0xf6, 0x00, 0xff, 0x00, 0x0a,
  0xd7, 0x00, 0xff, 0xff, 0xf4, 0x2f, 0x00, 0xff, 0x00, 0x03, 0x39, 0x00,
  0xff, 0xff, 0xf4, 0x61, 0x00, 0xff, 0xff, 0xf7, 0x9a, 0x00, 0xff, 0xff,
  0xff, 0x1f, 0x00, 0xff, 0xff, 0xf3, 0xcb, 0x00, 0x08, 0xff, 0xff, 0xf0,
  0xf6, 0x00, 0xff, 0xff, 0x30, 0xf8, 0x00, 0x05, 0xff, 0xff, 0xff, 0x38,
  0x00, 0xff, 0xff, 0xf5, 0x42, 0x00, 0xff, 0x00, 0x08, 0x1b, 0x00, 0xff,
  0xff, 0xf6, 0xa0, 0x00, 0xff, 0x00, 0x0a, 0xd7, 0x00, 0xff, 0xff, 0xff,
  0x51, 0x00, 0xff, 0x00, 0x3a, 0x02, 0x00, 0xff, 0xff, 0xfc, 0x7c, 0x00,
  0xff, 0x00, 0xaa, 0xb4, 0x00, 0xff, 0xff, 0xf5, 0xd8, 0x00, 0xff, 0x00,
  0x3e, 0xcb, 0x00, 0x8b, 0x08, 0xff, 0x00, 0x6c, 0x98, 0x00, 0xff, 0x01,
  0x26, 0x24, 0x00, 0xff, 0x00, 0x17, 0x0c, 0x00, 0xff, 0x01, 0x2f, 0x84,
  0x00, 0xff, 0x01, 0x59, 0xb4, 0x00, 0xff, 0xfe, 0x6d, 0x44, 0x00, 0xff,
  0xff, 0xe1, 0x88, 0x00, 0x8b, 0x1f, 0xff, 0x00, 0x85, 0xe3, 0x00, 0xff,
  0x01, 0x70, 0x2a, 0x00, 0x07, 0xff, 0x00, 0x0a, 0xbe, 0x00, 0xff, 0x00,
  0x08, 0xb1, 0x00, 0xff, 0x00, 0x08, 0xb1, 0x00, 0xff, 0x00, 0x0a, 0xbe,
  0x00, 0x1f, 0xff, 0x00, 0xd6, 0xa6, 0x00, 0x07, 0xff, 0x00, 0x0a, 0xbe,
  0x00, 0xff, 0xff, 0xf7, 0x4f, 0x00, 0xff, 0x00, 0x08, 0xb1, 0x00, 0xff,
  0xff, 0xf5, 0x42, 0x00, 0x1e, 0x0e, 0xf7, 0x3b, 0xff, 0xff, 0x1a, 0xb3,
  0xf8, 0xff, 0x00, 0xef, 0x5a, 0xe1, 0xff, 0x00, 0xc0, 0x94, 0x39, 0xff,
  0x00, 0xef, 0x73, 0xf8, 0xff, 0x00, 0x6b, 0xcf, 0xdf, 0xff, 0x00, 0xfa,
  0x19, 0x17, 0x01, 0x8b, 0xff, 0x01, 0x24, 0xc5, 0xe3, 0xff, 0x00, 0xeb,
  0x8c, 0x09, 0xff, 0x01, 0x24, 0xad, 0x0e, 0x03, 0xff, 0x01, 0xaf, 0x8b,
  0x00, 0xff, 0x01, 0xba, 0x17, 0x00, 0x15, 0xff, 0xff, 0xce, 0xaf, 0x00,
  0x8b, 0xff, 0xff, 0xcf, 0x77, 0x00, 0xff, 0xff, 0xf8, 0x94, 0x00, 0xff,
  0xff, 0xd2, 0x1a, 0x00, 0xff, 0xff, 0xf2, 0x86, 0x00, 0xff, 0x00, 0x18,
  0x06, 0x00, 0xff, 0x00, 0x5e, 0xd3, 0x00, 0xff, 0x00, 0x84, 0xb7, 0x00,
  0xff, 0x00, 0x3a, 0x02, 0x00, 0xff, 0x00, 0xbd, 0x74, 0x00, 0xff, 0xff,
  0xe7, 0xe1, 0x00, 0xff, 0x00, 0x0b, 0xb8, 0x00, 0xff, 0xff, 0xfe, 0x89,
  0x00, 0xff, 0x00, 0x0a, 0x73, 0x00, 0xff, 0x00, 0x08, 0xe3, 0x00, 0x8b,
  0xff, 0x00, 0x0b, 0xd1, 0x00, 0x08, 0xff, 0x00, 0xd3, 0x54, 0x00, 0x07,
  0xff, 0x00, 0x0a, 0xbe, 0x00, 0xff, 0xff, 0xf7, 0x4f, 0x00, 0xff, 0x00,
  0x08, 0xca, 0x00, 0xff, 0xff, 0xf5, 0x29, 0x00, 0x1e, 0xff, 0xfe, 0xbe,
  0x9d, 0x00, 0xff, 0xff, 0xff, 0xb5, 0x00, 0xff, 0xfe, 0xc4, 0xc4, 0x00,
  0xff, 0xff, 0xf3, 0x03, 0x00, 0x8b, 0xff, 0xfd, 0x57, 0xba, 0x00, 0x08,
  0xff, 0xff, 0x46, 0x8d, 0x00, 0xff, 0x00, 0x9a, 0xc9, 0x00, 0xff, 0xff,
  0x69, 0xb5, 0x00, 0xff, 0x00, 0xf7, 0xf3, 0x00, 0xff, 0x01, 0x09, 0xb9,
  0x00, 0xff, 0x00, 0x98, 0x8a, 0x00, 0xff, 0x00, 0x96, 0x4b, 0x00, 0xff,
  0x00, 0xb9, 0x73, 0x00, 0xff, 0x00, 0xb9, 0x73, 0x00, 0xff, 0xff, 0x59,
  0x02, 0x00, 0xff, 0x00, 0x96, 0x32, 0x00, 0xff, 0xff, 0x21, 0x8a, 0x00,
  0x1e, 0xff, 0xff, 0xe8, 0xc2, 0x00, 0xff, 0xfe, 0x4f, 0xf8, 0x00, 0x15,
  0xff, 0xff, 0xb8, 0xcf, 0x00, 0xff, 0xff, 0xd3, 0xaa, 0x00, 0xff, 0x00,
  0x2b, 0x2a, 0x00, 0xff, 0x00, 0x35, 0x20, 0x00, 0xff, 0x00, 0x35, 0x39,
  0x00, 0xff, 0x00, 0x3b, 0xf6, 0x00, 0xff, 0x00, 0x2b, 0x11, 0x00, 0xff,
  0x00, 0x3f, 0xde, 0x00, 0xff, 0x00, 0x3f, 0xde, 0x00, 0xff, 0x00, 0x2f,
  0xda, 0x00, 0xff, 0xff, 0xd4, 0xef, 0x00, 0xff, 0xff, 0xca, 0xe0, 0x00,
  0xff, 0xff, 0xca, 0xc7, 0x00, 0xff, 0xff, 0xd4, 0x40, 0x00, 0xff, 0xff,
  0xd4, 0xd6, 0x00, 0xff, 0xff, 0xb3, 0xbb, 0x00, 0x1f, 0x0e, 0xd8, 0xff,
  0x02, 0x22, 0xae, 0x14, 0xff, 0x00, 0xfd, 0x51, 0xec, 0x01, 0xff, 0x03,
  0x0c, 0x91, 0x00, 0x04, 0xff, 0xff, 0x29, 0x8c, 0x00, 0x07, 0xff, 0xff,
  0xf5, 0x42, 0x00, 0xff, 0x00, 0x08, 0xb1, 0x00, 0xff, 0xff, 0xf7, 0x4f,
  0x00, 0xff, 0x00, 0x0a, 0xbe, 0x00, 0x1e, 0xff, 0x01, 0x6b, 0xde, 0x00,
  0x8b, 0xff, 0xff, 0x25, 0x72, 0x00, 0xff, 0xfd, 0x2b, 0xc8, 0x00, 0x05,
  0xff, 0xff, 0xff, 0x6a, 0x00, 0xff, 0xff, 0xfe, 0x25, 0x00, 0xff, 0xff,
  0xff, 0xb5, 0x00, 0xff, 0xff, 0xfe, 0x25, 0x00, 0x8b, 0xff, 0xff, 0xfe,
  0x0c, 0x00, 0x08, 0xff, 0xff, 0xf4, 0x48, 0x00, 0x07, 0xff, 0xff, 0xf5,
  0x42, 0x00, 0xff, 0x00, 0x08, 0xb1, 0x00, 0xff, 0xff, 0xf7, 0x4f, 0x00,
  0xff, 0x00, 0x0a, 0xbe, 0x00, 0x1e, 0xff, 0x00, 0xf9, 0x51, 0x00, 0x06,
  0xff, 0x00, 0x08, 0xb1, 0x00, 0x8b, 0xff, 0x00, 0x07, 0x9e, 0x00, 0xff,
  0x00, 0x05, 0xc3, 0x00, 0xff, 0x00, 0x02, 0x71, 0x00, 0xff, 0x00, 0x08,
  0x4d, 0x00, 0x08, 0xff, 0x01, 0x16, 0x6b, 0x00, 0xff, 0x03, 0xbe, 0xfc,
  0x00, 0x05, 0xff, 0x00, 0x00, 0x7d, 0x00, 0xff, 0x00, 0x01, 0xc2, 0x00,
  0xff, 0x00, 0x00, 0x4b, 0x00, 0xff, 0x00, 0x01, 0xdb, 0x00, 0x8b, 0xff,
  0x00, 0x01, 0xdb, 0x00, 0x08, 0xff, 0x00, 0x10, 0x68, 0x00, 0x07, 0xff,
  0x00, 0x0a, 0xbe, 0x00, 0xff, 0xff, 0xf7, 0x4f, 0x00, 0xff, 0x00, 0x08,
  0xb1, 0x00, 0xff, 0xff, 0xf5, 0x42, 0x00, 0x1e, 0xff, 0xfd, 0x4c, 0x4d,
  0x00, 0x06, 0xff, 0xff, 0xf5, 0x42, 0x00, 0xff, 0xff, 0xf7, 0x4f, 0x00,
  0xff, 0xff, 0xf7, 0x4f, 0x00, 0xff, 0xff, 0xf5, 0x42, 0x00, 0x1f, 0x0e,
  0xf7, 0x1d, 0xff, 0xff, 0x1a, 0xb3, 0xf8, 0xff, 0x00, 0xed, 0x80, 0x00,
  0xff, 0x00, 0xbb, 0x03, 0x12, 0xff, 0x00, 0xd6, 0xa5, 0xe3, 0xff, 0x00,
  0xbe, 0x3c, 0x2a, 0xff, 0x00, 0xd6, 0xd8, 0x10, 0x01, 0x8b, 0xff, 0x01,
  0x19, 0xef, 0x1b, 0xff, 0x00, 0xe2, 0xa8, 0xf5, 0xff, 0x01, 0x19, 0xef,
  0x1b, 0x03, 0xff, 0x02, 0xca, 0xd8, 0x00, 0xff, 0x01, 0x30, 0x33, 0x00,
  0x15, 0xff, 0x00, 0x37, 0x5f, 0x00, 0xff, 0x00, 0x30, 0x0c, 0x00, 0xff,
  0x00, 0x14, 0x50, 0x00, 0xff, 0x00, 0x41, 0xeb, 0x00, 0x8b, 0xff, 0x00,
  0x4b, 0xe1, 0x00, 0x08, 0xff, 0x00, 0xb9, 0x73, 0x00, 0xff, 0xff, 0xa9,
  0x2f, 0x00, 0xff, 0x00, 0x87, 0x73, 0x00, 0xff, 0xfe, 0xcb, 0x9a, 0x00,
  0xff, 0xfe, 0xcb, 0x81, 0x00, 0xff, 0xff, 0xa9, 0x2f, 0x00, 0xff, 0xff,
  0x78, 0x74, 0x00, 0xff, 0xff, 0x46, 0xa6, 0x00, 0x1e, 0x8b, 0xff, 0xff,
  0xb4, 0x1f, 0x00, 0xff, 0x00, 0x14, 0x50, 0x00, 0xff, 0xff, 0xbe, 0x15,
  0x00, 0xff, 0x00, 0x37, 0x5f, 0x00, 0xff, 0xff, 0xcf, 0xf4, 0x00, 0xff,
  0xff, 0xc8, 0xa1, 0x00, 0xff, 0xff, 0xcf, 0xf4, 0x00, 0xff, 0xff, 0xeb,
  0xb0, 0x00, 0xff, 0xff, 0xbd, 0xfc, 0x00, 0x8b, 0xff, 0xff, 0xb4, 0x1f,
  0x00, 0x08, 0xff, 0xff, 0x46, 0xa6, 0x00, 0xff, 0x00, 0x70, 0xe4, 0x00,
  0xff, 0xff, 0x61, 0xcc, 0x00, 0xff, 0x01, 0x1a, 0x53, 0x00, 0xff, 0x01,
  0x1a, 0x53, 0x00, 0xff, 0x00, 0x70, 0xe4, 0x00, 0xff, 0x00, 0x9e, 0x34,
  0x00, 0xff, 0x00, 0xb9, 0x5a, 0x00, 0x1e, 0xff, 0x00, 0x00, 0x19, 0x00,
  0xff, 0x00, 0x4b, 0xe1, 0x00, 0xff, 0xff, 0xeb, 0xb0, 0x00, 0xff, 0x00,
  0x42, 0x04, 0x00, 0xff, 0xff, 0xc8, 0xa1, 0x00, 0xff, 0x00, 0x30, 0x0c,
  0x00, 0x08, 0xff, 0xfe, 0xc2, 0x85, 0x00, 0xff, 0x01, 0x27, 0xe6, 0x00,
  0x15, 0xff, 0x00, 0x44, 0x75, 0x00, 0xff, 0x00, 0x2a, 0xc6, 0x00, 0xff,
  0xff, 0xd8, 0xa5, 0x00, 0xff, 0xff, 0xc5, 0x68, 0x00, 0xff, 0xff, 0xd1,
  0x84, 0x00, 0xff, 0xff, 0xd5, 0xd0, 0x00, 0xff, 0xff, 0xd2, 0x33, 0x00,
  0xff, 0xff, 0xb6, 0xa9, 0x00, 0xff, 0xff, 0xbb, 0x8b, 0x00, 0xff, 0xff,
  0xd5, 0x3a, 0x00, 0xff, 0x00, 0x2d, 0xcd, 0x00, 0xff, 0x00, 0x2e, 0x7c,
  0x00, 0xff, 0x00, 0x3a, 0x98, 0x00, 0xff, 0x00, 0x2a, 0x30, 0x00, 0xff,
  0x00, 0x27, 0x5b, 0x00, 0xff, 0x00, 0x49, 0x57, 0x00, 0x1f, 0xff, 0xff,
  0xfb, 0xcd, 0x00, 0xff, 0xfd, 0xb0, 0x1b, 0x00, 0x15, 0xff, 0xff, 0xbb,
  0x8b, 0x00, 0xff, 0xff, 0xd5, 0x3a, 0x00, 0xff, 0x00, 0x22, 0xdd, 0x00,
  0xff, 0x00, 0x3a, 0x98, 0x00, 0xff, 0x00, 0x2e, 0x7c, 0x00, 0xff, 0x00,
  0x26, 0xf7, 0x00, 0xff, 0x00, 0x2f, 0x12, 0x00, 0xff, 0x00, 0x49, 0x57,
  0x00, 0xff, 0x00, 0x44, 0x75, 0x00, 0xff, 0x00, 0x2d, 0xff, 0x00, 0xff,
  0xff, 0xd0, 0xee, 0x00, 0xff, 0xff, 0xd1, 0x84, 0x00, 0xff, 0xff, 0xc5,
  0x68, 0x00, 0xff, 0xff, 0xd5, 0xd0, 0x00, 0xff, 0xff, 0xdd, 0x23, 0x00,
  0xff, 0xff, 0xb6, 0xa9, 0x00, 0x1f, 0x0e, 0xf7, 0x30, 0xfb, 0x5c, 0xff,
  0x00, 0xf6, 0x7b, 0xe7, 0xff, 0x00, 0x6a, 0x40, 0x00, 0xff, 0x00, 0xe4,
  0x06, 0xe9, 0xff, 0x00, 0xbd, 0xd8, 0x11, 0xff, 0x00, 0xe5, 0x65, 0x1f,
  0x01, 0x8b, 0xff, 0x01, 0x20, 0x7a, 0x1d, 0xff, 0x00, 0xe8, 0x39, 0xdb,
  0xff, 0x01, 0x20, 0x92, 0xf2, 0x03, 0xff, 0x01, 0x7f, 0xfc, 0x00, 0xff,
  0x00, 0x98, 0xbc, 0x00, 0x15, 0xff, 0x00, 0x30, 0x89, 0x00, 0x8b, 0xff,
  0x00, 0x2f, 0xf3, 0x00, 0xff, 0x00, 0x07, 0x53, 0x00, 0xff, 0x00, 0x2d,
  0x37, 0x00, 0xff, 0x00, 0x0d, 0x48, 0x00, 0xff, 0xff, 0xe8, 0x45, 0x00,
  0xff, 0xff, 0xa2, 0xa4, 0x00, 0xff, 0xff, 0x7d, 0x24, 0x00, 0xff, 0xff,
  0xc6, 0xc6, 0x00, 0xff, 0xff, 0x45, 0x48, 0x00, 0xff, 0x00, 0x17, 0xbb,
  0x00, 0xff, 0xff, 0xf4, 0x7a, 0x00, 0xff, 0x00, 0x01, 0x77, 0x00, 0xff,
  0xff, 0xf5, 0xa6, 0x00, 0xff, 0xff, 0xf7, 0x36, 0x00, 0x8b, 0xff, 0xff,
  0xf4, 0x61, 0x00, 0x08, 0xff, 0xff, 0x2f, 0xb3, 0x00, 0x07, 0xff, 0xff,
  0xf5, 0x5b, 0x00, 0xff, 0x00, 0x08, 0x98, 0x00, 0xff, 0xff, 0xf7, 0x68,
  0x00, 0xff, 0x00, 0x0a, 0xa5, 0x00, 0x1e, 0xff, 0x01, 0x3c, 0xe5, 0x00,
  0xff, 0x00, 0x00, 0x4b, 0x00, 0xff, 0x01, 0x36, 0xa5, 0x00, 0xff, 0x00,
  0x0c, 0xcb, 0x00, 0x8b, 0xff, 0x02, 0x9e, 0x9b, 0x00, 0x08, 0xff, 0x00,
  0xb6, 0xd0, 0x00, 0xff, 0xff, 0x7f, 0x63, 0x00, 0xff, 0x00, 0x85, 0x7f,
  0x00, 0xff, 0xfe, 0xec, 0x06, 0x00, 0xff, 0xfe, 0xec, 0x06, 0x00, 0xff,
  0xff, 0x7f, 0x4a, 0x00, 0xff, 0xff, 0x7a, 0x81, 0x00, 0xff, 0xff, 0x49,
  0x30, 0x00, 0xff, 0xff, 0x49, 0x30, 0x00, 0xff, 0x00, 0xa4, 0xa6, 0x00,
  0xff, 0xff, 0x6b, 0xdb, 0x00, 0xff, 0x00, 0xdb, 0x56, 0x00, 0x1e, 0xff,
  0x00, 0x16, 0xda, 0x00, 0xff, 0x01, 0xa1, 0xdf, 0x00, 0x15, 0xff, 0x00,
  0x46, 0x1e, 0x00, 0xff, 0x00, 0x2b, 0xc0, 0x00, 0xff, 0xff, 0xd5, 0x85,
  0x00, 0xff, 0xff, 0xcb, 0x8f, 0x00, 0xff, 0xff, 0xcb, 0x8f, 0x00, 0xff,
  0xff, 0xc4, 0xeb, 0x00, 0xff, 0xff, 0xd5, 0x85, 0x00, 0xff, 0xff, 0xc1,
  0x03, 0x00, 0xff, 0xff, 0xc1, 0x03, 0x00, 0xff, 0xff, 0xd0, 0xd5, 0x00,
  0xff, 0x00, 0x2a, 0x7b, 0x00, 0xff, 0x00, 0x34, 0x71, 0x00, 0xff, 0x00,
  0x34, 0x71, 0x00, 0xff, 0x00, 0x2b, 0x43, 0x00, 0xff, 0x00, 0x2a, 0x7b,
  0x00, 0xff, 0x00, 0x4b, 0x19, 0x00, 0x1f, 0x0e, 0xfb, 0x8e, 0xff, 0xff,
  0x29, 0xa5, 0x1f, 0xff, 0x01, 0x1b, 0x65, 0xe3, 0xff, 0x00, 0x4a, 0x9b,
  0xe7, 0xff, 0x01, 0x1b, 0x65, 0xe3, 0x01, 0xd6, 0xff, 0x01, 0x1b, 0x65,
  0xe3, 0x03, 0xd6, 0xff, 0xff, 0xb7, 0x58, 0x00, 0x15, 0x25, 0x0a, 0xff,
  0x01, 0x66, 0x02, 0x00, 0x04, 0x25, 0x0a, 0x0e, 0xfb, 0x8e, 0xff, 0x00,
  0x8f, 0xa6, 0xe9, 0xff, 0x01, 0x1b, 0x65, 0xe3, 0x01, 0xd6, 0xff, 0x01,
  0x1b, 0x65, 0xe3, 0x03, 0xff, 0x01, 0x66, 0x0d, 0x40, 0xff, 0xff, 0xb7,
  0x8a, 0x00, 0x15, 0x24, 0x0a, 0xff, 0xfe, 0xe4, 0xf2, 0xc0, 0xff, 0x01,
  0x65, 0xd0, 0x00, 0x15, 0x25, 0x0a, 0x0e, 0xe3, 0xff, 0x01, 0xce, 0xa5,
  0x80, 0xff, 0xff, 0xda, 0x99, 0x00, 0x15, 0xff, 0xff, 0xf9, 0x8e, 0x00,
  0x8b, 0xff, 0xff, 0xf9, 0xa7, 0x00, 0xff, 0x00, 0x02, 0x26, 0x00, 0xff,
  0xff, 0xfa, 0xd3, 0x00, 0xff, 0x00, 0x04, 0x1a, 0x00, 0x08, 0xff, 0xfe,
  0x95, 0xcb, 0x00, 0xff, 0x01, 0x1b, 0x98, 0x00, 0x05, 0xff, 0xff, 0xf6,
  0x0a, 0x00, 0xff, 0x00, 0x07, 0xd0, 0x00, 0x8b, 0xff, 0x00, 0x0f, 0x0a,
  0x00, 0xff, 0x00, 0x09, 0xf6, 0x00, 0xff, 0x00, 0x07, 0xd0, 0x00, 0x08,
  0xff, 0x01, 0x6a, 0x1c, 0x00, 0xff, 0x01, 0x1b, 0x98, 0x00, 0x05, 0xff,
  0x00, 0x05, 0x2d, 0x00, 0xff, 0x00, 0x04, 0x1a, 0x00, 0xff, 0x00, 0x06,
  0x59, 0x00, 0xff, 0x00, 0x02, 0x26, 0x00, 0xff, 0x00, 0x06, 0x8b, 0x00,
  0x8b, 0x08, 0xff, 0x00, 0xd6, 0x29, 0x00, 0x06, 0xff, 0x00, 0x12, 0x8e,
  0x00, 0x8b, 0xff, 0x00, 0x08, 0x02, 0x00, 0xff, 0xff, 0xe8, 0x90, 0x00,
  0xff, 0xff, 0xf1, 0x73, 0x00, 0xff, 0xff, 0xf4, 0x93, 0x00, 0x08, 0xff,
  0xfe, 0xa6, 0xc9, 0x00, 0xff, 0xfe, 0xf1, 0xb0, 0x00, 0xff, 0x01, 0x59,
  0x37, 0x00, 0xff, 0xfe, 0xf1, 0xb0, 0x00, 0x05, 0xff, 0x00, 0x0e, 0x8d,
  0x00, 0xff, 0xff, 0xf4, 0x93, 0x00, 0xff, 0xff, 0xf7, 0xfe, 0x00, 0xff,
  0xff, 0xe8, 0x90, 0x00, 0xff, 0xff, 0xed, 0x72, 0x00, 0x8b, 0x08, 0x0e,
  0xf3, 0xff, 0x00, 0x00, 0x90, 0x00, 0xff, 0x00, 0xeb, 0x73, 0x00, 0xff,
  0x00, 0x40, 0x8d, 0x00, 0xff, 0x00, 0xeb, 0x73, 0x00, 0x01, 0xff, 0x00,
  0x5e, 0x3d, 0x00, 0xff, 0x01, 0x2c, 0x90, 0x00, 0x15, 0x26, 0x0a, 0xfb,
  0xc0, 0x04, 0x26, 0x0a, 0x0e, 0xe3, 0xff, 0x01, 0x34, 0xad, 0x40, 0xff,
  0xff, 0xda, 0x99, 0x00, 0x15, 0xff, 0x00, 0x06, 0x72, 0x00, 0x8b, 0xff,
  0x00, 0x06, 0x59, 0x00, 0xff, 0x00, 0x02, 0x26, 0x00, 0xff, 0x00, 0x05,
  0x2d, 0x00, 0xff, 0x00, 0x04, 0x1a, 0x00, 0x08, 0xff, 0x01, 0x6a, 0x35,
  0x00, 0xff, 0x01, 0x1b, 0x98, 0x00, 0x05, 0xff, 0x00, 0x09, 0xf6, 0x00,
  0xff, 0x00, 0x07, 0xd0, 0x00, 0x8b, 0xff, 0x00, 0x0f, 0x0a, 0x00, 0xff,
  0xff, 0xf6, 0x0a, 0x00, 0xff, 0x00, 0x07, 0xd0, 0x00, 0x08, 0xff, 0xfe,
  0x95, 0xe4, 0x00, 0xff, 0x01, 0x1b, 0x98, 0x00, 0x05, 0xff, 0xff, 0xfa,
  0xd3, 0x00, 0xff, 0x00, 0x04, 0x1a, 0x00, 0xff, 0xff, 0xf9, 0xa7, 0x00,
  0xff, 0x00, 0x02, 0x26, 0x00, 0xff, 0xff, 0xf9, 0x75, 0x00, 0x8b, 0x08,
  0xff, 0xff, 0x29, 0xd7, 0x00, 0x06, 0xff, 0xff, 0xed, 0x72, 0x00, 0x8b,
  0xff, 0xff, 0xf7, 0xfe, 0x00, 0xff, 0xff, 0xe8, 0x90, 0x00, 0xff, 0x00,
  0x0e, 0x8d, 0x00, 0xff, 0xff, 0xf4, 0x93, 0x00, 0x08, 0xff, 0x01, 0x59,
  0x37, 0x00, 0xff, 0xfe, 0xf1, 0xb0, 0x00, 0xff, 0xfe, 0xa6, 0xc9, 0x00,
  0xff, 0xfe, 0xf1, 0xb0, 0x00, 0x05, 0xff, 0xff, 0xf1, 0x73, 0x00, 0xff,
  0xff, 0xf4, 0x93, 0x00, 0xff, 0x00, 0x08, 0x02, 0x00, 0xff, 0xff, 0xe8,
  0x90, 0x00, 0xff, 0x00, 0x12, 0x8e, 0x00, 0x8b, 0x08, 0x0e, 0xb0, 0xfb,
  0x5c, 0xff, 0x00, 0xef, 0x0f, 0xdf, 0xff, 0x00, 0x59, 0xf1, 0x27, 0xff,
  0x00, 0xe8, 0xcf, 0xdf, 0xff, 0x00, 0xe5, 0xe2, 0x0d, 0xff, 0x00, 0xdf,
  0x57, 0x0a, 0x12, 0xff, 0x00, 0xc5, 0x11, 0xec, 0xff, 0x01, 0x4d, 0xb0,
  0xe5, 0xff, 0xff, 0x68, 0x0c, 0x4a, 0xff, 0x01, 0x0a, 0xb2, 0xf2, 0x13,
  0xf0, 0xff, 0x01, 0xff, 0x3b, 0x00, 0xfb, 0x5c, 0x15, 0xff, 0x00, 0x0a,
  0xbe, 0x00, 0x8b, 0xff, 0x00, 0x08, 0xb1, 0x00, 0xff, 0x00, 0x08, 0xb1,
  0x00, 0xff, 0x00, 0x00, 0x19, 0x00, 0xff, 0x00, 0x0a, 0xd7, 0x00, 0x08,
  0xf7, 0x5c, 0x07, 0xff, 0x00, 0x0a, 0xd7, 0x00, 0xff, 0xff, 0xf7, 0x36,
  0x00, 0xff, 0x00, 0x08, 0xb1, 0x00, 0xff, 0xff, 0xf5, 0x42, 0x00, 0x1e,
  0xff, 0xfe, 0xd9, 0x5f, 0x00, 0x06, 0xff, 0xff, 0xf5, 0x29, 0x00, 0xff,
  0xff, 0xf7, 0x4f, 0x00, 0xff, 0xff, 0xf7, 0x36, 0x00, 0xff, 0xff, 0xf5,
  0x42, 0x00, 0x1f, 0xfb, 0x5c, 0x07, 0xff, 0xff, 0xf5, 0x29, 0x00, 0xff,
  0x00, 0x08, 0xca, 0x00, 0xff, 0xff, 0xf7, 0x4f, 0x00, 0xff, 0x00, 0x0a,
  0xbe, 0x00, 0x1e, 0xff, 0x01, 0x49, 0x01, 0x00, 0x04, 0xff, 0x01, 0x26,
  0xa1, 0x00, 0x06, 0xff, 0x00, 0x0a, 0xbe, 0x00, 0xff, 0x00, 0x08, 0xca,
  0x00, 0xff, 0x00, 0x08, 0xb1, 0x00, 0xff, 0x00, 0x0a, 0xd7, 0x00, 0x1f,
  0xff, 0x00, 0x2a, 0x94, 0x00, 0x07, 0x13, 0xe8, 0x8b, 0xff, 0x00, 0x72,
  0xbf, 0x00, 0xff, 0x00, 0x50, 0x5f, 0x00, 0xff, 0x00, 0xd7, 0x23, 0x00,
  0xff, 0x00, 0xd7, 0x23, 0x00, 0xff, 0xff, 0x4e, 0x12, 0x00, 0xff, 0x00,
  0x71, 0x48, 0x00, 0xff, 0xff, 0x73, 0x79, 0x00, 0x1f, 0xff, 0xff, 0x6a,
  0xaf, 0x00, 0xff, 0xff, 0xff, 0xe7, 0x00, 0xff, 0xff, 0xbe, 0x79, 0x00,
  0xff, 0xff, 0xe9, 0x3f, 0x00, 0xff, 0xff, 0xe7, 0x64, 0x00, 0xff, 0xff,
  0xf3, 0x99, 0x00, 0xff, 0xff, 0xf8, 0x30, 0x00, 0xff, 0xff, 0xfc, 0x18,
  0x00, 0xff, 0xff, 0xfb, 0x37, 0x00, 0xff, 0xff, 0xf8, 0x17, 0x00, 0x8b,
  0xff, 0xff, 0xf7, 0x36, 0x00, 0x08, 0xff, 0xff, 0xb3, 0xa2, 0x00, 0x07,
  0x8b, 0xff, 0xff, 0xfc, 0xae, 0x00, 0xff, 0x00, 0x00, 0xe1, 0x00, 0xff,
  0xff, 0xfc, 0xc7, 0x00, 0xff, 0x00, 0x01, 0x90, 0x00, 0xff, 0xff, 0xfd,
  0x12, 0x00, 0x08, 0xff, 0x00, 0x2e, 0x31, 0x00, 0xff, 0xff, 0xac, 0xe5,
  0x00, 0x05, 0xff, 0x00, 0x05, 0x78, 0x00, 0xff, 0xff, 0xf6, 0x23, 0x00,
  0xff, 0x00, 0x0b, 0xb8, 0x00, 0xff, 0xff, 0xfb, 0xcd, 0x00, 0xff, 0x00,
  0x0a, 0xbe, 0x00, 0xff, 0x00, 0x03, 0x84, 0x00, 0xff, 0x00, 0x10, 0xfe,
  0x00, 0xff, 0x00, 0x05, 0x91, 0x00, 0xff, 0x00, 0x1f, 0xa4, 0x00, 0xff,
  0x00, 0x06, 0x72, 0x00, 0xff, 0x00, 0x38, 0x0e, 0x00, 0x8b, 0x08, 0xff,
  0x00, 0x29, 0xcc, 0x00, 0xff, 0x00, 0x50, 0xc3, 0x00, 0xff, 0xff, 0xeb,
  0x1a, 0x00, 0xff, 0xff, 0xae, 0x43, 0x00, 0xff, 0xff, 0xa1, 0xaa, 0x00,
  0xff, 0xff, 0xd9, 0x22, 0x00, 0xff, 0xff, 0xdc, 0xd8, 0x00, 0xff, 0xff,
  0xa6, 0x5a, 0x00, 0x1f, 0xff, 0xff, 0xf3, 0x03, 0x00, 0x8b, 0xff, 0xff,
  0xf5, 0xd8, 0x00, 0xff, 0x00, 0x00, 0xfa, 0x00, 0xff, 0xff, 0xf8, 0x30,
  0x00, 0xff, 0x00, 0x01, 0x45, 0x00, 0x08, 0x13, 0xf0, 0xff, 0xff, 0xf4,
  0x48, 0x00, 0xff, 0x00, 0x01, 0xf4, 0x00, 0xff, 0xff, 0xf5, 0x74, 0x00,
  0xff, 0xff, 0xf6, 0xa0, 0x00, 0x8b, 0xff, 0xff, 0xf4, 0x16, 0x00, 0x08,
  0xff, 0xff, 0x3d, 0xdc, 0x00, 0x07, 0xff, 0xff, 0xf5, 0x5b, 0x00, 0xff,
  0x00, 0x08, 0xca, 0x00, 0xff, 0xff, 0xf7, 0x4f, 0x00, 0xff, 0x00, 0x0a,
  0xbe, 0x00, 0x1e, 0x0e, 0xf8, 0xc4, 0xff, 0xff, 0x2f, 0xb4, 0x00, 0x76,
  0xff, 0x00, 0xe5, 0xc9, 0x00, 0xff, 0x00, 0xd0, 0x98, 0x00, 0xff, 0x00,
  0xa2, 0x1c, 0x00, 0xff, 0x00, 0xcf, 0x6c, 0x00, 0xff, 0x00, 0x4e, 0xb6,
  0x00, 0xff, 0x00, 0x9d, 0x9e, 0x00, 0x01, 0xd6, 0xff, 0x00, 0x9d, 0x53,
  0x00, 0xff, 0x03, 0x0a, 0x52, 0x00, 0xff, 0x00, 0x9d, 0xb7, 0x00, 0x03,
  0xff, 0x03, 0x6d, 0xa3, 0x00, 0xff, 0x00, 0x0c, 0xb2, 0x00, 0x15, 0xff,
  0x00, 0x36, 0x1a, 0x00, 0xff, 0x00, 0x02, 0x8a, 0x00, 0xff, 0x00, 0x41,
  0x6e, 0x00, 0xff, 0x00, 0x0f, 0x55, 0x00, 0xff, 0x00, 0x3c, 0x73, 0x00,
  0xff, 0x00, 0x2e, 0xae, 0x00, 0xff, 0x00, 0x32, 0x7d, 0x00, 0xff, 0x00,
  0x26, 0xf7, 0x00, 0xff, 0x00, 0x3c, 0x41, 0x00, 0xff, 0x00, 0x60, 0x63,
  0x00, 0x8b, 0xff, 0x00, 0x91, 0x1e, 0x00, 0x08, 0xff, 0x01, 0x26, 0x0b,
  0x00, 0xff, 0xff, 0x52, 0x45, 0x00, 0xff, 0x00, 0xa3, 0x2f, 0x00, 0xff,
  0xfe, 0xb5, 0xba, 0x00, 0xff, 0xfe, 0x6b, 0x1e, 0x00, 0xff, 0xff, 0x47,
  0x87, 0x00, 0xff, 0xfe, 0xf1, 0x33, 0x00, 0xff, 0xff, 0x04, 0x57, 0x00,
  0x1e, 0x8b, 0xfb, 0x2a, 0xff, 0x00, 0x3d, 0xea, 0x00, 0xff, 0xff, 0x72,
  0x98, 0x00, 0xff, 0x00, 0x6b, 0xd0, 0x00, 0xff, 0xff, 0x9f, 0x84, 0x00,
  0xff, 0x00, 0x47, 0x4a, 0x00, 0xff, 0xff, 0xc0, 0x3b, 0x00, 0xff, 0x00,
  0x78, 0xe6, 0x00, 0xff, 0xff, 0xb9, 0xe2, 0x00, 0xff, 0x00, 0xba, 0xea,
  0x00, 0x8b, 0xff, 0x00, 0x1c, 0x6b, 0x00, 0x8b, 0xff, 0x00, 0x1d, 0xfb,
  0x00, 0xff, 0x00, 0x01, 0xa9, 0x00, 0xff, 0x00, 0x1f, 0x72, 0x00, 0xff,
  0x00, 0x03, 0x6b, 0x00, 0x08, 0xff, 0xff, 0xee, 0x85, 0x00, 0xff, 0x00,
  0x9c, 0x8b, 0x00, 0x05, 0xff, 0xff, 0x70, 0xbd, 0x00, 0xff, 0xff, 0xef,
  0xfc, 0x00, 0xff, 0xff, 0x88, 0x14, 0x00, 0xff, 0x00, 0x1f, 0x0e, 0x00,
  0xff, 0xff, 0xac, 0x9a, 0x00, 0xff, 0x00, 0x4a, 0x83, 0x00, 0xff, 0xff,
  0xb5, 0x7d, 0x00, 0xff, 0x00, 0x42, 0xb3, 0x00, 0xff, 0xff, 0xd5, 0x3a,
  0x00, 0xff, 0x00, 0x62, 0xa2, 0x00, 0x8b, 0xff, 0x00, 0x69, 0x2d, 0x00,
  0x08, 0xff, 0x00, 0xb5, 0xa4, 0x00, 0xff, 0x00, 0x85, 0x7f, 0x00, 0xff,
  0x00, 0xb7, 0x4d, 0x00, 0xff, 0x01, 0x2a, 0x57, 0x00, 0xff, 0x00, 0x8d,
  0x36, 0x00, 0xff, 0x00, 0xcd, 0x46, 0x00, 0xff, 0xff, 0xea, 0x07, 0x00,
  0xff, 0xfe, 0xea, 0x44, 0x00, 0x1e, 0x8b, 0xff, 0xff, 0xbf, 0x0f, 0x00,
  0xff, 0xff, 0xef, 0x7f, 0x00, 0xff, 0xff, 0xbe, 0xc4, 0x00, 0xff, 0xff,
  0xdf, 0x62, 0x00, 0xff, 0xff, 0xe6, 0xb5, 0x00, 0xff, 0xff, 0xec, 0x2d,
  0x00, 0xff, 0xff, 0xf0, 0x92, 0x00, 0xff, 0xff, 0xea, 0x9d, 0x00, 0xff,
  0xff, 0xf7, 0x81, 0x00, 0xff, 0xff, 0xeb, 0x01, 0x00, 0xff, 0xff, 0xfb,
  0x9b, 0x00, 0x08, 0xff, 0x01, 0x79, 0xee, 0x00, 0x07, 0xff, 0x00, 0x08,
  0xb1, 0x00, 0xff, 0xff, 0xf8, 0xf8, 0x00, 0xff, 0x00, 0x07, 0x08, 0x00,
  0xff, 0xff, 0xf7, 0x4f, 0x00, 0x1e, 0xff, 0xff, 0x2d, 0x10, 0x00, 0xff,
  0xff, 0xfe, 0xed, 0x00, 0x06, 0xff, 0xff, 0xdd, 0x3c, 0x00, 0xff, 0x00,
  0x0a, 0xf0, 0x00, 0xff, 0xff, 0xda, 0x80, 0x00, 0xff, 0x00, 0x04, 0x7e,
  0x00, 0xff, 0xff, 0xd9, 0x09, 0x00, 0xff, 0xff, 0xfc, 0xc7, 0x00, 0xff,
  0xff, 0x77, 0x48, 0x00, 0xff, 0xff, 0xf4, 0xac, 0x00, 0xff, 0xff, 0x8f,
  0xe4, 0x00, 0xff, 0xff, 0x92, 0xeb, 0x00, 0xff, 0xff, 0xf1, 0x73, 0x00,
  0xff, 0xff, 0x77, 0x93, 0x00, 0xff, 0xff, 0xed, 0x72, 0x00, 0xff, 0xff,
  0x51, 0xe1, 0x00, 0xff, 0x00, 0x88, 0x09, 0x00, 0xff, 0xff, 0x6c, 0xd5,
  0x00, 0xff, 0x00, 0xaa, 0x69, 0x00, 0x8b, 0xff, 0x00, 0x1e, 0x2d, 0x00,
  0x8b, 0xff, 0x00, 0x1d, 0x33, 0x00, 0xff, 0x00, 0x04, 0xb0, 0x00, 0xff,
  0x00, 0x1b, 0x58, 0x00, 0xff, 0x00, 0x08, 0x98, 0x00, 0x08, 0xff, 0xff,
  0xfe, 0xd4, 0x00, 0xff, 0x00, 0xcc, 0xfb, 0x00, 0x07, 0xff, 0xfe, 0xdc,
  0x34, 0x00, 0xff, 0x00, 0xc4, 0x7c, 0x00, 0x15, 0xff, 0xff, 0xd3, 0x2d,
  0x00, 0xff, 0xff, 0xdb, 0xc5, 0x00, 0xff, 0x00, 0x24, 0x54, 0x00, 0xff,
  0x00, 0x2c, 0xba, 0x00, 0xff, 0x00, 0x2c, 0xba, 0x00, 0xff, 0x00, 0x24,
  0x54, 0x00, 0xff, 0x00, 0x24, 0x54, 0x00, 0xff, 0x00, 0x2c, 0xba, 0x00,
  0xff, 0x00, 0x2c, 0xd3, 0x00, 0xff, 0x00, 0x24, 0x3b, 0x00, 0xff, 0xff,
  0xdb, 0xac, 0x00, 0xff, 0xff, 0xd3, 0x46, 0x00, 0xff, 0xff, 0xd3, 0x46,
  0x00, 0xff, 0xff, 0xdb, 0xc5, 0x00, 0xff, 0xff, 0xdb, 0xac, 0x00, 0xff,
  0xff, 0xd3, 0x2d, 0x00, 0x1f, 0x0e, 0xf7, 0xe8, 0xff, 0xff, 0x4c, 0xe6,
  0xe9, 0x76, 0xff, 0x03, 0xe8, 0x19, 0x17, 0x77, 0x01, 0xff, 0x02, 0x6b,
  0xa1, 0x00, 0xf9, 0xb4, 0x15, 0x27, 0x0a, 0xff, 0xff, 0x40, 0x66, 0x00,
  0xff, 0xfd, 0xa9, 0xdb, 0x00, 0x15, 0x28, 0x0a, 0x0e, 0xf7, 0x1b, 0xfb,
  0x5c, 0xff, 0x00, 0xe8, 0xcf, 0xdf, 0xff, 0x00, 0x93, 0xf3, 0x33, 0xff,
  0x00, 0xee, 0x61, 0x06, 0xff, 0x00, 0x94, 0x0c, 0x09, 0xff, 0x00, 0xe8,
  0xcf, 0xdf, 0x12, 0x8b, 0xff, 0x01, 0x18, 0xf4, 0xfe, 0xff, 0x00, 0xad,
  0xa2, 0x0c, 0xff, 0x01, 0x1b, 0xb0, 0xe5, 0xff, 0xff, 0x12, 0x34, 0xff,
  0xff, 0x01, 0x1f, 0xcb, 0x02, 0x13, 0xf8, 0xff, 0x02, 0xc1, 0xc3, 0x00,
  0xff, 0x01, 0x58, 0xba, 0x00, 0x15, 0x8b, 0xff, 0x00, 0x20, 0x85, 0x00,
  0xff, 0x00, 0x26, 0x93, 0x00, 0xff, 0x00, 0x6c, 0x66, 0x00, 0xff, 0x00,
  0xcc, 0x97, 0x00, 0xff, 0xff, 0x84, 0x45, 0x00, 0xff, 0x00, 0x67, 0xb6,
  0x00, 0xff, 0xff, 0x6f, 0x78, 0x00, 0x1f, 0xff, 0xfe, 0x3d, 0x83, 0x00,
  0x06, 0xff, 0xff, 0xf5, 0x29, 0x00, 0xff, 0xff, 0xf7, 0x4f, 0x00, 0xff,
  0xff, 0xf7, 0x4f, 0x00, 0xff, 0xff, 0xf5, 0x29, 0x00, 0x1f, 0xff, 0xfc,
  0x3f, 0x10, 0x00, 0x07, 0xff, 0xff, 0xf5, 0x42, 0x00, 0xff, 0x00, 0x08,
  0xb1, 0x00, 0xff, 0xff, 0xf7, 0x36, 0x00, 0xff, 0x00, 0x0a, 0xd7, 0x00,
  0x1e, 0xff, 0x01, 0xfa, 0x8b, 0x00, 0x06, 0x13, 0xf4, 0xff, 0x00, 0x89,
  0xe4, 0x00, 0xff, 0x00, 0x7c, 0x51, 0x00, 0xff, 0x00, 0x6b, 0x21, 0x00,
  0xff, 0x00, 0xd3, 0xea, 0x00, 0x1f, 0xff, 0xff, 0xff, 0xe7, 0x00, 0xff,
  0x00, 0x8a, 0x93, 0x00, 0xff, 0xff, 0xad, 0xdf, 0x00, 0xff, 0x00, 0x56,
  0xd1, 0x00, 0xff, 0xff, 0xff, 0xb5, 0x00, 0xff, 0x00, 0x00, 0x4b, 0x00,
  0x08, 0xff, 0xfe, 0x57, 0x32, 0x00, 0xff, 0x00, 0xd4, 0xb2, 0x00, 0x15,
  0xff, 0x00, 0x05, 0x5f, 0x00, 0xff, 0x00, 0x04, 0x65, 0x00, 0xff, 0x00,
  0x04, 0x65, 0x00, 0xff, 0x00, 0x05, 0x5f, 0x00, 0x1e, 0xff, 0x00, 0x59,
  0xd8, 0x00, 0x06, 0x13, 0xf8, 0xff, 0x00, 0x28, 0xd2, 0x00, 0xff, 0x00,
  0x21, 0x34, 0x00, 0xff, 0xff, 0xde, 0xe5, 0x00, 0xff, 0xff, 0xd7, 0x15,
  0x00, 0xff, 0xff, 0xd7, 0x2e, 0x00, 0xff, 0xff, 0xde, 0xe5, 0x00, 0xff,
  0xff, 0xde, 0xcc, 0x00, 0xff, 0xff, 0xd7, 0x15, 0x00, 0x1f, 0xff, 0xff,
  0xa6, 0x28, 0x00, 0x06, 0xff, 0xff, 0xfa, 0xa1, 0x00, 0xff, 0xff, 0xfb,
  0x9b, 0x00, 0xff, 0x00, 0x04, 0x65, 0x00, 0xff, 0x00, 0x05, 0x5f, 0x00,
  0x1f, 0xff, 0x00, 0x91, 0x82, 0x00, 0xff, 0xfe, 0x73, 0xe8, 0x00, 0x15,
  0xff, 0xff, 0x78, 0x42, 0x00, 0x06, 0xff, 0xff, 0xfa, 0xa1, 0x00, 0xff,
  0xff, 0xfb, 0x9b, 0x00, 0xff, 0x00, 0x04, 0x65, 0x00, 0xff, 0x00, 0x05,
  0x5f, 0x00, 0x1f, 0xff, 0x00, 0x80, 0x6b, 0x00, 0x07, 0xff, 0x00, 0x05,
  0x5f, 0x00, 0xff, 0x00, 0x04, 0x65, 0x00, 0xff, 0x00, 0x04, 0x65, 0x00,
  0xff, 0x00, 0x05, 0x5f, 0x00, 0x1e, 0xff, 0x00, 0x87, 0xbe, 0x00, 0x06,
  0x13, 0xf4, 0xff, 0x00, 0x28, 0xd2, 0x00, 0xff, 0x00, 0x21, 0x34, 0x00,
  0xff, 0xff, 0xde, 0xe5, 0x00, 0xff, 0xff, 0xd7, 0x15, 0x00, 0xff, 0xff,
  0xd7, 0x15, 0x00, 0xff, 0xff, 0xde, 0xcc, 0x00, 0xff, 0xff, 0xde, 0xfe,
  0x00, 0xff, 0xff, 0xd7, 0x2e, 0x00, 0x1f, 0x0e, 0xf7, 0xb1, 0xff, 0xff,
  0x1a, 0xb3, 0xf8, 0xff, 0x01, 0x1b, 0x1a, 0xe1, 0xff, 0x01, 0xdd, 0xee,
  0x15, 0xff, 0x01, 0x1b, 0x33, 0xf8, 0x01, 0x8b, 0xff, 0x01, 0x1c, 0x91,
  0xec, 0x03, 0xff, 0x02, 0xe2, 0x2f, 0x00, 0xff, 0x00, 0x92, 0x18, 0x00,
  0x15, 0xff, 0xff, 0xf7, 0xfe, 0x00, 0xff, 0x00, 0x06, 0x59, 0x00, 0xff,
  0xff, 0xf4, 0x48, 0x00, 0xff, 0xff, 0xff, 0x38, 0x00, 0xff, 0xff, 0xf9,
  0x43, 0x00, 0xff, 0xff, 0xf8, 0x49, 0x00, 0xff, 0xff, 0xd3, 0x2d, 0x00,
  0xff, 0xff, 0xcc, 0xa2, 0x00, 0xff, 0xff, 0xba, 0x14, 0x00, 0xff, 0xff,
  0xd9, 0x3b, 0x00, 0xff, 0xff, 0xb7, 0xd5, 0x00, 0x8b, 0x08, 0xff, 0xff,
  0x7b, 0x62, 0x00, 0xff, 0xff, 0x94, 0x62, 0x00, 0xff, 0x00, 0x6b, 0x08,
  0x00, 0xff, 0x00, 0x83, 0xef, 0x00, 0xff, 0x00, 0x83, 0xef, 0x00, 0xff,
  0x00, 0x6b, 0x85, 0x00, 0xff, 0x00, 0x6b, 0x08, 0x00, 0xff, 0x00, 0x84,
  0xb7, 0x00, 0x1f, 0xff, 0x00, 0x47, 0xc7, 0x00, 0x8b, 0xff, 0x00, 0x45,
  0x88, 0x00, 0xff, 0xff, 0xd9, 0xb8, 0x00, 0xff, 0x00, 0x2c, 0xd3, 0x00,
  0xff, 0xff, 0xcd, 0x38, 0x00, 0xff, 0x00, 0x06, 0xbd, 0x00, 0xff, 0xff,
  0xf8, 0x62, 0x00, 0xff, 0x00, 0x0b, 0x9f, 0x00, 0xff, 0xff, 0xff, 0x38,
  0x00, 0xff, 0x00, 0x08, 0x02, 0x00, 0xff, 0x00, 0x06, 0x59, 0x00, 0x08,
  0xff, 0x00, 0xc0, 0x94, 0x00, 0xff, 0x00, 0x98, 0xa3, 0x00, 0x05, 0xff,
  0x00, 0x08, 0x66, 0x00, 0xff, 0x00, 0x06, 0xa4, 0x00, 0xff, 0x00, 0x01,
  0xa9, 0x00, 0xff, 0x00, 0x0c, 0x67, 0x00, 0xff, 0xff, 0xf9, 0x2a, 0x00,
  0xff, 0x00, 0x08, 0x4d, 0x00, 0xff, 0xff, 0x9f, 0xe8, 0x00, 0xff, 0x00,
  0x76, 0x8e, 0x00, 0xff, 0xff, 0x6c, 0xbc, 0x00, 0xff, 0x00, 0x4b, 0xc8,
  0x00, 0xff, 0xff, 0x5a, 0xf6, 0x00, 0x8b, 0x08, 0xff, 0xfe, 0xde, 0x41,
  0x00, 0xff, 0xff, 0x15, 0x0a, 0x00, 0xff, 0xff, 0x16, 0x36, 0x00, 0xff,
  0xfe, 0xdf, 0x9f, 0x00, 0xff, 0xfe, 0xdf, 0x9f, 0x00, 0xff, 0x00, 0xea,
  0xf6, 0x00, 0xff, 0xff, 0x16, 0x4f, 0x00, 0xff, 0x01, 0x21, 0xbf, 0x00,
  0x1f, 0xff, 0x00, 0xa5, 0x87, 0x00, 0x8b, 0xff, 0x00, 0x93, 0x8f, 0x00,
  0xff, 0x00, 0x4c, 0x45, 0x00, 0xff, 0x00, 0x60, 0x31, 0x00, 0xff, 0x00,
  0x77, 0x0b, 0x00, 0xff, 0x00, 0x06, 0xbd, 0x00, 0xff, 0x00, 0x08, 0x4d,
  0x00, 0xff, 0xff, 0xfe, 0x57, 0x00, 0xff, 0x00, 0x0c, 0x67, 0x00, 0xff,
  0xff, 0xf7, 0x9a, 0x00, 0xff, 0x00, 0x06, 0xa4, 0x00, 0x08, 0x0e, 0xf7,
  0x4b, 0xfb, 0x5c, 0xff, 0x00, 0xec, 0x9e, 0xfa, 0xff, 0x02, 0x10, 0x20,
  0x00, 0xff, 0x00, 0xeb, 0x41, 0x06, 0x01, 0x8b, 0xff, 0x01, 0x18, 0xa9,
  0xfc, 0xff, 0x01, 0x0f, 0x7b, 0xe7, 0xff, 0x01, 0x1b, 0xe3, 0x12, 0x03,
  0xff, 0x01, 0x8f, 0x38, 0x00, 0xf9, 0xb4, 0x15, 0xff, 0xfe, 0x84, 0x50,
  0x00, 0x06, 0xff, 0xff, 0xf5, 0x29, 0x00, 0xff, 0xff, 0xf7, 0x4f, 0x00,
  0xff, 0xff, 0xf7, 0x4f, 0x00, 0xff, 0xff, 0xf5, 0x29, 0x00, 0x1f, 0xff,
  0xfc, 0x3f, 0x10, 0x00, 0x07, 0xff, 0xff, 0xf5, 0x42, 0x00, 0xff, 0x00,
  0x08, 0xb1, 0x00, 0xff, 0xff, 0xf7, 0x36, 0x00, 0xff, 0x00, 0x0a, 0xd7,
  0x00, 0x1e, 0xff, 0x01, 0x7b, 0xc9, 0x00, 0x06, 0xff, 0x00, 0xf1, 0x36,
  0x00, 0xff, 0x00, 0xc3, 0x82, 0x00, 0xff, 0x00, 0x94, 0x89, 0x00, 0xff,
  0x01, 0x5f, 0x77, 0x00, 0xff, 0x01, 0x5f, 0x77, 0x00, 0xff, 0xff, 0x3c,
  0x65, 0x00, 0xff, 0x00, 0x94, 0x89, 0x00, 0xff, 0xff, 0x0e, 0xca, 0x00,
  0x1f, 0xff, 0xff, 0xc1, 0x03, 0x00, 0xff, 0xfd, 0x04, 0x9f, 0x00, 0x15,
  0xff, 0xff, 0xd2, 0x33, 0x00, 0x06, 0xff, 0xff, 0xfa, 0xa1, 0x00, 0xff,
  0xff, 0xfb, 0x9b, 0x00, 0xff, 0x00, 0x04, 0x65, 0x00, 0xff, 0x00, 0x05,
  0x5f, 0x00, 0x1f, 0xff, 0x01, 0xfc, 0x98, 0x00, 0x07, 0xff, 0x00, 0x05,
  0x5f, 0x00, 0xff, 0x00, 0x04, 0x65, 0x00, 0xff, 0x00, 0x04, 0x65, 0x00,
  0xff, 0x00, 0x05, 0x5f, 0x00, 0x1e, 0xff, 0x00, 0x2d, 0xcd, 0x00, 0x06,
  0xff, 0x00, 0x77, 0x3d, 0x00, 0xff, 0x00, 0x60, 0xae, 0x00, 0xff, 0xff,
  0xb0, 0xe6, 0x00, 0xff, 0xff, 0x47, 0x0a, 0x00, 0xff, 0xff, 0x47, 0x0a,
  0x00, 0xff, 0xff, 0x9f, 0x52, 0x00, 0xff, 0xff, 0xb0, 0xe6, 0x00, 0xff,
  0xff, 0x88, 0xc3, 0x00, 0x1f, 0x0e, 0x70, 0xfb, 0x5c, 0xff, 0x00, 0xee,
  0x7a, 0x1d, 0xff, 0x00, 0x8e, 0x2f, 0xdf, 0xff, 0x00, 0xee, 0x92, 0xf2,
  0xff, 0x00, 0x8e, 0x30, 0x20, 0xff, 0x00, 0xee, 0x92, 0xf2, 0x01, 0x8b,
  0xff, 0x01, 0x18, 0xa9, 0xfc, 0x03, 0xff, 0x00, 0x13, 0x88, 0x00, 0xfb,
  0x5c, 0x15, 0x29, 0x0a, 0x0e, 0x80, 0xfb, 0x47, 0x76, 0xff, 0x01, 0x7c,
  0xa9, 0xfc, 0xff, 0x00, 0xee, 0x92, 0xf2, 0xff, 0x00, 0x8e, 0x30, 0x20,
  0xff, 0x00, 0xee, 0x92, 0xf2, 0x01, 0x8b, 0xff, 0x01, 0x18, 0xa9, 0xfc,
  0x03, 0xff, 0x02, 0x6e, 0x8f, 0x00, 0xf9, 0xb4, 0x15, 0xff, 0xfd, 0xa4,
  0xf9, 0x00, 0x06, 0xff, 0xff, 0xf5, 0x29, 0x00, 0xff, 0xff, 0xf7, 0x4f,
  0x00, 0xff, 0xff, 0xf7, 0x4f, 0x00, 0xff, 0xff, 0xf5, 0x29, 0x00, 0x1f,
  0xff, 0xfc, 0x3f, 0x10, 0x00, 0x07, 0xff, 0xff, 0xf5, 0x29, 0x00, 0xff,
  0x00, 0x08, 0xca, 0x00, 0xff, 0xff, 0xf7, 0x4f, 0x00, 0xff, 0x00, 0x0a,
  0xbe, 0x00, 0x1e, 0xff, 0x00, 0xf1, 0x9a, 0x00, 0x06, 0xff, 0x00, 0x0a,
  0xd7, 0x00, 0xff, 0x00, 0x08, 0xb1, 0x00, 0xff, 0x00, 0x08, 0xca, 0x00,
  0xff, 0x00, 0x0a, 0xbe, 0x00, 0x1f, 0xff, 0x01, 0x69, 0x22, 0x00, 0xff,
  0x01, 0x28, 0xf9, 0x00, 0x07, 0xff, 0x00, 0x0a, 0xd7, 0x00, 0xff, 0x00,
  0x08, 0xb1, 0x00, 0xff, 0x00, 0x08, 0xca, 0x00, 0xff, 0x00, 0x0a, 0xbe,
  0x00, 0x1f, 0xff, 0x00, 0xc7, 0x83, 0x00, 0x07, 0xff, 0x00, 0x0a, 0xd7,
  0x00, 0xff, 0xff, 0xf7, 0x36, 0x00, 0xff, 0x00, 0x08, 0xb1, 0x00, 0xff,
  0xff, 0xf5, 0x42, 0x00, 0x1e, 0xff, 0xfe, 0xd7, 0x07, 0x00, 0xff, 0x00,
  0x8e, 0x30, 0x00, 0xff, 0x01, 0x55, 0xe5, 0x00, 0x06, 0xff, 0x00, 0x0a,
  0xd7, 0x00, 0xff, 0x00, 0x08, 0xb1, 0x00, 0xff, 0x00, 0x08, 0xca, 0x00,
  0xff, 0x00, 0x0a, 0xbe, 0x00, 0x1f, 0xff, 0x00, 0xc7, 0x83, 0x00, 0x07,
  0xff, 0x00, 0x0a, 0xd7, 0x00, 0xff, 0xff, 0xf7, 0x36, 0x00, 0xff, 0x00,
  0x08, 0xb1, 0x00, 0xff, 0xff, 0xf5, 0x42, 0x00, 0x1e, 0x0e, 0xf8, 0x2a,
  0xff, 0xff, 0x1a, 0xb3, 0xf8, 0xff, 0x01, 0x1b, 0x1a, 0xe1, 0xff, 0x00,
  0x77, 0x6f, 0x1b, 0xff, 0x00, 0xee, 0x92, 0xf2, 0xff, 0x00, 0x77, 0xec,
  0x08, 0xff, 0x01, 0x1b, 0x33, 0xf8, 0x01, 0x8b, 0xff, 0x01, 0x1c, 0x79,
  0x17, 0x03, 0xff, 0x04, 0x0f, 0xf1, 0x00, 0xff, 0x01, 0x9b, 0xd1, 0x00,
  0x15, 0xff, 0xfd, 0xe0, 0xef, 0x00, 0x06, 0xff, 0xff, 0xf5, 0x42, 0x00,
  0xff, 0xff, 0xf7, 0x36, 0x00, 0xff, 0xff, 0xf7, 0x4f, 0x00, 0xff, 0xff,
  0xf5, 0x29, 0x00, 0x1f, 0xff, 0xff, 0x38, 0x7d, 0x00, 0x07, 0xff, 0xff,
  0xf5, 0x42, 0x00, 0xff, 0x00, 0x08, 0xb1, 0x00, 0xff, 0xff, 0xf7, 0x36,
  0x00, 0xff, 0x00, 0x0a, 0xd7, 0x00, 0x1e, 0xff, 0x00, 0xeb, 0xa5, 0x00,
  0x06, 0xff, 0xff, 0xd6, 0x66, 0x00, 0xff, 0xff, 0xb8, 0x9d, 0x00, 0xff,
  0xff, 0xb2, 0xa8, 0x00, 0xff, 0xff, 0xcf, 0xf4, 0x00, 0xff, 0xff, 0xa7,
  0x22, 0x00, 0x8b, 0x08, 0xff, 0xff, 0x7b, 0x62, 0x00, 0xff, 0xff, 0x94,
  0x62, 0x00, 0xff, 0x00, 0x6b, 0x08, 0x00, 0xff, 0x00, 0x83, 0xef, 0x00,
  0xff, 0x00, 0x84, 0x08, 0x00, 0xff, 0x00, 0x6b, 0x85, 0x00, 0xff, 0x00,
  0x6a, 0xef, 0x00, 0xff, 0x00, 0x84, 0xb7, 0x00, 0x1f, 0xff, 0x00, 0x4f,
  0xfb, 0x00, 0x8b, 0xff, 0x00, 0x46, 0x9b, 0x00, 0xff, 0xff, 0xd8, 0xf0,
  0x00, 0xff, 0x00, 0x2b, 0xa7, 0x00, 0xff, 0xff, 0xc4, 0x3c, 0x00, 0xff,
  0x00, 0x06, 0x40, 0x00, 0xff, 0xff, 0xf7, 0x68, 0x00, 0xff, 0x00, 0x0c,
  0x4e, 0x00, 0xff, 0xff, 0xfe, 0x70, 0x00, 0xff, 0x00, 0x08, 0x7f, 0x00,
  0xff, 0x00, 0x06, 0x72, 0x00, 0x08, 0xff, 0x00, 0xc9, 0x90, 0x00, 0xff,
  0x00, 0x97, 0xc2, 0x00, 0x05, 0xff, 0x00, 0x08, 0x98, 0x00, 0xff, 0x00,
  0x06, 0x72, 0x00, 0xff, 0x00, 0x01, 0xf4, 0x00, 0xff, 0x00, 0x0c, 0x67,
  0x00, 0xff, 0xff, 0xf9, 0x5c, 0x00, 0xff, 0x00, 0x08, 0x7f, 0x00, 0xff,
  0xff, 0x9f, 0x6b, 0x00, 0xff, 0x00, 0x7d, 0x7d, 0x00, 0xff, 0xff, 0x67,
  0x12, 0x00, 0xff, 0x00, 0x51, 0x27, 0x00, 0xff, 0xff, 0x53, 0xbc, 0x00,
  0x8b, 0x08, 0xff, 0xfe, 0xdb, 0x85, 0x00, 0xff, 0xff, 0x12, 0xcb, 0x00,
  0xff, 0xff, 0x16, 0x36, 0x00, 0xff, 0xfe, 0xdf, 0x9f, 0x00, 0xff, 0xfe,
  0xdf, 0x9f, 0x00, 0xff, 0x00, 0xed, 0x35, 0x00, 0xff, 0xff, 0x16, 0x4f,
  0x00, 0xff, 0x01, 0x24, 0x7b, 0x00, 0xff, 0x01, 0x24, 0x7b, 0x00, 0xff,
  0x00, 0xed, 0x35, 0x00, 0xff, 0x00, 0xe9, 0xca, 0x00, 0xff, 0x01, 0x20,
  0x48, 0x00, 0x1f, 0x8b, 0xff, 0x00, 0x00, 0x64, 0x00, 0x8b, 0xff, 0x00,
  0x63, 0x1f, 0x00, 0x05, 0xff, 0x00, 0x00, 0x19, 0x00, 0xff, 0x00, 0x0a,
  0xbe, 0x00, 0xff, 0xff, 0xf7, 0x4f, 0x00, 0xff, 0x00, 0x08, 0xca, 0x00,
  0xff, 0xff, 0xf5, 0x29, 0x00, 0x8b, 0x08, 0x0e, 0xf7, 0x95, 0xfb, 0x47,
  0x76, 0xff, 0x01, 0x7c, 0xc3, 0x12, 0xff, 0x00, 0xee, 0x7a, 0x1d, 0xff,
  0x01, 0x7c, 0xc2, 0xd1, 0x77, 0x01, 0x8b, 0xff, 0x01, 0x18, 0xc3, 0x12,
  0xff, 0x01, 0x5c, 0xed, 0x0f, 0xff, 0x01, 0x18, 0xc3, 0x12, 0x03, 0xff,
  0x02, 0x75, 0x97, 0x00, 0xff, 0x03, 0x0c, 0x78, 0x00, 0x15, 0xff, 0xfe,
  0x96, 0xc5, 0x00, 0xff, 0xfe, 0xa3, 0x13, 0x00, 0xff, 0x01, 0x69, 0x3b,
  0x00, 0x07, 0xff, 0x00, 0x0a, 0xbe, 0x00, 0xff, 0xff, 0xf7, 0x4f, 0x00,
  0xff, 0x00, 0x08, 0xca, 0x00, 0xff, 0xff, 0xf5, 0x29, 0x00, 0x1e, 0xff,
  0xff, 0x0e, 0x66, 0x00, 0x06, 0xff, 0xff, 0xf5, 0x29, 0x00, 0xff, 0xff,
  0xf7, 0x4f, 0x00, 0xff, 0xff, 0xf7, 0x4f, 0x00, 0xff, 0xff, 0xf5, 0x29,
  0x00, 0x1f, 0xff, 0xfc, 0x3f, 0x10, 0x00, 0x07, 0xff, 0xff, 0xf5, 0x42,
  0x00, 0xff, 0x00, 0x08, 0xb1, 0x00, 0xff, 0xff, 0xf7, 0x36, 0x00, 0xff,
  0x00, 0x0a, 0xd7, 0x00, 0x1e, 0xff, 0x00, 0xf1, 0xb3, 0x00, 0x06, 0xff,
  0x00, 0x0a, 0xbe, 0x00, 0xff, 0x00, 0x08, 0xca, 0x00, 0xff, 0x00, 0x08,
  0xb1, 0x00, 0xff, 0x00, 0x0a, 0xd7, 0x00, 0x1f, 0xff, 0x01, 0x69, 0x3b,
  0x00, 0xff, 0x01, 0x5c, 0xed, 0x00, 0xff, 0xfe, 0x96, 0xc5, 0x00, 0x07,
  0xff, 0xff, 0xf5, 0x42, 0x00, 0xff, 0x00, 0x08, 0xb1, 0x00, 0xff, 0xff,
  0xf7, 0x36, 0x00, 0xff, 0x00, 0x0a, 0xd7, 0x00, 0x1e, 0xff, 0x00, 0xf1,
  0xb3, 0x00, 0x06, 0xff, 0x00, 0x0a, 0xbe, 0x00, 0xff, 0x00, 0x08, 0xca,
  0x00, 0xff, 0x00, 0x08, 0xb1, 0x00, 0xff, 0x00, 0x0a, 0xd7, 0x00, 0x1f,
  0xff, 0x03, 0xc0, 0xf0, 0x00, 0x07, 0xff, 0x00, 0x0a, 0xbe, 0x00, 0xff,
  0xff, 0xf7, 0x4f, 0x00, 0xff, 0x00, 0x08, 0xca, 0x00, 0xff, 0xff, 0xf5,
  0x29, 0x00, 0x1e, 0xff, 0xff, 0x0e, 0x34, 0x00, 0x06, 0xff, 0xff, 0xf5,
  0x42, 0x00, 0xff, 0xff, 0xf7, 0x36, 0x00, 0xff, 0xff, 0xf7, 0x4f, 0x00,
  0xff, 0xff, 0xf5, 0x29, 0x00, 0x1f, 0x0e, 0xfc, 0x09, 0xfb, 0x47, 0x76,
  0xfa, 0x7c, 0x77, 0x01, 0x8b, 0xff, 0x01, 0x18, 0xc3, 0x12, 0x03, 0xff,
  0x01, 0x05, 0x3b, 0x00, 0xfb, 0x5c, 0x15, 0x2a, 0x0a, 0x0e, 0x24, 0xf9,
  0xb4, 0x77, 0x01, 0xff, 0x01, 0x0d, 0xba, 0x1d, 0xff, 0x01, 0x18, 0x78,
  0x10, 0x03, 0xff, 0xff, 0x2d, 0xf1, 0x00, 0x04, 0xff, 0x00, 0x00, 0x32,
  0x00, 0xff, 0xff, 0xf5, 0x42, 0x00, 0xff, 0x00, 0x08, 0xfc, 0x00, 0xff,
  0xff, 0xf7, 0x36, 0x00, 0xff, 0x00, 0x0a, 0xbe, 0x00, 0xff, 0x00, 0x00,
  0x32, 0x00, 0xff, 0x01, 0x90, 0x32, 0x00, 0xff, 0x00, 0x09, 0x15, 0x00,
  0xff, 0x00, 0x82, 0x14, 0x00, 0xff, 0x01, 0x1f, 0xe4, 0x00, 0x8b, 0xff,
  0x00, 0xcf, 0xd0, 0x00, 0x08, 0xff, 0x01, 0xf9, 0x2d, 0x00, 0x07, 0xff,
  0x00, 0x0a, 0xbe, 0x00, 0xff, 0xff, 0xf7, 0x4f, 0x00, 0xff, 0x00, 0x08,
  0xb1, 0x00, 0xff, 0xff, 0xf5, 0x42, 0x00, 0x1e, 0xff, 0xff, 0x0e, 0x66,
  0x00, 0x06, 0xff, 0xff, 0xf5, 0x42, 0x00, 0xff, 0xff, 0xf7, 0x4f, 0x00,
  0xff, 0xff, 0xf7, 0x4f, 0x00, 0xff, 0xff, 0xf5, 0x42, 0x00, 0x1f, 0xff,
  0xfe, 0x46, 0x7f, 0x00, 0x07, 0x8b, 0xff, 0xff, 0x72, 0x66, 0x00, 0xff,
  0xff, 0x9d, 0x2c, 0x00, 0xff, 0xff, 0x6a, 0x32, 0x00, 0xff, 0xff, 0x66,
  0xae, 0x00, 0xff, 0xff, 0xf5, 0x29, 0x00, 0xff, 0xff, 0xf5, 0xd8, 0x00,
  0xff, 0xff, 0xff, 0x38, 0x00, 0xff, 0xff, 0xf8, 0x62, 0x00, 0xff, 0xff,
  0xf7, 0x1d, 0x00, 0xff, 0x00, 0x00, 0x32, 0x00, 0xff, 0xff, 0xf5, 0xf1,
  0x00, 0x08, 0x0e, 0xf7, 0x68, 0xfb, 0x47, 0x76, 0xfa, 0x7c, 0x77, 0x01,
  0x8b, 0xff, 0x01, 0x18, 0xc3, 0x12, 0xff, 0x01, 0x25, 0xd8, 0xd5, 0xff,
  0x01, 0x23, 0x36, 0x04, 0x03, 0xff, 0x02, 0x79, 0x98, 0x00, 0xf7, 0xc0,
  0x15, 0xff, 0x00, 0x7a, 0x2b, 0x00, 0xff, 0x00, 0x53, 0x4d, 0x00, 0xff,
  0x00, 0x68, 0xb0, 0x00, 0xff, 0x00, 0x93, 0xda, 0x00, 0xff, 0x00, 0x05,
  0x46, 0x00, 0xff, 0x00, 0xf9, 0x06, 0x00, 0xff, 0x00, 0x00, 0x32, 0x00,
  0xff, 0x00, 0x0a, 0xd7, 0x00, 0xff, 0xff, 0xf7, 0x1d, 0x00, 0xff, 0x00,
  0x08, 0xfc, 0x00, 0xff, 0xff, 0xf5, 0x29, 0x00, 0x8b, 0x08, 0xff, 0xff,
  0x03, 0xc1, 0x00, 0x06, 0xff, 0xff, 0xf5, 0x5b, 0x00, 0x8b, 0xff, 0xff,
  0xf7, 0x81, 0x00, 0xff, 0xff, 0xf7, 0x68, 0x00, 0xff, 0xff, 0xff, 0xb5,
  0x00, 0xff, 0xff, 0xf5, 0x5b, 0x00, 0xff, 0xff, 0xfa, 0xa1, 0x00, 0xff,
  0xff, 0x1b, 0x7c, 0x00, 0xff, 0xff, 0x99, 0x44, 0x00, 0xff, 0xff, 0x8f,
  0x35, 0x00, 0xff, 0xff, 0x46, 0x42, 0x00, 0xff, 0xff, 0xf4, 0xc5, 0x00,
  0x08, 0xff, 0x01, 0x60, 0x3f, 0x00, 0x07, 0xff, 0x00, 0x0a, 0xbe, 0x00,
  0xff, 0xff, 0xf7, 0x4f, 0x00, 0xff, 0x00, 0x08, 0xca, 0x00, 0xff, 0xff,
  0xf5, 0x29, 0x00, 0x1e, 0xff, 0xff, 0x0e, 0x66, 0x00, 0x06, 0xff, 0xff,
  0xf5, 0x29, 0x00, 0xff, 0xff, 0xf7, 0x4f, 0x00, 0xff, 0xff, 0xf7, 0x4f,
  0x00, 0xff, 0xff, 0xf5, 0x29, 0x00, 0x1f, 0xff, 0xfc, 0x3f, 0x10, 0x00,
  0x07, 0xff, 0xff, 0xf5, 0x42, 0x00, 0xff, 0x00, 0x08, 0xb1, 0x00, 0xff,
  0xff, 0xf7, 0x36, 0x00, 0xff, 0x00, 0x0a, 0xd7, 0x00, 0x1e, 0xff, 0x00,
  0xf1, 0xb3, 0x00, 0x06, 0xff, 0x00, 0x0a, 0xbe, 0x00, 0xff, 0x00, 0x08,
  0xca, 0x00, 0xff, 0x00, 0x08, 0xb1, 0x00, 0xff, 0x00, 0x0a, 0xd7, 0x00,
  0x1f, 0xff, 0x01, 0x60, 0x3f, 0x00, 0x07, 0xff, 0x00, 0xb9, 0xbe, 0x00,
  0xff, 0xff, 0xf4, 0xc5, 0x00, 0xff, 0x00, 0x66, 0xbc, 0x00, 0xff, 0xff,
  0x8f, 0x35, 0x00, 0xff, 0x00, 0x05, 0x5f, 0x00, 0xff, 0xff, 0x1b, 0x7c,
  0x00, 0xff, 0x00, 0x00, 0x4b, 0x00, 0xff, 0xff, 0xf5, 0x5b, 0x00, 0xff,
  0x00, 0x08, 0x7f, 0x00, 0xff, 0xff, 0xf7, 0x68, 0x00, 0xff, 0x00, 0x0a,
  0xa5, 0x00, 0x8b, 0x08, 0xff, 0x00, 0xfc, 0x3f, 0x00, 0x06, 0xff, 0x00,
  0x0a, 0xd7, 0x00, 0x8b, 0xff, 0x00, 0x08, 0xfc, 0x00, 0xff, 0x00, 0x08,
  0xfc, 0x00, 0xff, 0xff, 0xff, 0xb5, 0x00, 0xff, 0x00, 0x0a, 0xd7, 0x00,
  0xff, 0xff, 0xfa, 0xa1, 0x00, 0xff, 0x00, 0xf9, 0x06, 0x00, 0xff, 0xff,
  0x97, 0x50, 0x00, 0xff, 0x00, 0x93, 0xda, 0x00, 0xff, 0xff, 0x85, 0xd5,
  0x00, 0xff, 0x00, 0x53, 0x4d, 0x00, 0x08, 0x0e, 0x52, 0xfb, 0x5c, 0xff,
  0x00, 0xe9, 0x02, 0x0c, 0xff, 0x02, 0xfe, 0xfd, 0xf4, 0x77, 0x01, 0x8b,
  0xff, 0x01, 0x18, 0xa9, 0xfc, 0x03, 0xff, 0x02, 0x54, 0xf9, 0x00, 0xff,
  0xff, 0x4b, 0x88, 0x00, 0x15, 0xff, 0x00, 0xc1, 0xf2, 0x00, 0x07, 0xff,
  0x00, 0x0a, 0xbe, 0x00, 0xff, 0xff, 0xf7, 0x4f, 0x00, 0xff, 0x00, 0x08,
  0xca, 0x00, 0xff, 0xff, 0xf5, 0x29, 0x00, 0x1e, 0xff, 0xfe, 0xd7, 0x39,
  0x00, 0xff, 0x02, 0xeb, 0x76, 0x00, 0x06, 0xff, 0x00, 0x0a, 0xbe, 0x00,
  0xff, 0xff, 0xf7, 0x4f, 0x00, 0xff, 0x00, 0x08, 0xca, 0x00, 0xff, 0xff,
  0xf5, 0x29, 0x00, 0x1e, 0xff, 0xff, 0x0e, 0x66, 0x00, 0x06, 0xff, 0xff,
  0xf5, 0x29, 0x00, 0xff, 0xff, 0xf7, 0x4f, 0x00, 0xff, 0xff, 0xf7, 0x4f,
  0x00, 0xff, 0xff, 0xf5, 0x29, 0x00, 0x1f, 0xff, 0xfc, 0x3f, 0x10, 0x00,
  0x07, 0xff, 0xff, 0xf5, 0x42, 0x00, 0xff, 0x00, 0x08, 0xb1, 0x00, 0xff,
  0xff, 0xf7, 0x36, 0x00, 0xff, 0x00, 0x0a, 0xd7, 0x00, 0x1e, 0xff, 0x02,
  0x2e, 0x02, 0x00, 0x06, 0xff, 0x00, 0x0a, 0xbe, 0x00, 0xff, 0x00, 0x08,
  0xb1, 0x00, 0xff, 0x00, 0x08, 0xb1, 0x00, 0xff, 0x00, 0x0a, 0xd7, 0x00,
  0x1f, 0x0e, 0xf7, 0xef, 0xfb, 0x47, 0x76, 0xfa, 0x7c, 0x77, 0x01, 0x8b,
  0xff, 0x01, 0x18, 0xc3, 0x12, 0xff, 0x01, 0xb6, 0xdd, 0xf4, 0xff, 0x01,
  0x18, 0xc3, 0x12, 0x03, 0xff, 0x02, 0xc9, 0xde, 0x00, 0xff, 0x03, 0x1a,
  0xa1, 0x00, 0x15, 0xff, 0xff, 0xa4, 0x66, 0x00, 0xff, 0xff, 0xa4, 0xca,
  0x00, 0xff, 0xff, 0x85, 0xd5, 0x00, 0xff, 0xfe, 0xb0, 0x29, 0x00, 0x8b,
  0x8b, 0x8b, 0x8b, 0xff, 0xff, 0x85, 0xd5, 0x00, 0xff, 0x01, 0x4f, 0xd7,
  0x00, 0xff, 0xff, 0xa4, 0x66, 0x00, 0xff, 0x00, 0x5b, 0x36, 0x00, 0xff,
  0xff, 0xfc, 0x63, 0x00, 0xff, 0x00, 0x03, 0x84, 0x00, 0xff, 0xff, 0xfb,
  0x1e, 0x00, 0xff, 0x00, 0x01, 0xdb, 0x00, 0xff, 0xff, 0xfb, 0x05, 0x00,
  0x8b, 0x08, 0xff, 0xff, 0x02, 0xae, 0x00, 0x06, 0xff, 0xff, 0xf5, 0x29,
  0x00, 0xff, 0xff, 0xf7, 0x4f, 0x00, 0xff, 0xff, 0xf7, 0x4f, 0x00, 0xff,
  0xff, 0xf5, 0x29, 0x00, 0x1f, 0xff, 0xfc, 0x3f, 0x10, 0x00, 0x07, 0xff,
  0xff, 0xf5, 0x42, 0x00, 0xff, 0x00, 0x08, 0xb1, 0x00, 0xff, 0xff, 0xf7,
  0x36, 0x00, 0xff, 0x00, 0x0a, 0xd7, 0x00, 0x1e, 0xff, 0x00, 0xf1, 0xb3,
  0x00, 0x06, 0xff, 0x00, 0x0a, 0xbe, 0x00, 0xff, 0x00, 0x08, 0xca, 0x00,
  0xff, 0x00, 0x08, 0xb1, 0x00, 0xff, 0x00, 0x0a, 0xd7, 0x00, 0x1f, 0x8b,
  0xff, 0x01, 0xe5, 0xf0, 0x00, 0xff, 0x00, 0x4a, 0x38, 0x00, 0xff, 0xfe,
  0xc6, 0x86, 0x00, 0x05, 0xff, 0x00, 0x02, 0x0d, 0x00, 0xff, 0xff, 0xf7,
  0x36, 0x00, 0xff, 0x00, 0x07, 0xe9, 0x00, 0xff, 0xff, 0xf9, 0xc0, 0x00,
  0xff, 0x00, 0x08, 0xfc, 0x00, 0x8b, 0x08, 0xff, 0x00, 0xfc, 0x8a, 0x00,
  0x06, 0xff, 0x00, 0x08, 0xfc, 0x00, 0x8b, 0xff, 0x00, 0x07, 0xe9, 0x00,
  0xff, 0x00, 0x06, 0x40, 0x00, 0xff, 0x00, 0x02, 0x0d, 0x00, 0xff, 0x00,
  0x08, 0xca, 0x00, 0x08, 0xff, 0x00, 0x4a, 0x38, 0x00, 0xff, 0x01, 0x39,
  0x7a, 0x00, 0x8b, 0xff, 0xfe, 0x1a, 0x10, 0x00, 0x05, 0xff, 0xff, 0xf5,
  0x42, 0x00, 0xff, 0x00, 0x08, 0xb1, 0x00, 0xff, 0xff, 0xf7, 0x36, 0x00,
  0xff, 0x00, 0x0a, 0xd7, 0x00, 0x1e, 0xff, 0x00, 0xf1, 0xb3, 0x00, 0x06,
  0xff, 0x00, 0x0a, 0xbe, 0x00, 0xff, 0x00, 0x08, 0xca, 0x00, 0xff, 0x00,
  0x08, 0xb1, 0x00, 0xff, 0x00, 0x0a, 0xd7, 0x00, 0x1f, 0xff, 0x03, 0xc0,
  0xf0, 0x00, 0x07, 0xff, 0x00, 0x0a, 0xbe, 0x00, 0xff, 0xff, 0xf7, 0x4f,
  0x00, 0xff, 0x00, 0x08, 0xca, 0x00, 0xff, 0xff, 0xf5, 0x29, 0x00, 0x1e,
  0xff, 0xff, 0x02, 0x7c, 0x00, 0x06, 0xff, 0xff, 0xfb, 0x05, 0x00, 0x8b,
  0xff, 0xff, 0xfb, 0x05, 0x00, 0xff, 0xff, 0xfe, 0x3e, 0x00, 0xff, 0xff,
  0xfc, 0x7c, 0x00, 0xff, 0xff, 0xfc, 0x63, 0x00, 0x08, 0x0e, 0xf7, 0x77,
  0xff, 0xff, 0x4d, 0x19, 0x17, 0x76, 0xff, 0x03, 0xe7, 0xe6, 0xe9, 0x77,
  0x01, 0x8b, 0xff, 0x01, 0x18, 0xc3, 0x12, 0xff, 0x01, 0x3f, 0x23, 0xd7,
  0xff, 0x01, 0x18, 0xc3, 0x12, 0x03, 0xff, 0x02, 0x57, 0xe7, 0x00, 0xff,
  0x03, 0x0c, 0x78, 0x00, 0x15, 0x2b, 0x0a, 0x0e, 0xf8, 0x2a, 0xff, 0xff,
  0x1a, 0xb3, 0xf8, 0xff, 0x01, 0x1b, 0x1a, 0xe1, 0xff, 0x01, 0xdd, 0xee,
  0x15, 0xff, 0x01, 0x1b, 0x33, 0xf8, 0x01, 0x8b, 0xff, 0x01, 0x1f, 0x34,
  0xfe, 0xff, 0x01, 0xe4, 0xc4, 0x19, 0xff, 0x01, 0x1f, 0x34, 0xfe, 0x03,
  0xff, 0x02, 0x11, 0x97, 0x00, 0xff, 0x03, 0x2e, 0xf1, 0x00, 0x15, 0x2c,
  0x0a, 0xff, 0xfd, 0x06, 0xde, 0x00, 0x04, 0x2d, 0x0a, 0x0e, 0xf7, 0x1d,
  0xfb, 0x47, 0x76, 0xff, 0x01, 0x1b, 0xca, 0x02, 0xff, 0x00, 0xe9, 0xb0,
  0xe5, 0xff, 0x00, 0xf8, 0xd4, 0x34, 0xff, 0x00, 0xe9, 0xb0, 0xe5, 0x01,
  0x8b, 0xff, 0x01, 0x18, 0xc3, 0x12, 0xff, 0x00, 0xe2, 0xda, 0xe2, 0xff,
  0x01, 0x1b, 0x4d, 0x0e, 0x03, 0xff, 0xff, 0x4b, 0x88, 0x00, 0x04, 0xff,
  0xff, 0xf5, 0x42, 0x00, 0xff, 0x00, 0x08, 0xb1, 0x00, 0xff, 0xff, 0xf7,
  0x36, 0x00, 0xff, 0x00, 0x0a, 0xd7, 0x00, 0x1e, 0xff, 0x00, 0xf1, 0xb3,
  0x00, 0x06, 0xff, 0x00, 0x0a, 0xbe, 0x00, 0xff, 0x00, 0x08, 0xca, 0x00,
  0xff, 0x00, 0x08, 0xb1, 0x00, 0xff, 0x00, 0x0a, 0xd7, 0x00, 0x1f, 0xff,
  0x01, 0x08, 0x42, 0x00, 0xff, 0x00, 0xd5, 0xac, 0x00, 0x07, 0xff, 0x00,
  0xa3, 0xc5, 0x00, 0xff, 0x00, 0x84, 0xb7, 0x00, 0xff, 0x00, 0x72, 0xf1,
  0x00, 0xff, 0x00, 0xf3, 0x2a, 0x00, 0xff, 0x00, 0xf3, 0x2a, 0x00, 0xff,
  0xff, 0x7b, 0x30, 0x00, 0xff, 0x00, 0x72, 0xf1, 0x00, 0xff, 0xff, 0x5c,
  0x3b, 0x00, 0x1f, 0xff, 0xfe, 0x25, 0x32, 0x00, 0x06, 0xff, 0xff, 0xf5,
  0x29, 0x00, 0xff, 0xff, 0xf7, 0x4f, 0x00, 0xff, 0xff, 0xf7, 0x4f, 0x00,
  0xff, 0xff, 0xf5, 0x29, 0x00, 0x1f, 0xff, 0x01, 0x94, 0x97, 0x00, 0xff,
  0xfe, 0x31, 0x03, 0x00, 0x15, 0xff, 0xff, 0x8d, 0xd7, 0x00, 0x06, 0xff,
  0xff, 0xfa, 0xa1, 0x00, 0xff, 0xff, 0xfb, 0x9b, 0x00, 0xff, 0x00, 0x04,
  0x65, 0x00, 0xff, 0x00, 0x05, 0x5f, 0x00, 0x1f, 0xff, 0x00, 0xe5, 0x4c,
  0x00, 0x07, 0xff, 0x00, 0x05, 0x5f, 0x00, 0xff, 0x00, 0x04, 0x65, 0x00,
  0xff, 0x00, 0x04, 0x65, 0x00, 0xff, 0x00, 0x05, 0x5f, 0x00, 0x1e, 0xff,
  0x00, 0x72, 0x29, 0x00, 0x06, 0xff, 0x00, 0x38, 0xef, 0x00, 0xff, 0x00,
  0x2e, 0x18, 0x00, 0xff, 0xff, 0xd1, 0x20, 0x00, 0xff, 0xff, 0xb2, 0x76,
  0x00, 0xff, 0xff, 0xb2, 0x76, 0x00, 0xff, 0xff, 0xd1, 0xe8, 0x00, 0xff,
  0xff, 0xd1, 0x20, 0x00, 0xff, 0xff, 0xc7, 0x11, 0x00, 0x1f, 0x0e, 0xf8,
  0x2a, 0xff, 0xff, 0x1a, 0xb3, 0xf8, 0xff, 0x01, 0x1b, 0x02, 0x0c, 0xff,
  0x01, 0xde, 0x06, 0xea, 0xff, 0x01, 0x1b, 0x1a, 0xe1, 0x01, 0x8b, 0xff,
  0x01, 0x1f, 0x34, 0xfe, 0xff, 0x01, 0xe4, 0xc4, 0x19, 0xff, 0x01, 0x1f,
  0x34, 0xfe, 0x03, 0xff, 0x04, 0x23, 0x2e, 0x00, 0xff, 0x01, 0x24, 0xc6,
  0x00, 0x15, 0xff, 0x01, 0x20, 0x61, 0x00, 0xff, 0xff, 0x12, 0xe4, 0x00,
  0xff, 0x00, 0xe9, 0xb1, 0x00, 0xff, 0xfe, 0xdb, 0x85, 0x00, 0xff, 0xfe,
  0xdb, 0x85, 0x00, 0xff, 0xff, 0x12, 0xe4, 0x00, 0xff, 0xff, 0x16, 0x4f,
  0x00, 0xff, 0xfe, 0xdf, 0x9f, 0x00, 0xff, 0xfe, 0xdf, 0x9f, 0x00, 0xff,
  0x00, 0xed, 0x1c, 0x00, 0xff, 0xff, 0x16, 0x4f, 0x00, 0xff, 0x01, 0x24,
  0x7b, 0x00, 0x1e, 0xff, 0x00, 0x4c, 0x77, 0x00, 0x8b, 0xff, 0x00, 0x48,
  0x8f, 0x00, 0xff, 0x00, 0x10, 0x1d, 0x00, 0xff, 0x00, 0x41, 0xa0, 0x00,
  0xff, 0x00, 0x1c, 0xb6, 0x00, 0xff, 0x00, 0x00, 0x7d, 0x00, 0xff, 0xff,
  0xfb, 0xcd, 0x00, 0xff, 0x00, 0x00, 0x64, 0x00, 0xff, 0xff, 0xfb, 0xcd,
  0x00, 0xff, 0x00, 0x00, 0x4b, 0x00, 0xff, 0xff, 0xfb, 0xe6, 0x00, 0xff,
  0x00, 0x00, 0xc8, 0x00, 0xff, 0xff, 0xf5, 0xf1, 0x00, 0xff, 0x00, 0x08,
  0x7f, 0x00, 0xff, 0xff, 0xf8, 0x49, 0x00, 0xff, 0x00, 0x0a, 0x0f, 0x00,
  0x8b, 0x08, 0xff, 0x01, 0x03, 0xc4, 0x00, 0x06, 0xff, 0x00, 0x0a, 0xf0,
  0x00, 0x8b, 0xff, 0x00, 0x08, 0xfc, 0x00, 0xff, 0x00, 0x09, 0x15, 0x00,
  0xff, 0xff, 0xff, 0xb5, 0x00, 0xff, 0x00, 0x0a, 0xd7, 0x00, 0xff, 0xff,
  0xfd, 0x5d, 0x00, 0xff, 0x00, 0x55, 0x41, 0x00, 0xff, 0xff, 0xec, 0x91,
  0x00, 0xff, 0x00, 0x4c, 0xdb, 0x00, 0xff, 0xff, 0xdf, 0x7b, 0x00, 0xff,
  0x00, 0x42, 0xcc, 0x00, 0xff, 0x00, 0x2c, 0x3d, 0x00, 0xff, 0x00, 0x4c,
  0x45, 0x00, 0xff, 0x00, 0x19, 0x64, 0x00, 0xff, 0x00, 0x58, 0x48, 0x00,
  0x8b, 0xff, 0x00, 0x5e, 0x24, 0x00, 0x08, 0xff, 0xfc, 0xfc, 0x07, 0x00,
  0x16, 0xff, 0x00, 0x84, 0x08, 0x00, 0xff, 0x00, 0x6c, 0x7f, 0x00, 0xff,
  0x00, 0x6a, 0xef, 0x00, 0xff, 0x00, 0x85, 0xe3, 0x00, 0xff, 0x00, 0x85,
  0xe3, 0x00, 0xff, 0x00, 0x6c, 0x7f, 0x00, 0xff, 0xff, 0x94, 0xf8, 0x00,
  0xff, 0xff, 0x7c, 0x11, 0x00, 0x1e, 0x8b, 0xff, 0xff, 0xf4, 0xc5, 0x00,
  0xff, 0xff, 0xfe, 0xed, 0x00, 0xff, 0xff, 0xf5, 0x10, 0x00, 0xff, 0xff,
  0xfe, 0x89, 0x00, 0xff, 0xff, 0xf5, 0x29, 0x00, 0xff, 0xff, 0xb7, 0xa3,
  0x00, 0xff, 0x00, 0x25, 0xe4, 0x00, 0xff, 0xff, 0xad, 0x94, 0x00, 0xff,
  0x00, 0x15, 0xae, 0x00, 0xff, 0xff, 0xa8, 0xb2, 0x00, 0xff, 0x00, 0x02,
  0xd5, 0x00, 0xff, 0xff, 0xf5, 0x10, 0x00, 0xff, 0x00, 0x00, 0x64, 0x00,
  0xff, 0xff, 0xf6, 0xeb, 0x00, 0xff, 0xff, 0xf6, 0xeb, 0x00, 0x8b, 0xff,
  0xff, 0xf5, 0x10, 0x00, 0x08, 0xff, 0xff, 0x2f, 0xcc, 0x00, 0x07, 0x8b,
  0xff, 0xff, 0xf6, 0x3c, 0x00, 0xff, 0x00, 0x07, 0x21, 0x00, 0xff, 0xff,
  0xf7, 0x81, 0x00, 0xff, 0x00, 0x09, 0xc4, 0x00, 0xff, 0xff, 0xff, 0x06,
  0x00, 0xff, 0x00, 0x14, 0x1e, 0x00, 0xff, 0xff, 0xfe, 0x0c, 0x00, 0xff,
  0x00, 0x13, 0x3d, 0x00, 0xff, 0xff, 0xfa, 0x88, 0x00, 0xff, 0x00, 0x12,
  0x43, 0x00, 0xff, 0xff, 0xf7, 0xcc, 0x00, 0xff, 0xff, 0xef, 0x1b, 0x00,
  0xff, 0xff, 0xfc, 0x63, 0x00, 0xff, 0xff, 0xee, 0x9e, 0x00, 0xff, 0xff,
  0xfd, 0xda, 0x00, 0xff, 0xff, 0xed, 0xef, 0x00, 0x8b, 0xff, 0xff, 0x7a,
  0x36, 0x00, 0xff, 0x00, 0x00, 0x19, 0x00, 0xff, 0xff, 0x93, 0x81, 0x00,
  0xff, 0x00, 0x6b, 0x08, 0x00, 0x8b, 0xff, 0x00, 0x83, 0xef, 0x00, 0x08,
  0x0e, 0xf7, 0x23, 0xff, 0x02, 0x24, 0xa2, 0x0c, 0xff, 0x00, 0xfb, 0x5d,
  0xf4, 0x01, 0x8b, 0xff, 0x01, 0x18, 0xc3, 0x12, 0xff, 0x00, 0xe2, 0xda,
  0xe2, 0xff, 0x01, 0x1b, 0x4d, 0x0e, 0x03, 0xff, 0x02, 0xa1, 0x70, 0x00,
  0xff, 0x00, 0x8f, 0x75, 0x00, 0x15, 0xff, 0x00, 0x47, 0x31, 0x00, 0xff,
  0x00, 0x39, 0x08, 0x00, 0xff, 0x00, 0x2e, 0x4a, 0x00, 0xff, 0x00, 0x62,
  0x57, 0x00, 0x8b, 0xff, 0x00, 0x8f, 0x11, 0x00, 0xff, 0xff, 0xff, 0xe7,
  0x00, 0xff, 0x00, 0xf3, 0x2a, 0x00, 0xff, 0xff, 0x7b, 0x49, 0x00, 0xff,
  0x00, 0x72, 0xf1, 0x00, 0xff, 0xff, 0x5c, 0x3b, 0x00, 0x8b, 0x08, 0xff,
  0xfe, 0x25, 0x32, 0x00, 0x06, 0xff, 0xff, 0xf5, 0x29, 0x00, 0xff, 0xff,
  0xf7, 0x4f, 0x00, 0xff, 0xff, 0xf7, 0x4f, 0x00, 0xff, 0xff, 0xf5, 0x29,
  0x00, 0x1f, 0xff, 0xfc, 0x30, 0x38, 0x00, 0x07, 0xff, 0xff, 0xf5, 0x42,
  0x00, 0xff, 0x00, 0x08, 0xb1, 0x00, 0xff, 0xff, 0xf7, 0x36, 0x00, 0xff,
  0x00, 0x0a, 0xd7, 0x00, 0x1e, 0xff, 0x00, 0xf1, 0xb3, 0x00, 0x06, 0xff,
  0x00, 0x0a, 0xbe, 0x00, 0xff, 0x00, 0x08, 0xca, 0x00, 0xff, 0x00, 0x08,
  0xb1, 0x00, 0xff, 0x00, 0x0a, 0xd7, 0x00, 0x1f, 0xff, 0x01, 0x00, 0x0e,
  0x00, 0x07, 0xff, 0x00, 0x81, 0x01, 0x00, 0xff, 0xff, 0xf7, 0xb3, 0x00,
  0xff, 0x00, 0x51, 0xef, 0x00, 0xff, 0xff, 0xab, 0x87, 0x00, 0xff, 0x00,
  0x05, 0xdc, 0x00, 0xff, 0xff, 0x5c, 0x6d, 0x00, 0xff, 0x00, 0x00, 0x64,
  0x00, 0xff, 0xff, 0xf5, 0x74, 0x00, 0xff, 0x00, 0x08, 0x66, 0x00, 0xff,
  0xff, 0xf7, 0x68, 0x00, 0xff, 0x00, 0x0a, 0xa5, 0x00, 0x8b, 0x08, 0xff,
  0x01, 0x03, 0x60, 0x00, 0x06, 0xff, 0x00, 0x0a, 0xf0, 0x00, 0x8b, 0xff,
  0x00, 0x08, 0xfc, 0x00, 0xff, 0x00, 0x09, 0x15, 0x00, 0xff, 0xff, 0xff,
  0xb5, 0x00, 0xff, 0x00, 0x0a, 0xd7, 0x00, 0xff, 0xff, 0xfb, 0xff, 0x00,
  0xff, 0x00, 0x8e, 0x30, 0x00, 0xff, 0xff, 0xd2, 0x65, 0x00, 0xff, 0x00,
  0x70, 0xfd, 0x00, 0xff, 0xff, 0xb7, 0x0d, 0x00, 0xff, 0x00, 0x53, 0x1b,
  0x00, 0x08, 0xff, 0xfe, 0x77, 0x3a, 0x00, 0xff, 0x01, 0x8c, 0x18, 0x00,
  0x15, 0xff, 0x00, 0x04, 0xfb, 0x00, 0xff, 0x00, 0x04, 0x65, 0x00, 0xff,
  0x00, 0x04, 0x1a, 0x00, 0xff, 0x00, 0x05, 0x5f, 0x00, 0x1e, 0xff, 0x00,
  0x72, 0x29, 0x00, 0x06, 0xff, 0x00, 0x38, 0xef, 0x00, 0xff, 0x00, 0x2e,
  0x18, 0x00, 0xff, 0xff, 0xd4, 0x72, 0x00, 0xff, 0xff, 0xb8, 0x07, 0x00,
  0xff, 0xff, 0xb8, 0x07, 0x00, 0xff, 0xff, 0xd1, 0xe8, 0x00, 0xff, 0xff,
  0xd4, 0x72, 0x00, 0xff, 0xff, 0xc7, 0x11, 0x00, 0x1f, 0xff, 0xff, 0x8d,
  0xd7, 0x00, 0x06, 0xff, 0xff, 0xfa, 0xa1, 0x00, 0xff, 0xff, 0xfb, 0x9b,
  0x00, 0xff, 0x00, 0x04, 0x01, 0x00, 0xff, 0x00, 0x05, 0x14, 0x00, 0x1f,
  0x0e, 0x92, 0xff, 0xff, 0x1a, 0xb3, 0xf8, 0xff, 0x00, 0xde, 0xf2, 0xf2,
  0xff, 0xff, 0x2d, 0x73, 0xf7, 0xff, 0x00, 0xe9, 0x1a, 0xe1, 0xff, 0x02,
  0x19, 0xfd, 0x30, 0xff, 0x00, 0xe9, 0x02, 0x0c, 0xff, 0xff, 0x2d, 0xd8,
  0x10, 0xff, 0x00, 0xde, 0xf2, 0xf2, 0x12, 0x8b, 0xff, 0x01, 0x17, 0x01,
  0x06, 0xff, 0x00, 0x66, 0x70, 0xe6, 0xff, 0x01, 0x17, 0x01, 0x06, 0x13,
  0x2c, 0xff, 0x02, 0x67, 0xb9, 0x00, 0xff, 0x02, 0xfd, 0xeb, 0x00, 0x15,
  0xff, 0x00, 0x00, 0xfa, 0x00, 0xff, 0x00, 0x0a, 0xa5, 0x00, 0xff, 0xff,
  0xf8, 0x62, 0x00, 0xff, 0x00, 0x09, 0x79, 0x00, 0xff, 0xff, 0xf5, 0x74,
  0x00, 0xff, 0x00, 0x01, 0x2c, 0x00, 0x08, 0x13, 0x9c, 0xff, 0xff, 0xd8,
  0xf0, 0x00, 0xff, 0x00, 0x04, 0x1a, 0x00, 0xff, 0xff, 0xa3, 0x6c, 0x00,
  0xff, 0x00, 0x08, 0xb1, 0x00, 0xff, 0xff, 0xaa, 0x8d, 0x00, 0x8b, 0xff,
  0xff, 0x16, 0x36, 0x00, 0x8b, 0xff, 0xff, 0x6c, 0x58, 0x00, 0xff, 0xff,
  0x9e, 0xd5, 0x00, 0x8b, 0xff, 0xff, 0x42, 0x28, 0x00, 0x8b, 0xff, 0xff,
  0x42, 0x28, 0x00, 0xff, 0x00, 0x85, 0x1b, 0x00, 0xff, 0xff, 0x94, 0xdf,
  0x00, 0xff, 0x00, 0x76, 0x75, 0x00, 0xff, 0xff, 0xe2, 0xb4, 0x00, 0xff,
  0x00, 0x76, 0x8e, 0x00, 0xff, 0xff, 0xe2, 0xcd, 0x00, 0xff, 0x00, 0x0b,
  0x54, 0x00, 0xff, 0xff, 0xbd, 0x66, 0x00, 0x8b, 0xff, 0xff, 0xee, 0x3a,
  0x00, 0x8b, 0xff, 0xff, 0xee, 0x3a, 0x00, 0xff, 0xff, 0xf3, 0x03, 0x00,
  0xff, 0xff, 0xc0, 0x9f, 0x00, 0xff, 0xff, 0x9c, 0xfa, 0x00, 0xff, 0x00,
  0x01, 0xa9, 0x00, 0x08, 0x13, 0x4c, 0xff, 0xff, 0xb8, 0xe8, 0x00, 0xff,
  0x00, 0x01, 0x2c, 0x00, 0xff, 0xff, 0xb8, 0xcf, 0x00, 0xff, 0x00, 0x0d,
  0xc5, 0x00, 0xff, 0xff, 0xdd, 0xa0, 0x00, 0xff, 0x00, 0x07, 0x9e, 0x00,
  0xff, 0xff, 0xf4, 0x93, 0x00, 0xff, 0x00, 0x02, 0x8a, 0x00, 0xff, 0xff,
  0xf5, 0x10, 0x00, 0xff, 0xff, 0xf7, 0xe5, 0x00, 0xff, 0xff, 0xfe, 0xd4,
  0x00, 0xff, 0xff, 0xf4, 0x61, 0x00, 0x08, 0xff, 0xff, 0xed, 0x40, 0x00,
  0xff, 0xff, 0x3d, 0x46, 0x00, 0x05, 0xff, 0xff, 0xff, 0x06, 0x00, 0xff,
  0xff, 0xf5, 0x74, 0x00, 0xff, 0x00, 0x07, 0x6c, 0x00, 0xff, 0xff, 0xf6,
  0xa0, 0x00, 0xff, 0x00, 0x0a, 0x73, 0x00, 0xff, 0xff, 0xfe, 0xbb, 0x00,
  0x08, 0x13, 0x9c, 0xff, 0x00, 0x22, 0x15, 0x00, 0xff, 0xff, 0xfb, 0xb4,
  0x00, 0xff, 0x00, 0x4e, 0x39, 0x00, 0xff, 0xff, 0xf7, 0xe5, 0x00, 0xff,
  0x00, 0x63, 0x51, 0x00, 0x8b, 0xff, 0x01, 0x10, 0xda, 0x00, 0x8b, 0xff,
  0x00, 0x6c, 0x98, 0x00, 0xff, 0x00, 0x61, 0x12, 0x00, 0x8b, 0xff, 0x00,
  0xbd, 0xf1, 0x00, 0x8b, 0xff, 0x00, 0xbd, 0xf1, 0x00, 0xff, 0xff, 0x7a,
  0xfe, 0x00, 0xff, 0x00, 0x6b, 0x21, 0x00, 0xff, 0xff, 0x89, 0x72, 0x00,
  0xff, 0x00, 0x1d, 0x33, 0x00, 0xff, 0xff, 0x89, 0x72, 0x00, 0xff, 0x00,
  0x1d, 0x33, 0x00, 0xff, 0xff, 0xf4, 0xac, 0x00, 0xff, 0x00, 0x42, 0x9a,
  0x00, 0x8b, 0xff, 0x00, 0x11, 0xc6, 0x00, 0x8b, 0xff, 0x00, 0x11, 0xc6,
  0x00, 0xff, 0x00, 0x0c, 0xfd, 0x00, 0xff, 0x00, 0x3f, 0x61, 0x00, 0xff,
  0x00, 0x63, 0x06, 0x00, 0xff, 0xff, 0xfe, 0x57, 0x00, 0x08, 0x13, 0x2c,
  0xff, 0x00, 0x47, 0xf9, 0x00, 0xff, 0xff, 0xfe, 0xbb, 0x00, 0xd6, 0xff,
  0xff, 0xf2, 0x09, 0x00, 0xff, 0x00, 0x23, 0xa5, 0x00, 0xff, 0xff, 0xf8,
  0x62, 0x00, 0xff, 0x00, 0x0b, 0x6d, 0x00, 0xff, 0xff, 0xfd, 0x8f, 0x00,
  0xff, 0x00, 0x0a, 0xd7, 0x00, 0xff, 0x00, 0x08, 0x02, 0x00, 0xff, 0x00,
  0x01, 0x13, 0x00, 0xff, 0x00, 0x0b, 0x9f, 0x00, 0x08, 0x0e, 0xf4, 0xfb,
  0x47, 0x76, 0xff, 0x02, 0xf9, 0xd0, 0xe5, 0xff, 0x00, 0xee, 0x2f, 0x1b,
  0x01, 0xff, 0x00, 0xee, 0xf7, 0x0a, 0xff, 0x01, 0x18, 0xc3, 0x12, 0x03,
  0xff, 0x02, 0xf6, 0xb1, 0x00, 0xff, 0x03, 0x0c, 0x78, 0x00, 0x15, 0xff,
  0x00, 0x0a, 0xd7, 0x00, 0xff, 0xff, 0xf7, 0x36, 0x00, 0xff, 0x00, 0x08,
  0xb1, 0x00, 0xff, 0xff, 0xf5, 0x5b, 0x00, 0x1e, 0xff, 0xfd, 0x30, 0x46,
  0x00, 0x06, 0xff, 0xff, 0xf5, 0x29, 0x00, 0xff, 0xff, 0xf7, 0x4f, 0x00,
  0xff, 0xff, 0xf7, 0x4f, 0x00, 0xff, 0xff, 0xf5, 0x29, 0x00, 0x1f, 0xff,
  0xff, 0x38, 0xe1, 0x00, 0x07, 0xff, 0xff, 0xf5, 0x29, 0x00, 0xff, 0x00,
  0x08, 0xca, 0x00, 0xff, 0xff, 0xf7, 0x4f, 0x00, 0xff, 0x00, 0x0a, 0xbe,
  0x00, 0x1e, 0xff, 0x00, 0xdb, 0x6f, 0x00, 0xff, 0xfd, 0x19, 0xb7, 0x00,
  0x06, 0xff, 0xff, 0xf5, 0x29, 0x00, 0xff, 0x00, 0x08, 0xca, 0x00, 0xff,
  0xff, 0xf7, 0x4f, 0x00, 0xff, 0x00, 0x0a, 0xbe, 0x00, 0x1e, 0xff, 0x00,
  0xf1, 0xb3, 0x00, 0x06, 0xff, 0x00, 0x0a, 0xd7, 0x00, 0xff, 0x00, 0x08,
  0xb1, 0x00, 0xff, 0x00, 0x08, 0xca, 0x00, 0xff, 0x00, 0x0a, 0xbe, 0x00,
  0x1f, 0xff, 0x02, 0xe6, 0x30, 0x00, 0xff, 0x00, 0xdb, 0x6f, 0x00, 0x07,
  0xff, 0x00, 0x0a, 0xd7, 0x00, 0xff, 0x00, 0x08, 0xb1, 0x00, 0xff, 0x00,
  0x08, 0xca, 0x00, 0xff, 0x00, 0x0a, 0xbe, 0x00, 0x1f, 0x0e, 0xf7, 0x68,
  0xff, 0xff, 0x1a, 0xb3, 0xf8, 0xff, 0x00, 0xef, 0x0f, 0xdf, 0xff, 0x03,
  0x16, 0x3c, 0x29, 0x77, 0x01, 0x8b, 0xff, 0x01, 0x18, 0xa9, 0xfc, 0xff,
  0x01, 0x30, 0x1a, 0x1d, 0xff, 0x01, 0x18, 0x78, 0x10, 0x03, 0xff, 0x03,
  0x4d, 0xcd, 0x00, 0xf9, 0xb4, 0x15, 0x2e, 0x0a, 0x0e, 0xf7, 0xe7, 0xfb,
  0x47, 0x76, 0xfa, 0x7c, 0x77, 0x01, 0xff, 0x01, 0xf0, 0x7c, 0x00, 0xff,
  0x00, 0xd5, 0x93, 0x00, 0x15, 0xff, 0xff, 0x2a, 0xd1, 0x00, 0xff, 0x02,
  0x3d, 0xbb, 0x00, 0x05, 0xff, 0xff, 0xfd, 0x2b, 0x00, 0xff, 0x00, 0x07,
  0x9e, 0x00, 0xff, 0xff, 0xf8, 0xad, 0x00, 0xff, 0x00, 0x05, 0x14, 0x00,
  0xff, 0xff, 0xf7, 0xe5, 0x00, 0x8b, 0x08, 0xff, 0xff, 0x0a, 0x7e, 0x00,
  0x06, 0xff, 0xff, 0xf5, 0x29, 0x00, 0xff, 0xff, 0xf7, 0x4f, 0x00, 0xff,
  0xff, 0xf7, 0x4f, 0x00, 0xff, 0xff, 0xf5, 0x42, 0x00, 0x1f, 0xff, 0xff,
  0xf9, 0xc0, 0x00, 0x07, 0x8b, 0xff, 0xff, 0xfd, 0xa8, 0x00, 0xff, 0x00,
  0x00, 0x64, 0x00, 0xff, 0xff, 0xfd, 0xc1, 0x00, 0xff, 0x00, 0x00, 0xc8,
  0x00, 0xff, 0xff, 0xfd, 0xda, 0x00, 0x08, 0xff, 0x01, 0x61, 0xe8, 0x00,
  0xff, 0xfc, 0x45, 0x1e, 0x00, 0x05, 0xff, 0x00, 0x02, 0xd5, 0x00, 0xff,
  0xff, 0xf8, 0x62, 0x00, 0xff, 0x00, 0x07, 0x53, 0x00, 0xff, 0xff, 0xfa,
  0xec, 0x00, 0xff, 0x00, 0x08, 0x1b, 0x00, 0x8b, 0x08, 0xff, 0x00, 0xf6,
  0x4a, 0x00, 0x06, 0xff, 0x00, 0x08, 0x1b, 0x00, 0x8b, 0xff, 0x00, 0x07,
  0x53, 0x00, 0xff, 0x00, 0x05, 0x14, 0x00, 0xff, 0x00, 0x02, 0xd5, 0x00,
  0xff, 0x00, 0x07, 0x9e, 0x00, 0x08, 0xff, 0x01, 0x61, 0xcf, 0x00, 0xff,
  0x03, 0xba, 0xc9, 0x00, 0x05, 0xff, 0x00, 0x00, 0xc8, 0x00, 0xff, 0x00,
  0x02, 0x26, 0x00, 0xff, 0x00, 0x00, 0x64, 0x00, 0xff, 0x00, 0x02, 0x58,
  0x00, 0x8b, 0xff, 0x00, 0x02, 0x3f, 0x00, 0x08, 0xff, 0x00, 0x06, 0x40,
  0x00, 0x07, 0xff, 0x00, 0x0a, 0xbe, 0x00, 0xff, 0xff, 0xf7, 0x4f, 0x00,
  0xff, 0x00, 0x08, 0xca, 0x00, 0xff, 0xff, 0xf5, 0x29, 0x00, 0x1e, 0xff,
  0xff, 0x0a, 0x7e, 0x00, 0x06, 0xff, 0xff, 0xf7, 0xe5, 0x00, 0x8b, 0xff,
  0xff, 0xf8, 0xad, 0x00, 0xff, 0xff, 0xfa, 0xec, 0x00, 0xff, 0xff, 0xfd,
  0x2b, 0x00, 0xff, 0xff, 0xf8, 0x62, 0x00, 0x08, 0xff, 0xff, 0x2a, 0xea,
  0x00, 0xff, 0xfd, 0xc2, 0x45, 0x00, 0x15, 0x0e, 0xf8, 0xd8, 0xfb, 0x47,
  0x76, 0xfa, 0x7c, 0x77, 0x01, 0xff, 0x02, 0xe7, 0x11, 0x00, 0xf9, 0xb4,
  0x15, 0xff, 0xff, 0x03, 0x76, 0x00, 0x06, 0xff, 0xff, 0xf6, 0xeb, 0x00,
  0x8b, 0xff, 0xff, 0xf8, 0x30, 0x00, 0xff, 0xff, 0xf9, 0xc0, 0x00, 0xff,
  0xff, 0xfd, 0xf3, 0x00, 0xff, 0xff, 0xf7, 0x36, 0x00, 0x08, 0xff, 0xff,
  0x8a, 0x21, 0x00, 0xff, 0xfd, 0xf1, 0x0c, 0x00, 0xff, 0xff, 0xb6, 0x90,
  0x00, 0xff, 0x02, 0x0d, 0x32, 0x00, 0x05, 0xff, 0xff, 0xfe, 0xa2, 0x00,
  0xff, 0x00, 0x09, 0xab, 0x00, 0xff, 0xff, 0xf7, 0xcc, 0x00, 0xff, 0x00,
  0x07, 0x21, 0x00, 0xff, 0xff, 0xf6, 0x3c, 0x00, 0x8b, 0x08, 0xff, 0xff,
  0x0e, 0x98, 0x00, 0x06, 0xff, 0xff, 0xf4, 0x16, 0x00, 0x8b, 0xff, 0xff,
  0xf6, 0xeb, 0x00, 0xff, 0xff, 0xf5, 0x8d, 0x00, 0xff, 0x00, 0x01, 0xa9,
  0x00, 0xff, 0xff, 0xf4, 0x48, 0x00, 0x08, 0xff, 0x00, 0x85, 0x02, 0x00,
  0xff, 0xfc, 0x3e, 0xf7, 0x00, 0x05, 0xff, 0x00, 0x01, 0x5e, 0x00, 0xff,
  0xff, 0xf6, 0x55, 0x00, 0xff, 0x00, 0x08, 0x34, 0x00, 0xff, 0xff, 0xf8,
  0xdf, 0x00, 0xff, 0x00, 0x09, 0xc4, 0x00, 0x8b, 0x08, 0xff, 0x01, 0x07,
  0xc5, 0x00, 0x06, 0xff, 0x00, 0x04, 0xfb, 0x00, 0x8b, 0xff, 0x00, 0x04,
  0xe2, 0x00, 0xff, 0x00, 0x01, 0xa9, 0x00, 0xff, 0x00, 0x03, 0x84, 0x00,
  0xff, 0x00, 0x03, 0x84, 0x00, 0xff, 0x00, 0x5b, 0x9a, 0x00, 0xff, 0x00,
  0x5b, 0x04, 0x00, 0xff, 0x00, 0x5f, 0x69, 0x00, 0xff, 0x01, 0x7b, 0xfb,
  0x00, 0x8b, 0x8b, 0x8b, 0x8b, 0xff, 0x00, 0x5f, 0x82, 0x00, 0xff, 0xfe,
  0x84, 0x05, 0x00, 0xff, 0x00, 0x5b, 0x9a, 0x00, 0xff, 0xff, 0xa4, 0xfc,
  0x00, 0xff, 0x00, 0x03, 0x84, 0x00, 0xff, 0xff, 0xfc, 0x7c, 0x00, 0xff,
  0x00, 0x04, 0xe2, 0x00, 0xff, 0xff, 0xfe, 0x57, 0x00, 0xff, 0x00, 0x04,
  0xfb, 0x00, 0x8b, 0x08, 0xff, 0x01, 0x07, 0xc5, 0x00, 0x06, 0xff, 0x00,
  0x09, 0xc4, 0x00, 0x8b, 0xff, 0x00, 0x08, 0x34, 0x00, 0xff, 0x00, 0x07,
  0x21, 0x00, 0xff, 0x00, 0x01, 0x5e, 0x00, 0xff, 0x00, 0x09, 0xab, 0x00,
  0x08, 0xff, 0x00, 0x85, 0x1b, 0x00, 0xff, 0x03, 0xc1, 0x09, 0x00, 0x05,
  0xff, 0x00, 0x01, 0x90, 0x00, 0xff, 0x00, 0x0b, 0xb8, 0x00, 0xff, 0xff,
  0xf6, 0xeb, 0x00, 0xff, 0x00, 0x0a, 0x73, 0x00, 0xff, 0xff, 0xf4, 0x2f,
  0x00, 0x8b, 0x08, 0xff, 0xff, 0x0e, 0x98, 0x00, 0x06, 0xff, 0xff, 0xf6,
  0x55, 0x00, 0x8b, 0xff, 0xff, 0xf7, 0xcc, 0x00, 0xff, 0xff, 0xf8, 0xdf,
  0x00, 0xff, 0xff, 0xfe, 0xa2, 0x00, 0xff, 0xff, 0xf6, 0x55, 0x00, 0x08,
  0xff, 0xff, 0xb6, 0x77, 0x00, 0xff, 0xfd, 0xf2, 0xce, 0x00, 0xff, 0xff,
  0x8a, 0x21, 0x00, 0xff, 0x02, 0x0e, 0xf4, 0x00, 0x05, 0xff, 0xff, 0xfd,
  0xf3, 0x00, 0xff, 0x00, 0x08, 0xca, 0x00, 0xff, 0xff, 0xf8, 0x17, 0x00,
  0xff, 0x00, 0x06, 0x40, 0x00, 0xff, 0xff, 0xf7, 0x04, 0x00, 0x8b, 0x08,
  0x0e, 0xf7, 0x92, 0xfb, 0x47, 0x76, 0xff, 0x01, 0x82, 0x22, 0x0c, 0xff,
  0x00, 0xe3, 0xbb, 0xe7, 0xff, 0x01, 0x82, 0x22, 0x0d, 0x77, 0x01, 0x8b,
  0xff, 0x01, 0x1d, 0x5a, 0x1d, 0xff, 0x01, 0x50, 0x53, 0xf7, 0xff, 0x01,
  0x1d, 0x72, 0xf2, 0x03, 0xff, 0x02, 0xe8, 0xa1, 0x00, 0xf7, 0xc0, 0x15,
  0xff, 0x00, 0x50, 0x2d, 0x00, 0xff, 0x00, 0x4d, 0x71, 0x00, 0xff, 0x00,
  0x52, 0x53, 0x00, 0xff, 0x00, 0x8e, 0x94, 0x00, 0x8b, 0xff, 0x01, 0x04,
  0x28, 0x00, 0x08, 0xff, 0x00, 0x0a, 0xd7, 0x00, 0xff, 0xff, 0xf7, 0x4f,
  0x00, 0xff, 0x00, 0x08, 0xfc, 0x00, 0xff, 0xff, 0xf5, 0x29, 0x00, 0x1e,
  0xff, 0xff, 0x09, 0x84, 0x00, 0x06, 0xff, 0xff, 0xf5, 0x42, 0x00, 0x8b,
  0xff, 0xff, 0xf7, 0x68, 0x00, 0xff, 0xff, 0xf7, 0x4f, 0x00, 0xff, 0xff,
  0xff, 0xe7, 0x00, 0xff, 0xff, 0xf5, 0x42, 0x00, 0xff, 0xff, 0xfa, 0xa1,
  0x00, 0xff, 0xfe, 0x84, 0x1e, 0x00, 0xff, 0xff, 0x67, 0x2b, 0x00, 0xff,
  0x00, 0x0d, 0x2f, 0x00, 0xff, 0xff, 0xf6, 0x23, 0x00, 0x8b, 0xff, 0xff,
  0xf6, 0x0a, 0x00, 0x8b, 0xff, 0xff, 0x67, 0x2b, 0x00, 0xff, 0xff, 0xf2,
  0xd1, 0x00, 0xff, 0xff, 0xfa, 0xba, 0x00, 0xff, 0x01, 0x7b, 0xe2, 0x00,
  0xff, 0xff, 0xff, 0xce, 0x00, 0xff, 0x00, 0x0a, 0xbe, 0x00, 0xff, 0xff,
  0xf7, 0x68, 0x00, 0xff, 0x00, 0x08, 0xb1, 0x00, 0xff, 0xff, 0xf5, 0x5b,
  0x00, 0x8b, 0x08, 0xff, 0xff, 0x09, 0x6b, 0x00, 0x06, 0xff, 0xff, 0xf5,
  0x29, 0x00, 0xff, 0xff, 0xf7, 0x4f, 0x00, 0xff, 0xff, 0xf7, 0x04, 0x00,
  0xff, 0xff, 0xf5, 0x29, 0x00, 0x1f, 0x8b, 0xff, 0xfe, 0xfb, 0xd8, 0x00,
  0xff, 0x00, 0x52, 0x3a, 0x00, 0xff, 0xff, 0x71, 0x6c, 0x00, 0xff, 0x00,
  0x50, 0x46, 0x00, 0xff, 0xff, 0xb2, 0x8f, 0x00, 0xff, 0xff, 0xaf, 0xba,
  0x00, 0xff, 0xff, 0xb2, 0x8f, 0x00, 0xff, 0xff, 0xad, 0xc6, 0x00, 0xff,
  0xff, 0x71, 0x6c, 0x00, 0x8b, 0xff, 0xfe, 0xfb, 0xd8, 0x00, 0x08, 0xff,
  0xff, 0xf5, 0x29, 0x00, 0xff, 0x00, 0x08, 0xb1, 0x00, 0xff, 0xff, 0xf7,
  0x04, 0x00, 0xff, 0x00, 0x0a, 0xd7, 0x00, 0x1e, 0xff, 0x00, 0xf6, 0x63,
  0x00, 0x06, 0xff, 0x00, 0x0a, 0xbe, 0x00, 0x8b, 0xff, 0x00, 0x08, 0x98,
  0x00, 0xff, 0x00, 0x08, 0xb1, 0x00, 0xff, 0x00, 0x00, 0x19, 0x00, 0xff,
  0x00, 0x0a, 0xbe, 0x00, 0xff, 0x00, 0x05, 0x5f, 0x00, 0xff, 0x01, 0x7b,
  0xe2, 0x00, 0xff, 0x00, 0x98, 0xd5, 0x00, 0xff, 0xff, 0xf2, 0xd1, 0x00,
  0xff, 0x00, 0x09, 0xdd, 0x00, 0x8b, 0xff, 0x00, 0x09, 0xf6, 0x00, 0x8b,
  0xff, 0x00, 0x98, 0xd5, 0x00, 0xff, 0x00, 0x0d, 0x2f, 0x00, 0xff, 0x00,
  0x05, 0x46, 0x00, 0xff, 0xfe, 0x84, 0x1e, 0x00, 0xff, 0x00, 0x00, 0x32,
  0x00, 0xff, 0xff, 0xf5, 0x5b, 0x00, 0xff, 0x00, 0x08, 0x98, 0x00, 0xff,
  0xff, 0xf7, 0x36, 0x00, 0xff, 0x00, 0x0a, 0xa5, 0x00, 0x8b, 0x08, 0xff,
  0x00, 0xf6, 0x63, 0x00, 0x06, 0xff, 0x00, 0x0a, 0xd7, 0x00, 0xff, 0x00,
  0x08, 0xb1, 0x00, 0xff, 0x00, 0x08, 0xfc, 0x00, 0xff, 0x00, 0x0a, 0xd7,
  0x00, 0x1f, 0xff, 0x00, 0x00, 0x32, 0x00, 0xff, 0x01, 0x04, 0x28, 0x00,
  0xff, 0xff, 0xad, 0xc6, 0x00, 0xff, 0x00, 0x8e, 0x94, 0x00, 0xff, 0xff,
  0xaf, 0xd3, 0x00, 0xff, 0x00, 0x4d, 0x71, 0x00, 0x08, 0x0e, 0xf7, 0x92,
  0xfb, 0x5c, 0xff, 0x02, 0x65, 0xdd, 0xf4, 0xff, 0x01, 0x82, 0x3b, 0x23,
  0x77, 0x01, 0x8b, 0xff, 0x01, 0x1d, 0x72, 0xf2, 0xff, 0x00, 0x1b, 0xbc,
  0x29, 0xff, 0x01, 0x18, 0xc3, 0x12, 0xff, 0x00, 0x1b, 0xbb, 0xe7, 0xff,
  0x01, 0x1d, 0x72, 0xf2, 0x03, 0x14, 0x38, 0xff, 0x01, 0xc5, 0x9d, 0x00,
  0xff, 0x01, 0x9d, 0xde, 0x00, 0x15, 0x2f, 0x0a, 0x0e, 0xf6, 0xfb, 0x5c,
  0xff, 0x00, 0xee, 0xc5, 0x1f, 0xff, 0x02, 0x0a, 0x75, 0xc2, 0xff, 0x00,
  0xee, 0xc5, 0x1f, 0x01, 0xff, 0x02, 0xf8, 0xf0, 0x00, 0xff, 0xff, 0x4b,
  0x88, 0x00, 0x15, 0xff, 0x00, 0xc7, 0xb5, 0x00, 0x07, 0xff, 0x00, 0x0a,
  0xbe, 0x00, 0xff, 0xff, 0xf7, 0x4f, 0x00, 0xff, 0x00, 0x08, 0xca, 0x00,
  0xff, 0xff, 0xf5, 0x29, 0x00, 0x1e, 0xff, 0xfe, 0xab, 0x47, 0x00, 0x8b,
  0xff, 0x01, 0x66, 0x1b, 0x00, 0xff, 0x02, 0xc8, 0x1c, 0x00, 0x05, 0xff,
  0x00, 0x01, 0x5e, 0x00, 0xff, 0x00, 0x02, 0xbc, 0x00, 0xff, 0x00, 0x00,
  0xaf, 0x00, 0xff, 0x00, 0x03, 0x07, 0x00, 0x8b, 0xff, 0x00, 0x03, 0x07,
  0x00, 0x08, 0xff, 0x00, 0x14, 0xcd, 0x00, 0x07, 0xff, 0x00, 0x0a, 0xbe,
  0x00, 0xff, 0xff, 0xf7, 0x4f, 0x00, 0xff, 0x00, 0x08, 0xca, 0x00, 0xff,
  0xff, 0xf5, 0x29, 0x00, 0x1e, 0xff, 0xfd, 0x2e, 0x39, 0x00, 0x06, 0xff,
  0xff, 0xf5, 0x29, 0x00, 0xff, 0xff, 0xf7, 0x4f, 0x00, 0xff, 0xff, 0xf7,
  0x4f, 0x00, 0xff, 0xff, 0xf5, 0x29, 0x00, 0x1f, 0xff, 0xff, 0x38, 0x4b,
  0x00, 0x07, 0xff, 0xff, 0xf5, 0x42, 0x00, 0xff, 0x00, 0x08, 0xb1, 0x00,
  0xff, 0xff, 0xf7, 0x36, 0x00, 0xff, 0x00, 0x0a, 0xd7, 0x00, 0x1e, 0xff,
  0x01, 0x54, 0xb9, 0x00, 0x8b, 0xff, 0xfe, 0x99, 0xcc, 0x00, 0xff, 0xfd,
  0x37, 0xcb, 0x00, 0x05, 0xff, 0xff, 0xfe, 0xa2, 0x00, 0xff, 0xff, 0xfd,
  0x44, 0x00, 0xff, 0xff, 0xff, 0x51, 0x00, 0xff, 0xff, 0xfd, 0x12, 0x00,
  0x8b, 0xff, 0xff, 0xfc, 0xe0, 0x00, 0x08, 0xff, 0xff, 0xeb, 0x4c, 0x00,
  0x07, 0xff, 0xff, 0xf5, 0x42, 0x00, 0xff, 0x00, 0x08, 0xb1, 0x00, 0xff,
  0xff, 0xf7, 0x36, 0x00, 0xff, 0x00, 0x0a, 0xd7, 0x00, 0x1e, 0xff, 0x02,
  0xd1, 0xf9, 0x00, 0x06, 0xff, 0x00, 0x0a, 0xa5, 0x00, 0xff, 0x00, 0x08,
  0xca, 0x00, 0xff, 0x00, 0x08, 0xb1, 0x00, 0xff, 0x00, 0x0a, 0xd7, 0x00,
  0x1f, 0x0e, 0x9f, 0xff, 0x02, 0x74, 0x20, 0x00, 0xff, 0xfd, 0xd9, 0x51,
  0x00, 0x15, 0xff, 0xff, 0xf5, 0x29, 0x00, 0xff, 0xff, 0xf7, 0x4f, 0x00,
  0xff, 0xff, 0xf7, 0x4f, 0x00, 0xff, 0xff, 0xf5, 0x29, 0x00, 0x1e, 0xff,
  0xfd, 0xfd, 0xf0, 0x00, 0x06, 0xff, 0xff, 0xf5, 0x29, 0x00, 0xff, 0xff,
  0xf7, 0x4f, 0x00, 0xff, 0x00, 0x08, 0xca, 0x00, 0xff, 0x00, 0x0a, 0xbe,
  0x00, 0x1f, 0xff, 0x06, 0xa5, 0x77, 0x00, 0x07, 0xff, 0x00, 0x0a, 0xd7,
  0x00, 0xff, 0x00, 0x08, 0xca, 0x00, 0xff, 0x00, 0x08, 0xb1, 0x00, 0xff,
  0x00, 0x0a, 0xbe, 0x00, 0x1e, 0xff, 0x02, 0x02, 0x10, 0x00, 0x06, 0xff,
  0x00, 0x0a, 0xd7, 0x00, 0xff, 0x00, 0x08, 0xb1, 0x00, 0xff, 0xff, 0xf7,
  0x36, 0x00, 0xff, 0xff, 0xf5, 0x42, 0x00, 0x1f, 0xff, 0xff, 0x29, 0x41,
  0x00, 0x07, 0xff, 0xff, 0xf5, 0x29, 0x00, 0xff, 0xff, 0xf7, 0x36, 0x00,
  0xff, 0xff, 0xf7, 0x4f, 0x00, 0xff, 0xff, 0xf5, 0x42, 0x00, 0x1e, 0xff,
  0xff, 0x03, 0x2b, 0x00, 0xff, 0xfb, 0x2f, 0x17, 0x00, 0xff, 0x00, 0xfc,
  0xd5, 0x00, 0x06, 0xff, 0x00, 0x0a, 0xd7, 0x00, 0xff, 0x00, 0x08, 0xb1,
  0x00, 0xff, 0xff, 0xf7, 0x36, 0x00, 0xff, 0xff, 0xf5, 0x42, 0x00, 0x1f,
  0x0e, 0x41, 0xff, 0x01, 0xd7, 0x8f, 0x40, 0xff, 0xff, 0x2b, 0x1c, 0x00,
  0x15, 0xff, 0x00, 0x32, 0x96, 0x00, 0xff, 0x00, 0x15, 0x18, 0x00, 0x05,
  0xff, 0x00, 0x09, 0xf6, 0x00, 0xff, 0x00, 0x04, 0x1a, 0x00, 0xff, 0x00,
  0x04, 0xb0, 0x00, 0xff, 0x00, 0x0b, 0x6d, 0x00, 0xff, 0xff, 0xfb, 0xcd,
  0x00, 0xff, 0x00, 0x09, 0xf6, 0x00, 0x08, 0xff, 0xfe, 0x8e, 0x78, 0x00,
  0xff, 0x03, 0x76, 0x9f, 0x00, 0x05, 0xff, 0xff, 0xfb, 0xe6, 0x00, 0xff,
  0x00, 0x09, 0xf6, 0x00, 0xff, 0xff, 0xf4, 0x93, 0x00, 0xff, 0x00, 0x04,
  0xb0, 0x00, 0xff, 0xff, 0xf6, 0x0a, 0x00, 0xff, 0xff, 0xfb, 0xcd, 0x00,
  0x08, 0xff, 0xff, 0xcd, 0x6a, 0x00, 0xff, 0xff, 0xea, 0xe8, 0x00, 0x05,
  0xff, 0xff, 0xf6, 0x0a, 0x00, 0xff, 0xff, 0xfb, 0xe6, 0x00, 0xff, 0xff,
  0xfb, 0x50, 0x00, 0xff, 0xff, 0xf4, 0x93, 0x00, 0xff, 0x00, 0x04, 0x33,
  0x00, 0xff, 0xff, 0xf6, 0x0a, 0x00, 0x08, 0xff, 0x01, 0x71, 0xa1, 0x00,
  0xff, 0xfc, 0x89, 0x48, 0x00, 0x05, 0xff, 0x00, 0x04, 0x1a, 0x00, 0xff,
  0xff, 0xf6, 0x23, 0x00, 0xff, 0x00, 0x0b, 0x54, 0x00, 0xff, 0xff, 0xfb,
  0x50, 0x00, 0xff, 0x00, 0x09, 0xf6, 0x00, 0xff, 0x00, 0x04, 0x33, 0x00,
  0x08, 0x0e, 0x9f, 0xff, 0xfd, 0xc5, 0xc9, 0x00, 0xff, 0x00, 0xfd, 0xcf,
  0x00, 0xff, 0x04, 0xd0, 0xe9, 0x00, 0xff, 0x00, 0xfd, 0xcf, 0x00, 0x01,
  0xd6, 0xff, 0x02, 0x29, 0x20, 0x00, 0x03, 0xd6, 0xff, 0xfd, 0xd9, 0x51,
  0x00, 0x15, 0xff, 0xff, 0xf5, 0x29, 0x00, 0xff, 0x00, 0x08, 0xb1, 0x00,
  0xff, 0xff, 0xf7, 0x4f, 0x00, 0xff, 0x00, 0x0a, 0xd7, 0x00, 0x1e, 0xff,
  0x02, 0x02, 0x10, 0x00, 0x06, 0xff, 0x00, 0x0a, 0xd7, 0x00, 0xff, 0x00,
  0x08, 0xb1, 0x00, 0xff, 0x00, 0x08, 0xca, 0x00, 0xff, 0x00, 0x0a, 0xbe,
  0x00, 0x1f, 0xff, 0x06, 0xa5, 0x77, 0x00, 0x07, 0xff, 0x00, 0x0a, 0xd7,
  0x00, 0xff, 0xff, 0xf7, 0x36, 0x00, 0xff, 0x00, 0x08, 0xb1, 0x00, 0xff,
  0xff, 0xf5, 0x42, 0x00, 0x1e, 0xff, 0xfd, 0xfd, 0xf0, 0x00, 0x06, 0xff,
  0xff, 0xf5, 0x29, 0x00, 0xff, 0xff, 0xf7, 0x4f, 0x00, 0xff, 0xff, 0xf7,
  0x36, 0x00, 0xff, 0xff, 0xf5, 0x42, 0x00, 0x1f, 0xff, 0xff, 0x29, 0x41,
  0x00, 0x07, 0xff, 0xff, 0xf5, 0x29, 0x00, 0xff, 0x00, 0x08, 0xca, 0x00,
  0xff, 0xff, 0xf7, 0x4f, 0x00, 0xff, 0x00, 0x0a, 0xbe, 0x00, 0x1e, 0xff,
  0x00, 0xfc, 0xd5, 0x00, 0xff, 0xfb, 0x2f, 0x17, 0x00, 0xff, 0xff, 0x03,
  0x2b, 0x00, 0x06, 0xff, 0xff, 0xf5, 0x29, 0x00, 0xff, 0xff, 0xf7, 0x4f,
  0x00, 0xff, 0xff, 0xf7, 0x36, 0x00, 0xff, 0xff, 0xf5, 0x42, 0x00, 0x1f,
  0x0e, 0x65, 0xff, 0x01, 0x37, 0xa2, 0xc0, 0xff, 0x04, 0x7a, 0xf9, 0x00,
  0x15, 0x30, 0x0a, 0x0e, 0xf7, 0x9c, 0xff, 0xfe, 0x48, 0x90, 0x00, 0xff,
  0x00, 0xeb, 0x73, 0x00, 0x01, 0xff, 0x00, 0x5e, 0x3d, 0x00, 0xff, 0xfe,
  0x48, 0x90, 0x00, 0x15, 0xff, 0x02, 0xf6, 0xf2, 0x00, 0xff, 0x00, 0x00,
  0x19, 0x00, 0x05, 0xff, 0x00, 0x0a, 0xd1, 0x00, 0xff, 0x00, 0x00, 0x57,
  0x00, 0xff, 0x00, 0x08, 0x6c, 0x00, 0xff, 0x00, 0x08, 0x41, 0x00, 0x8b,
  0xff, 0x00, 0x0a, 0xa5, 0x00, 0x08, 0xff, 0x00, 0xc4, 0xe0, 0x00, 0x07,
  0x8b, 0xff, 0x00, 0x0a, 0xa5, 0x00, 0xff, 0xff, 0xf7, 0x94, 0x00, 0xff,
  0x00, 0x08, 0x95, 0x00, 0xff, 0xff, 0xf5, 0x2f, 0x00, 0xff, 0x00, 0x00,
  0x03, 0x00, 0x08, 0xff, 0xfd, 0x09, 0x0e, 0x00, 0x06, 0xff, 0xff, 0xf5,
  0xc3, 0x00, 0xff, 0xff, 0xff, 0xfd, 0x00, 0x82, 0xff, 0xff, 0xf7, 0x6b,
  0x00, 0x8b, 0xff, 0xff, 0xf5, 0x5b, 0x00, 0x08, 0xff, 0xff, 0x3b, 0x07,
  0x00, 0x07, 0x8b, 0xff, 0xff, 0xf5, 0x5b, 0x00, 0x94, 0xff, 0xff, 0xf7,
  0xd8, 0x00, 0xff, 0x00, 0x0a, 0x3d, 0x00, 0xff, 0xff, 0xff, 0x90, 0x00,
  0x08, 0x0e, 0xfb, 0x3a, 0xff, 0x01, 0x62, 0xd2, 0xc0, 0xff, 0x03, 0x35,
  0xc7, 0x00, 0x15, 0x31, 0x0a, 0x0e, 0xff, 0xff, 0x1a, 0xb3, 0xf8, 0xff,
  0x01, 0x01, 0xb7, 0x0a, 0xff, 0x00, 0xc8, 0x96, 0x04, 0xff, 0x01, 0x00,
  0x8b, 0x02, 0xff, 0xff, 0xf2, 0x22, 0x0c, 0x77, 0x12, 0xff, 0x01, 0xca,
  0x4d, 0x0e, 0xff, 0x01, 0x1f, 0x80, 0x00, 0x13, 0xb0, 0xff, 0x01, 0xd1,
  0x55, 0x00, 0xff, 0x01, 0xd7, 0xae, 0x00, 0x15, 0x32, 0x0a, 0x13, 0xd0,
  0x33, 0x0a, 0x13, 0xb0, 0x34, 0x0a, 0xff, 0xfe, 0x8f, 0xa4, 0x00, 0xff,
  0xfe, 0x44, 0xbd, 0x00, 0x15, 0x35, 0x0a, 0x13, 0xd0, 0x36, 0x0a, 0x0e,
  0xff, 0xff, 0x1a, 0xcd, 0x0e, 0xff, 0x01, 0x01, 0x9d, 0xf4, 0xff, 0x00,
  0xc8, 0x96, 0x04, 0xff, 0x01, 0x00, 0x8b, 0x02, 0xff, 0x01, 0x3a, 0x73,
  0xf8, 0x77, 0x01, 0x8b, 0xff, 0x01, 0x18, 0x90, 0xe5, 0x03, 0xff, 0x01,
  0xa2, 0x11, 0x00, 0xff, 0x01, 0xe5, 0x8c, 0x00, 0x15, 0xff, 0xff, 0xcf,
  0xc2, 0x00, 0xff, 0x00, 0x04, 0x01, 0x00, 0xff, 0xff, 0xd1, 0x9d, 0x00,
  0xff, 0xff, 0xfa, 0x56, 0x00, 0xff, 0xff, 0xd5, 0x21, 0x00, 0xff, 0xff,
  0xf2, 0x86, 0x00, 0x08, 0xff, 0x01, 0x36, 0x28, 0x00, 0x07, 0xff, 0x00,
  0x0a, 0xbe, 0x00, 0xff, 0xff, 0xf7, 0x4f, 0x00, 0xff, 0x00, 0x08, 0xb1,
  0x00, 0xff, 0xff, 0xf5, 0x42, 0x00, 0x1e, 0xff, 0xff, 0x0e, 0x4d, 0x00,
  0x06, 0xff, 0xff, 0xf5, 0x42, 0x00, 0xff, 0xff, 0xf7, 0x4f, 0x00, 0xff,
  0xff, 0xf7, 0x4f, 0x00, 0xff, 0xff, 0xf5, 0x42, 0x00, 0x1f, 0xff, 0xfc,
  0x30, 0x9c, 0x00, 0x07, 0xff, 0xff, 0xf5, 0x42, 0x00, 0xff, 0x00, 0x08,
  0xb1, 0x00, 0xff, 0xff, 0xf7, 0x4f, 0x00, 0xff, 0x00, 0x0a, 0xbe, 0x00,
  0x1e, 0xff, 0x01, 0x05, 0x22, 0x00, 0xff, 0x00, 0x01, 0x77, 0x00, 0x06,
  0xff, 0x00, 0x21, 0xe3, 0x00, 0xff, 0xff, 0xf5, 0x5b, 0x00, 0xff, 0x00,
  0x24, 0x09, 0x00, 0xff, 0xff, 0xfa, 0x3d, 0x00, 0xff, 0x00, 0x25, 0x4e,
  0x00, 0x8b, 0xff, 0x00, 0xd2, 0xbe, 0x00, 0x8b, 0xff, 0x00, 0xa8, 0x2a,
  0x00, 0xff, 0x00, 0xb6, 0x08, 0x00, 0xff, 0xff, 0xe9, 0x0d, 0x00, 0xff,
  0x00, 0xd7, 0x55, 0x00, 0xff, 0xff, 0xee, 0x08, 0x00, 0xff, 0x00, 0xa8,
  0x8e, 0x00, 0xff, 0xff, 0x75, 0x54, 0x00, 0xff, 0x00, 0x86, 0xdd, 0x00,
  0xff, 0xff, 0x56, 0xf5, 0x00, 0xff, 0x00, 0x0d, 0xf7, 0x00, 0x08, 0xff,
  0xff, 0xe1, 0xba, 0x00, 0xff, 0xfe, 0x36, 0xdf, 0x00, 0x15, 0x37, 0x0a,
  0x0e, 0x55, 0xff, 0xff, 0x1a, 0xb3, 0xf8, 0xff, 0x00, 0xef, 0x28, 0xf6,
  0x01, 0xff, 0x01, 0xeb, 0x81, 0x00, 0xff, 0x00, 0x25, 0xcb, 0x00, 0x15,
  0xff, 0xff, 0xf9, 0x8e, 0x00, 0xff, 0x00, 0x09, 0x79, 0x00, 0xff, 0xff,
  0xf3, 0x1c, 0x00, 0xff, 0x00, 0x01, 0x13, 0x00, 0xff, 0xff, 0xf7, 0x36,
  0x00, 0xff, 0xff, 0xf8, 0xad, 0x00, 0xff, 0xff, 0xe8, 0xf4, 0x00, 0xff,
  0xff, 0xec, 0xaa, 0x00, 0xff, 0xff, 0xdf, 0x17, 0x00, 0xff, 0xff, 0xf4,
  0x2f, 0x00, 0xff, 0xff, 0xe1, 0x24, 0x00, 0x8b, 0x08, 0xff, 0xff, 0xbe,
  0x47, 0x00, 0xff, 0xff, 0xca, 0xc7, 0x00, 0xff, 0x00, 0x35, 0x39, 0x00,
  0xff, 0x00, 0x41, 0xb9, 0x00, 0xff, 0x00, 0x41, 0xb9, 0x00, 0xff, 0x00,
  0x35, 0x39, 0x00, 0xff, 0x00, 0x35, 0x39, 0x00, 0xff, 0x00, 0x41, 0xb9,
  0x00, 0x1f, 0xff, 0x00, 0x1e, 0xdc, 0x00, 0x8b, 0xff, 0x00, 0x20, 0xe9,
  0x00, 0xff, 0xff, 0xf4, 0x2f, 0x00, 0xff, 0x00, 0x17, 0x0c, 0x00, 0xff,
  0xff, 0xec, 0xaa, 0x00, 0xff, 0x00, 0x08, 0xca, 0x00, 0xff, 0xff, 0xf8,
  0xad, 0x00, 0xff, 0x00, 0x0c, 0xe4, 0x00, 0xff, 0x00, 0x01, 0x13, 0x00,
  0xff, 0x00, 0x06, 0x72, 0x00, 0xff, 0x00, 0x09, 0x79, 0x00, 0x08, 0xff,
  0x00, 0x68, 0x33, 0x00, 0xff, 0x00, 0x99, 0x84, 0x00, 0x05, 0xff, 0x00,
  0x05, 0x78, 0x00, 0xff, 0x00, 0x08, 0x02, 0x00, 0xff, 0xff, 0xfe, 0xd4,
  0x00, 0xff, 0x00, 0x0b, 0x09, 0x00, 0xff, 0xff, 0xf8, 0xad, 0x00, 0xff,
  0x00, 0x06, 0x72, 0x00, 0xff, 0xff, 0xb7, 0xee, 0x00, 0xff, 0x00, 0x3e,
  0xb2, 0x00, 0xff, 0xff, 0x9e, 0xee, 0x00, 0xff, 0x00, 0x22, 0x92, 0x00,
  0xff, 0xff, 0x96, 0xa1, 0x00, 0xff, 0xff, 0xf4, 0x93, 0x00, 0xff, 0xff,
  0x5b, 0x73, 0x00, 0xff, 0xff, 0xee, 0x08, 0x00, 0xff, 0xff, 0x7a, 0xe5,
  0x00, 0xff, 0xff, 0x7b, 0x7b, 0x00, 0xff, 0xff, 0xed, 0xbd, 0x00, 0xff,
  0xff, 0x5b, 0x8c, 0x00, 0xff, 0xff, 0xe7, 0xfa, 0x00, 0xff, 0xff, 0x27,
  0xe3, 0x00, 0xff, 0x00, 0xa8, 0x8e, 0x00, 0xff, 0xff, 0x49, 0x17, 0x00,
  0xff, 0x00, 0xd3, 0x3b, 0x00, 0x8b, 0xff, 0x00, 0x59, 0xd8, 0x00, 0x8b,
  0xff, 0x00, 0x51, 0xef, 0x00, 0xff, 0x00, 0x21, 0x4d, 0x00, 0xff, 0x00,
  0x3e, 0xe4, 0x00, 0xff, 0x00, 0x36, 0xb0, 0x00, 0xff, 0x00, 0x07, 0x53,
  0x00, 0xff, 0x00, 0x06, 0x59, 0x00, 0xff, 0x00, 0x01, 0x13, 0x00, 0xff,
  0x00, 0x0b, 0x09, 0x00, 0xff, 0xff, 0xfa, 0xa1, 0x00, 0xff, 0x00, 0x08,
  0x02, 0x00, 0x08, 0x0e, 0xff, 0xff, 0x1a, 0xb3, 0xf8, 0xff, 0x01, 0x01,
  0xb7, 0x0a, 0xff, 0x00, 0xc8, 0x96, 0x04, 0xff, 0x01, 0x00, 0x8b, 0x02,
  0xff, 0x01, 0x3a, 0x73, 0xf8, 0x77, 0x01, 0xff, 0x01, 0xd1, 0x54, 0xfe,
  0xff, 0x01, 0x18, 0x78, 0x10, 0x03, 0xff, 0x00, 0x02, 0x0d, 0x00, 0xff,
  0x00, 0xa8, 0x11, 0x00, 0x15, 0xff, 0xff, 0xe9, 0x26, 0x00, 0xff, 0xff,
  0x28, 0x92, 0x00, 0xff, 0x00, 0xa8, 0x2a, 0x00, 0xff, 0xff, 0x4a, 0x11,
  0x00, 0xff, 0x00, 0xd2, 0xa5, 0x00, 0x8b, 0xff, 0x00, 0x25, 0x67, 0x00,
  0x8b, 0xff, 0x00, 0x23, 0xf0, 0x00, 0xff, 0x00, 0x05, 0xc3, 0x00, 0xff,
  0x00, 0x21, 0xe3, 0x00, 0xff, 0x00, 0x0a, 0xa5, 0x00, 0x08, 0xff, 0xff,
  0xfe, 0x89, 0x00, 0xff, 0x01, 0x05, 0x22, 0x00, 0x07, 0xff, 0x00, 0x0a,
  0xbe, 0x00, 0xff, 0x00, 0x08, 0xb1, 0x00, 0xff, 0x00, 0x08, 0xb1, 0x00,
  0xff, 0x00, 0x0a, 0xbe, 0x00, 0x1f, 0xff, 0x03, 0xcf, 0x7d, 0x00, 0x07,
  0xff, 0x00, 0x0a, 0xbe, 0x00, 0xff, 0xff, 0xf7, 0x4f, 0x00, 0xff, 0x00,
  0x08, 0xb1, 0x00, 0xff, 0xff, 0xf5, 0x42, 0x00, 0x1e, 0xff, 0xff, 0x0e,
  0x66, 0x00, 0x06, 0xff, 0xff, 0xf5, 0x42, 0x00, 0xff, 0xff, 0xf7, 0x4f,
  0x00, 0xff, 0xff, 0xf7, 0x4f, 0x00, 0xff, 0xff, 0xf5, 0x42, 0x00, 0x1f,
  0xff, 0xfe, 0xc9, 0xd8, 0x00, 0x07, 0xff, 0xff, 0xd5, 0x08, 0x00, 0xff,
  0x00, 0x0d, 0x7a, 0x00, 0xff, 0xff, 0xd1, 0xb6, 0x00, 0xff, 0x00, 0x05,
  0xaa, 0x00, 0xff, 0xff, 0xcf, 0xc2, 0x00, 0xff, 0xff, 0xfb, 0xff, 0x00,
  0xff, 0xff, 0x56, 0xf5, 0x00, 0xff, 0xff, 0xf2, 0x09, 0x00, 0xff, 0xff,
  0x75, 0x3b, 0x00, 0xff, 0xff, 0x79, 0x23, 0x00, 0xff, 0xff, 0xee, 0x08,
  0x00, 0xff, 0xff, 0x57, 0x59, 0x00, 0x08, 0xff, 0x00, 0xff, 0xc3, 0x00,
  0xff, 0xff, 0xd8, 0xa5, 0x00, 0x15, 0xff, 0x00, 0x37, 0x5f, 0x00, 0xff,
  0x00, 0x2c, 0xec, 0x00, 0xff, 0x00, 0x2c, 0xec, 0x00, 0xff, 0x00, 0x37,
  0x5f, 0x00, 0xff, 0x00, 0x37, 0x5f, 0x00, 0xff, 0x00, 0x2c, 0xec, 0x00,
  0xff, 0xff, 0xd3, 0x14, 0x00, 0xff, 0xff, 0xc8, 0xa1, 0x00, 0xff, 0xff,
  0xc8, 0xa1, 0x00, 0xff, 0xff, 0xd3, 0x14, 0x00, 0xff, 0xff, 0xd3, 0x14,
  0x00, 0xff, 0xff, 0xc8, 0xa1, 0x00, 0xff, 0xff, 0xc8, 0xa1, 0x00, 0xff,
  0xff, 0xd3, 0x14, 0x00, 0xff, 0x00, 0x2c, 0xec, 0x00, 0xff, 0x00, 0x37,
  0x5f, 0x00, 0x1e, 0x0e, 0xc9, 0xff, 0xff, 0x1a, 0xb3, 0xf8, 0xff, 0x00,
  0xee, 0x92, 0xf2, 0xff, 0x01, 0x08, 0xd8, 0x10, 0xff, 0x00, 0xd4, 0xb1,
  0xec, 0x01, 0xff, 0x02, 0xa4, 0x90, 0x00, 0xff, 0x01, 0x21, 0xbf, 0x00,
  0x15, 0x38, 0x0a, 0xff, 0xfe, 0xed, 0x4b, 0x00, 0xff, 0xff, 0xf0, 0x60,
  0x00, 0x15, 0x39, 0x0a, 0x0e, 0x4a, 0xff, 0xff, 0x4c, 0xe6, 0xe9, 0x76,
  0xff, 0x01, 0xaa, 0xa8, 0xf6, 0xff, 0x00, 0xeb, 0x72, 0xf2, 0x01, 0xff,
  0x00, 0x8c, 0x54, 0xfe, 0xff, 0x01, 0x14, 0xc2, 0x0c, 0x03, 0xff, 0x02,
  0x4c, 0x61, 0x00, 0xff, 0x02, 0x56, 0xed, 0x00, 0x15, 0xff, 0x00, 0xc4,
  0xae, 0x00, 0x07, 0x8b, 0xff, 0x00, 0x0a, 0xbe, 0x00, 0xff, 0xff, 0xf7,
  0x1d, 0x00, 0xff, 0x00, 0x08, 0xb1, 0x00, 0xff, 0xff, 0xf5, 0x5b, 0x00,
  0xff, 0xff, 0xff, 0xce, 0x00, 0xff, 0xfe, 0xb8, 0xf3, 0x00, 0xff, 0xff,
  0xfa, 0x24, 0x00, 0xff, 0xff, 0x9a, 0x89, 0x00, 0xff, 0xff, 0x64, 0x3d,
  0x00, 0x8b, 0xff, 0xff, 0x40, 0xca, 0x00, 0x08, 0xff, 0xff, 0x86, 0xe8,
  0x00, 0x06, 0xff, 0xff, 0xf5, 0x5b, 0x00, 0xff, 0xff, 0xf7, 0x68, 0x00,
  0xff, 0xff, 0xf7, 0x68, 0x00, 0xff, 0xff, 0xf5, 0x5b, 0x00, 0x1f, 0xff,
  0xff, 0x3b, 0x07, 0x00, 0x07, 0xff, 0xff, 0xf5, 0x5b, 0x00, 0xff, 0x00,
  0x08, 0x98, 0x00, 0xff, 0xff, 0xf7, 0x68, 0x00, 0xff, 0x00, 0x0a, 0xa5,
  0x00, 0x1e, 0xff, 0x00, 0x79, 0x18, 0x00, 0xff, 0xfe, 0x68, 0x94, 0x00,
  0x06, 0xff, 0xff, 0xf5, 0x5b, 0x00, 0xff, 0x00, 0x08, 0x98, 0x00, 0xff,
  0xff, 0xf7, 0x68, 0x00, 0xff, 0x00, 0x0a, 0xa5, 0x00, 0x1e, 0xff, 0x00,
  0xee, 0x48, 0x00, 0x06, 0xff, 0x00, 0x0a, 0xa5, 0x00, 0xff, 0x00, 0x08,
  0x98, 0x00, 0xff, 0x00, 0x08, 0x98, 0x00, 0xff, 0x00, 0x0a, 0xa5, 0x00,
  0x1f, 0xff, 0x01, 0x97, 0x85, 0x00, 0xff, 0x00, 0x79, 0x18, 0x00, 0x07,
  0xff, 0x00, 0x0a, 0xa5, 0x00, 0xff, 0x00, 0x08, 0x98, 0x00, 0xff, 0x00,
  0x08, 0x98, 0x00, 0xff, 0x00, 0x0a, 0xa5, 0x00, 0x1f, 0xff, 0x00, 0xc4,
  0xe0, 0x00, 0x07, 0xff, 0x00, 0x0a, 0xa5, 0x00, 0xff, 0xff, 0xf7, 0x68,
  0x00, 0xff, 0x00, 0x08, 0x98, 0x00, 0xff, 0xff, 0xf5, 0x5b, 0x00, 0x1e,
  0xff, 0xff, 0x86, 0xcf, 0x00, 0x8b, 0xff, 0xff, 0xfd, 0xa8, 0x00, 0x8b,
  0x05, 0x8b, 0xff, 0x00, 0x38, 0x27, 0x00, 0xff, 0x00, 0x40, 0xa6, 0x00,
  0xff, 0x00, 0x37, 0x78, 0x00, 0xff, 0x00, 0x5b, 0xb3, 0x00, 0xff, 0x00,
  0x06, 0x40, 0x00, 0xff, 0x00, 0x09, 0xdd, 0x00, 0xff, 0x00, 0x00, 0xaf,
  0x00, 0xff, 0x00, 0x07, 0x85, 0x00, 0xff, 0x00, 0x08, 0x7f, 0x00, 0x8b,
  0xff, 0x00, 0x09, 0xdd, 0x00, 0x08, 0x0e, 0xff, 0xfd, 0xc3, 0xa3, 0x12,
  0xff, 0x00, 0xfd, 0xcf, 0x1b, 0xff, 0x00, 0x59, 0x5a, 0xe1, 0xff, 0x01,
  0x01, 0xb7, 0x0a, 0xff, 0x00, 0xc8, 0x96, 0x05, 0xff, 0x01, 0x00, 0x71,
  0xec, 0x01, 0xff, 0x01, 0xd1, 0x3c, 0x00, 0xff, 0x01, 0xd7, 0xe0, 0x00,
  0x15, 0xff, 0xff, 0xfe, 0x89, 0x00, 0x07, 0xff, 0xff, 0xd5, 0x08, 0x00,
  0xff, 0x00, 0x0d, 0x7a, 0x00, 0xff, 0xff, 0xd1, 0x9d, 0x00, 0xff, 0x00,
  0x05, 0xaa, 0x00, 0xff, 0xff, 0xcf, 0xdb, 0x00, 0xff, 0xff, 0xfb, 0xff,
  0x00, 0xff, 0xff, 0x56, 0xf5, 0x00, 0xff, 0xff, 0xf1, 0xf0, 0x00, 0xff,
  0xff, 0x75, 0x54, 0x00, 0xff, 0xff, 0x79, 0x23, 0x00, 0xff, 0xff, 0xee,
  0x08, 0x00, 0xff, 0xff, 0x57, 0x72, 0x00, 0xff, 0xff, 0xe9, 0x0d, 0x00,
  0xff, 0xff, 0x28, 0xab, 0x00, 0xff, 0x00, 0xa8, 0x2a, 0x00, 0xff, 0xff,
  0x4a, 0x11, 0x00, 0xff, 0x00, 0xd2, 0xa5, 0x00, 0x8b, 0xff, 0x00, 0x22,
  0x60, 0x00, 0x8b, 0xff, 0x00, 0x21, 0x1b, 0x00, 0xff, 0x00, 0x05, 0x14,
  0x00, 0xff, 0x00, 0x1f, 0x72, 0x00, 0xff, 0x00, 0x09, 0x15, 0x00, 0xff,
  0xff, 0xef, 0x66, 0x00, 0xff, 0xff, 0xd8, 0x8c, 0x00, 0xff, 0xff, 0xce,
  0xc8, 0x00, 0xff, 0xff, 0xbf, 0xf0, 0x00, 0xff, 0xff, 0x6e, 0xb0, 0x00,
  0x8b, 0xff, 0xff, 0xd0, 0x71, 0x00, 0x8b, 0xff, 0xff, 0xca, 0x63, 0x00,
  0xff, 0x00, 0x0d, 0x48, 0x00, 0xff, 0xff, 0xe1, 0x6f, 0x00, 0xff, 0x00,
  0x08, 0xe3, 0x00, 0x08, 0xff, 0xff, 0xf3, 0x80, 0x00, 0xff, 0x00, 0x03,
  0x9d, 0x00, 0xff, 0xff, 0xf3, 0x99, 0x00, 0xff, 0xff, 0xf6, 0xb9, 0x00,
  0x8b, 0xff, 0xff, 0xf2, 0xea, 0x00, 0x08, 0xff, 0xff, 0x1c, 0xf3, 0x00,
  0x07, 0x8b, 0xff, 0xff, 0xf6, 0xb9, 0x00, 0xff, 0x00, 0x06, 0x8b, 0x00,
  0xff, 0xff, 0xf7, 0xfe, 0x00, 0xff, 0x00, 0x09, 0x15, 0x00, 0xff, 0xff,
  0xfe, 0x25, 0x00, 0xff, 0x00, 0x16, 0x12, 0x00, 0xff, 0xff, 0xfb, 0x82,
  0x00, 0xff, 0x00, 0x30, 0xd4, 0x00, 0xff, 0xff, 0xf9, 0x75, 0x00, 0xff,
  0x00, 0x61, 0xa8, 0x00, 0x8b, 0x08, 0xff, 0x01, 0xcb, 0x47, 0x00, 0xff,
  0x00, 0x0d, 0x16, 0x00, 0xff, 0x01, 0x57, 0x11, 0x00, 0xff, 0x00, 0x0f,
  0x55, 0x00, 0x1f, 0xff, 0x02, 0x9a, 0x4f, 0x00, 0x07, 0xff, 0x00, 0x0a,
  0xbe, 0x00, 0xff, 0xff, 0xf7, 0x4f, 0x00, 0xff, 0x00, 0x08, 0xb1, 0x00,
  0xff, 0xff, 0xf5, 0x42, 0x00, 0x1e, 0xff, 0xfe, 0xfb, 0x10, 0x00, 0x06,
  0xff, 0xff, 0x94, 0xc6, 0x00, 0xff, 0xfe, 0x44, 0xbd, 0x00, 0x15, 0xff,
  0xff, 0xc8, 0xa1, 0x00, 0xff, 0xff, 0xd3, 0x14, 0x00, 0xff, 0x00, 0x2c,
  0xec, 0x00, 0xff, 0x00, 0x37, 0x5f, 0x00, 0xff, 0x00, 0x37, 0x5f, 0x00,
  0xff, 0x00, 0x2c, 0xec, 0x00, 0xff, 0x00, 0x2c, 0xec, 0x00, 0xff, 0x00,
  0x37, 0x5f, 0x00, 0xff, 0x00, 0x37, 0x5f, 0x00, 0xff, 0x00, 0x2c, 0xec,
  0x00, 0xff, 0xff, 0xd3, 0x14, 0x00, 0xff, 0xff, 0xc8, 0xa1, 0x00, 0x1f,
  0xff, 0xff, 0xff, 0xe7, 0x00, 0xff, 0xff, 0xc8, 0xa1, 0x00, 0xff, 0xff,
  0xd3, 0x2d, 0x00, 0xff, 0xff, 0xd3, 0x14, 0x00, 0xff, 0xff, 0xc8, 0xa1,
  0x00, 0x8b, 0x08, 0x0e, 0x7f, 0xfb, 0x47, 0x76, 0xff, 0x01, 0xd0, 0x42,
  0x0c, 0xff, 0x00, 0xed, 0x4e, 0x14, 0xff, 0x01, 0x39, 0x60, 0xc5, 0x77,
  0x01, 0x8b, 0xff, 0x01, 0x18, 0xa9, 0xfc, 0xff, 0x00, 0x64, 0x64, 0x18,
  0xff, 0x01, 0x04, 0xbd, 0xf4, 0x03, 0xff, 0x01, 0x7d, 0x0e, 0x00, 0xff,
  0x00, 0xd8, 0xfe, 0x00, 0x15, 0xff, 0xfe, 0x72, 0x8a, 0x00, 0x07, 0xff,
  0xff, 0xf5, 0x29, 0x00, 0xff, 0x00, 0x08, 0xca, 0x00, 0xff, 0xff, 0xf7,
  0x4f, 0x00, 0xff, 0x00, 0x0a, 0xbe, 0x00, 0x1e, 0xff, 0x00, 0xdd, 0xae,
  0x00, 0x06, 0xff, 0x00, 0x0a, 0xd7, 0x00, 0xff, 0x00, 0x08, 0xb1, 0x00,
  0xff, 0x00, 0x08, 0xca, 0x00, 0xff, 0x00, 0x0a, 0xbe, 0x00, 0x1f, 0xff,
  0x01, 0x82, 0xd1, 0x00, 0x07, 0xff, 0x00, 0xa2, 0xfd, 0x00, 0xff, 0xff,
  0x73, 0xab, 0x00, 0xff, 0x00, 0x84, 0x3a, 0x00, 0xff, 0xff, 0x52, 0xdb,
  0x00, 0x1e, 0xff, 0xff, 0xef, 0xca, 0x00, 0x8b, 0xff, 0xff, 0xf0, 0x2e,
  0x00, 0xff, 0xff, 0xfe, 0x70, 0x00, 0xff, 0xff, 0xf0, 0x79, 0x00, 0xff,
  0xff, 0xfd, 0xc1, 0x00, 0x08, 0xff, 0x01, 0x29, 0xa8, 0x00, 0x07, 0xff,
  0x00, 0x0a, 0xd7, 0x00, 0xff, 0xff, 0xf7, 0x36, 0x00, 0xff, 0x00, 0x08,
  0xb1, 0x00, 0xff, 0xff, 0xf5, 0x42, 0x00, 0x1e, 0xff, 0xff, 0x0e, 0x4d,
  0x00, 0x06, 0xff, 0xff, 0xf5, 0x29, 0x00, 0xff, 0xff, 0xf7, 0x4f, 0x00,
  0xff, 0xff, 0xf7, 0x36, 0x00, 0xff, 0xff, 0xf5, 0x42, 0x00, 0x1f, 0xff,
  0xfc, 0x30, 0x1f, 0x00, 0x07, 0xff, 0xff, 0xf5, 0x29, 0x00, 0xff, 0x00,
  0x08, 0xca, 0x00, 0xff, 0xff, 0xf7, 0x4f, 0x00, 0xff, 0x00, 0x0a, 0xbe,
  0x00, 0x1e, 0xff, 0x00, 0xf1, 0x9a, 0x00, 0x06, 0xff, 0x00, 0x0a, 0xd7,
  0x00, 0xff, 0x00, 0x08, 0xb1, 0x00, 0xff, 0x00, 0x08, 0xca, 0x00, 0xff,
  0x00, 0x0a, 0xbe, 0x00, 0x1f, 0xff, 0x01, 0x8d, 0xf3, 0x00, 0x07, 0xff,
  0x00, 0x00, 0x4b, 0x00, 0xff, 0x00, 0x19, 0xe1, 0x00, 0xff, 0x00, 0x16,
  0x5d, 0x00, 0xff, 0x00, 0x14, 0xe6, 0x00, 0xff, 0x00, 0x1b, 0x8a, 0x00,
  0x8b, 0x08, 0xff, 0x00, 0x1b, 0xbc, 0x00, 0xff, 0x00, 0x16, 0x76, 0x00,
  0xff, 0xff, 0xea, 0xe8, 0x00, 0xff, 0xff, 0xe5, 0xd4, 0x00, 0x1f, 0x0e,
  0xfc, 0x09, 0xfb, 0x47, 0x76, 0xff, 0x02, 0x9f, 0x94, 0xfe, 0x77, 0xff,
  0x00, 0x6d, 0x8d, 0x0e, 0xff, 0x00, 0xee, 0xdd, 0xf4, 0x01, 0x8b, 0xff,
  0x01, 0x18, 0xc3, 0x12, 0x03, 0xff, 0x01, 0x05, 0x3b, 0x00, 0xfb, 0x5c,
  0x15, 0x3a, 0x0a, 0xff, 0x00, 0xf1, 0xb3, 0x00, 0xff, 0x02, 0xf9, 0x22,
  0x00, 0x15, 0xff, 0x00, 0x0a, 0xbe, 0x00, 0x8b, 0xff, 0x00, 0x08, 0xb1,
  0x00, 0xff, 0x00, 0x08, 0xb1, 0x00, 0xff, 0x00, 0x00, 0x19, 0x00, 0xff,
  0x00, 0x0a, 0xbe, 0x00, 0x08, 0xff, 0x00, 0xc7, 0xe7, 0x00, 0x07, 0xff,
  0x00, 0x0a, 0xd7, 0x00, 0xff, 0xff, 0xf7, 0x36, 0x00, 0xff, 0x00, 0x08,
  0xb1, 0x00, 0xff, 0xff, 0xf5, 0x42, 0x00, 0x1e, 0xff, 0xff, 0x0e, 0x4d,
  0x00, 0x06, 0xff, 0xff, 0xf5, 0x29, 0x00, 0xff, 0xff, 0xf7, 0x4f, 0x00,
  0xff, 0xff, 0xf7, 0x4f, 0x00, 0xff, 0xff, 0xf5, 0x29, 0x00, 0x1f, 0xff,
  0xff, 0x38, 0x32, 0x00, 0x07, 0xff, 0xff, 0xf5, 0x29, 0x00, 0xff, 0x00,
  0x08, 0xca, 0x00, 0xff, 0xff, 0xf7, 0x4f, 0x00, 0xff, 0x00, 0x0a, 0xbe,
  0x00, 0x1e, 0x0e, 0x25, 0xff, 0x01, 0xd6, 0xb3, 0xf8, 0x77, 0xff, 0x00,
  0x6d, 0xd8, 0x10, 0xff, 0x00, 0xef, 0x73, 0xf8, 0x01, 0xff, 0x01, 0x0e,
  0x82, 0x0c, 0xff, 0x01, 0x19, 0x71, 0xec, 0x03, 0xff, 0xfd, 0xe1, 0x85,
  0x00, 0x04, 0xff, 0x00, 0x00, 0x32, 0x00, 0xff, 0xff, 0xf5, 0x29, 0x00,
  0xff, 0x00, 0x08, 0xfc, 0x00, 0xff, 0xff, 0xf7, 0x36, 0x00, 0xff, 0x00,
  0x0a, 0xd7, 0x00, 0xff, 0x00, 0x00, 0x4b, 0x00, 0xff, 0x01, 0x91, 0x77,
  0x00, 0xff, 0x00, 0x09, 0x2e, 0x00, 0xff, 0x00, 0x82, 0x78, 0x00, 0xff,
  0x01, 0x20, 0xc5, 0x00, 0x8b, 0xff, 0x00, 0xd0, 0x66, 0x00, 0x08, 0xff,
  0x01, 0xfa, 0xa4, 0x00, 0x07, 0xff, 0x00, 0x0a, 0xbe, 0x00, 0xff, 0xff,
  0xf7, 0x36, 0x00, 0xff, 0x00, 0x08, 0xca, 0x00, 0xff, 0xff, 0xf5, 0x42,
  0x00, 0x1e, 0xff, 0xff, 0x0d, 0x9e, 0x00, 0x06, 0xff, 0xff, 0xf5, 0x42,
  0x00, 0xff, 0xff, 0xf7, 0x36, 0x00, 0xff, 0xff, 0xf7, 0x36, 0x00, 0xff,
  0xff, 0xf5, 0x42, 0x00, 0x1f, 0xff, 0xfe, 0x45, 0x21, 0x00, 0x07, 0x8b,
  0xff, 0xff, 0x71, 0xe9, 0x00, 0xff, 0xff, 0x9c, 0xc8, 0x00, 0xff, 0xff,
  0x69, 0xb5, 0x00, 0xff, 0xff, 0x66, 0x4a, 0x00, 0xff, 0xff, 0xf5, 0x29,
  0x00, 0xff, 0xff, 0xf5, 0xf1, 0x00, 0xff, 0xff, 0xff, 0x51, 0x00, 0xff,
  0xff, 0xf8, 0x62, 0x00, 0xff, 0xff, 0xf7, 0x1d, 0x00, 0xff, 0x00, 0x00,
  0x19, 0x00, 0xff, 0xff, 0xf5, 0xd8, 0x00, 0x08, 0xff, 0x02, 0x14, 0x6c,
  0x00, 0xff, 0x03, 0x6b, 0x32, 0x00, 0x15, 0xff, 0x00, 0x0a, 0xd7, 0x00,
  0xff, 0x00, 0x08, 0xb1, 0x00, 0xff, 0x00, 0x08, 0xb1, 0x00, 0xff, 0x00,
  0x0a, 0xd7, 0x00, 0x1f, 0xff, 0x00, 0xc8, 0x64, 0x00, 0x07, 0xff, 0x00,
  0x0a, 0xbe, 0x00, 0xff, 0xff, 0xf7, 0x36, 0x00, 0xff, 0x00, 0x08, 0xca,
  0x00, 0xff, 0xff, 0xf5, 0x42, 0x00, 0x1e, 0xff, 0xff, 0x0d, 0x9e, 0x00,
  0x06, 0xff, 0xff, 0xf5, 0x42, 0x00, 0xff, 0xff, 0xf7, 0x36, 0x00, 0xff,
  0xff, 0xf7, 0x36, 0x00, 0xff, 0xff, 0xf5, 0x42, 0x00, 0x1f, 0xff, 0xff,
  0x37, 0x9c, 0x00, 0x07, 0xff, 0xff, 0xf5, 0x42, 0x00, 0xff, 0x00, 0x08,
  0xca, 0x00, 0xff, 0xff, 0xf7, 0x36, 0x00, 0xff, 0x00, 0x0a, 0xbe, 0x00,
  0x1e, 0x0e, 0xca, 0xfb, 0x47, 0x76, 0xff, 0x02, 0xae, 0x9e, 0xfa, 0x77,
  0xff, 0x01, 0x5c, 0x51, 0xeb, 0x77, 0x01, 0x8b, 0xff, 0x01, 0x18, 0xc3,
  0x12, 0xff, 0x00, 0x91, 0x37, 0x0b, 0xff, 0x01, 0x22, 0x6e, 0x14, 0x03,
  0xff, 0x02, 0x4d, 0x29, 0x00, 0xff, 0x00, 0x87, 0xbe, 0x00, 0x15, 0x8b,
  0x8b, 0xff, 0x00, 0x7a, 0xa8, 0x00, 0xff, 0x00, 0x46, 0x05, 0x00, 0xff,
  0x00, 0x04, 0x7e, 0x00, 0xff, 0x01, 0x05, 0x22, 0x00, 0xff, 0x00, 0x00,
  0x32, 0x00, 0xff, 0x00, 0x0a, 0xd7, 0x00, 0xff, 0xff, 0xf7, 0x1d, 0x00,
  0xff, 0x00, 0x08, 0xe3, 0x00, 0xff, 0xff, 0xf5, 0x29, 0x00, 0x8b, 0x08,
  0xff, 0xff, 0x04, 0x89, 0x00, 0x06, 0xff, 0xff, 0xf5, 0x42, 0x00, 0x8b,
  0xff, 0xff, 0xf7, 0x9a, 0x00, 0xff, 0xff, 0xf7, 0x4f, 0x00, 0xff, 0xff,
  0xff, 0xce, 0x00, 0xff, 0xff, 0xf5, 0x42, 0x00, 0xff, 0xff, 0xfc, 0x31,
  0x00, 0xff, 0xff, 0x3d, 0x46, 0x00, 0xff, 0xff, 0x72, 0x98, 0x00, 0xff,
  0xff, 0xee, 0x3a, 0x00, 0x8b, 0x8b, 0x08, 0xff, 0x02, 0x1c, 0xb9, 0x00,
  0x07, 0xff, 0x00, 0x0a, 0xbe, 0x00, 0xff, 0xff, 0xf7, 0x4f, 0x00, 0xff,
  0x00, 0x08, 0xca, 0x00, 0xff, 0xff, 0xf5, 0x29, 0x00, 0x1e, 0xff, 0xff,
  0x0e, 0x4d, 0x00, 0x06, 0xff, 0xff, 0xf5, 0x42, 0x00, 0xff, 0xff, 0xf7,
  0x36, 0x00, 0xff, 0xff, 0xf7, 0x4f, 0x00, 0xff, 0xff, 0xf5, 0x29, 0x00,
  0x1f, 0xff, 0xfc, 0x30, 0x1f, 0x00, 0x07, 0xff, 0xff, 0xf5, 0x42, 0x00,
  0xff, 0x00, 0x08, 0xb1, 0x00, 0xff, 0xff, 0xf7, 0x36, 0x00, 0xff, 0x00,
  0x0a, 0xd7, 0x00, 0x1e, 0xff, 0x00, 0xf1, 0xb3, 0x00, 0x06, 0xff, 0x00,
  0x0a, 0xbe, 0x00, 0xff, 0x00, 0x08, 0xca, 0x00, 0xff, 0x00, 0x08, 0xb1,
  0x00, 0xff, 0x00, 0x0a, 0xd7, 0x00, 0x1f, 0xff, 0x00, 0xc5, 0x5d, 0x00,
  0x07, 0xff, 0x00, 0x03, 0x07, 0x00, 0x8b, 0xff, 0x00, 0x8a, 0x61, 0x00,
  0xff, 0xff, 0xfd, 0x44, 0x00, 0xff, 0x00, 0x03, 0xcf, 0x00, 0xff, 0xff,
  0x3d, 0x46, 0x00, 0xff, 0x00, 0x00, 0x32, 0x00, 0xff, 0xff, 0xf5, 0x5b,
  0x00, 0xff, 0x00, 0x08, 0x7f, 0x00, 0xff, 0xff, 0xf7, 0x36, 0x00, 0xff,
  0x00, 0x0a, 0xbe, 0x00, 0x8b, 0x08, 0xff, 0x00, 0xfb, 0x77, 0x00, 0x06,
  0xff, 0x00, 0x0a, 0xd7, 0x00, 0x8b, 0xff, 0x00, 0x08, 0xe3, 0x00, 0xff,
  0x00, 0x08, 0xfc, 0x00, 0xff, 0xff, 0xff, 0xce, 0x00, 0xff, 0x00, 0x0a,
  0xbe, 0x00, 0xff, 0xff, 0xfb, 0x50, 0x00, 0xff, 0x01, 0x05, 0x09, 0x00,
  0xff, 0xff, 0x85, 0x71, 0x00, 0xff, 0x00, 0x36, 0xfb, 0x00, 0x8b, 0x8b,
  0x08, 0x0e, 0xfc, 0x09, 0xfb, 0x47, 0x76, 0xff, 0x03, 0xf6, 0xf0, 0xe5,
  0x77, 0x01, 0x8b, 0xff, 0x01, 0x18, 0xc3, 0x12, 0x03, 0xff, 0x01, 0x05,
  0x3b, 0x00, 0xfb, 0x5c, 0x15, 0xff, 0x00, 0x0a, 0xbe, 0x00, 0x8b, 0xff,
  0x00, 0x08, 0xb1, 0x00, 0xff, 0x00, 0x08, 0xb1, 0x00, 0xff, 0x00, 0x00,
  0x19, 0x00, 0xff, 0x00, 0x0a, 0xd7, 0x00, 0x08, 0xff, 0x03, 0xcf, 0xe1,
  0x00, 0x07, 0xff, 0x00, 0x0a, 0xd7, 0x00, 0xff, 0xff, 0xf7, 0x36, 0x00,
  0xff, 0x00, 0x08, 0xb1, 0x00, 0xff, 0xff, 0xf5, 0x42, 0x00, 0x1e, 0xff,
  0xff, 0x0e, 0x4d, 0x00, 0x06, 0xff, 0xff, 0xf5, 0x29, 0x00, 0xff, 0xff,
  0xf7, 0x4f, 0x00, 0xff, 0xff, 0xf7, 0x36, 0x00, 0xff, 0xff, 0xf5, 0x42,
  0x00, 0x1f, 0xff, 0xfc, 0x30, 0x1f, 0x00, 0x07, 0xff, 0xff, 0xf5, 0x29,
  0x00, 0xff, 0x00, 0x08, 0xca, 0x00, 0xff, 0xff, 0xf7, 0x4f, 0x00, 0xff,
  0x00, 0x0a, 0xbe, 0x00, 0x1e, 0x0e, 0xf8, 0x0d, 0xfb, 0x47, 0x76, 0xff,
  0x01, 0xd0, 0x42, 0x0c, 0xff, 0x00, 0xed, 0x34, 0xfe, 0x01, 0x8b, 0xff,
  0x01, 0x22, 0xa0, 0x00, 0xff, 0x00, 0x5a, 0xa0, 0x00, 0xff, 0x01, 0x21,
  0x73, 0xf8, 0xff, 0x00, 0x5a, 0xa0, 0x00, 0xff, 0x01, 0x0c, 0xf1, 0xec,
  0x03, 0xff, 0x03, 0xf2, 0xbe, 0x00, 0xfb, 0x5c, 0x15, 0xff, 0x00, 0x0a,
  0xbe, 0x00, 0xff, 0x00, 0x08, 0xca, 0x00, 0xff, 0x00, 0x08, 0xb1, 0x00,
  0xff, 0x00, 0x0a, 0xd7, 0x00, 0x1f, 0xff, 0x01, 0x82, 0xb8, 0x00, 0x07,
  0xff, 0x00, 0xa3, 0x16, 0x00, 0xff, 0xff, 0x8f, 0x4e, 0x00, 0xff, 0x00,
  0x84, 0x21, 0x00, 0xff, 0xff, 0x28, 0x60, 0x00, 0x1e, 0xff, 0xff, 0xb5,
  0x19, 0x00, 0x8b, 0xff, 0xff, 0xc1, 0xcb, 0x00, 0xff, 0xff, 0xef, 0xca,
  0x00, 0xff, 0xff, 0xce, 0x64, 0x00, 0xff, 0xff, 0xe4, 0x5d, 0x00, 0xff,
  0xff, 0xce, 0x4b, 0x00, 0xff, 0x00, 0x1b, 0xa3, 0x00, 0xff, 0xff, 0xc1,
  0xe4, 0x00, 0xff, 0x00, 0x10, 0x36, 0x00, 0xff, 0xff, 0xb5, 0x19, 0x00,
  0x8b, 0xff, 0xff, 0xd5, 0x9e, 0x00, 0x8b, 0xff, 0xff, 0xd9, 0xb8, 0x00,
  0xff, 0xff, 0xfa, 0xba, 0x00, 0xff, 0xff, 0xdd, 0xa0, 0x00, 0xff, 0xff,
  0xf6, 0x87, 0x00, 0x08, 0xff, 0xff, 0x3e, 0x0e, 0x00, 0x06, 0xff, 0xff,
  0xf5, 0x42, 0x00, 0xff, 0xff, 0xf7, 0x36, 0x00, 0xff, 0xff, 0xf7, 0x4f,
  0x00, 0xff, 0xff, 0xf5, 0x29, 0x00, 0x1f, 0xff, 0xfd, 0x78, 0x58, 0x00,
  0x07, 0xff, 0xff, 0xf5, 0x42, 0x00, 0xff, 0x00, 0x08, 0xb1, 0x00, 0xff,
  0xff, 0xf7, 0x36, 0x00, 0xff, 0x00, 0x0a, 0xd7, 0x00, 0x1e, 0xff, 0x00,
  0xfb, 0x90, 0x00, 0x06, 0xff, 0x00, 0x0a, 0xbe, 0x00, 0xff, 0x00, 0x08,
  0xca, 0x00, 0xff, 0x00, 0x08, 0xb1, 0x00, 0xff, 0x00, 0x0a, 0xd7, 0x00,
  0x1f, 0xff, 0x01, 0x8d, 0x76, 0x00, 0x07, 0xff, 0x00, 0x1a, 0x2c, 0x00,
  0xff, 0x00, 0x14, 0x1e, 0x00, 0xff, 0x00, 0x15, 0x18, 0x00, 0xff, 0x00,
  0x18, 0xce, 0x00, 0x1e, 0xff, 0x00, 0x10, 0xfe, 0x00, 0x8b, 0xff, 0x00,
  0x0e, 0xf1, 0x00, 0xff, 0xff, 0xf5, 0xf1, 0x00, 0xff, 0x00, 0x07, 0xe9,
  0x00, 0xff, 0xff, 0xf1, 0x5a, 0x00, 0xff, 0x00, 0x03, 0x9d, 0x00, 0xff,
  0xff, 0xf9, 0x43, 0x00, 0xff, 0x00, 0x02, 0x3f, 0x00, 0xff, 0xff, 0xf8,
  0x62, 0x00, 0x8b, 0xff, 0xff, 0xf7, 0xcc, 0x00, 0x08, 0xff, 0xfe, 0x72,
  0x8a, 0x00, 0x07, 0x8b, 0xff, 0xff, 0xf5, 0x74, 0x00, 0xff, 0x00, 0x08,
  0x66, 0x00, 0xff, 0xff, 0xf7, 0x9a, 0x00, 0xff, 0x00, 0x0a, 0x5a, 0x00,
  0xff, 0xff, 0xff, 0x9c, 0x00, 0x08, 0xff, 0x00, 0xfb, 0x2c, 0x00, 0x06,
  0xff, 0x00, 0x0a, 0xbe, 0x00, 0xff, 0x00, 0x08, 0xca, 0x00, 0xff, 0x00,
  0x08, 0xb1, 0x00, 0xff, 0x00, 0x0a, 0xd7, 0x00, 0x1f, 0xff, 0x01, 0x8d,
  0x44, 0x00, 0x07, 0xff, 0x00, 0x1a, 0x2c, 0x00, 0xff, 0x00, 0x14, 0x1e,
  0x00, 0xff, 0x00, 0x15, 0x18, 0x00, 0xff, 0x00, 0x18, 0xce, 0x00, 0x1e,
  0xff, 0x00, 0x10, 0xfe, 0x00, 0x8b, 0xff, 0x00, 0x0e, 0xf1, 0x00, 0xff,
  0xff, 0xf5, 0xf1, 0x00, 0xff, 0x00, 0x07, 0xe9, 0x00, 0xff, 0xff, 0xf1,
  0x5a, 0x00, 0xff, 0x00, 0x03, 0x9d, 0x00, 0xff, 0xff, 0xf9, 0x43, 0x00,
  0xff, 0x00, 0x02, 0x3f, 0x00, 0xff, 0xff, 0xf8, 0x62, 0x00, 0x8b, 0xff,
  0xff, 0xf7, 0xcc, 0x00, 0x08, 0xff, 0xfe, 0x72, 0x8a, 0x00, 0x07, 0x8b,
  0xff, 0xff, 0xf5, 0x74, 0x00, 0xff, 0x00, 0x08, 0x66, 0x00, 0xff, 0xff,
  0xf7, 0x9a, 0x00, 0xff, 0x00, 0x0a, 0x5a, 0x00, 0xff, 0xff, 0xff, 0x9c,
  0x00, 0x08, 0x0e, 0x8e, 0xfb, 0x47, 0x76, 0xff, 0x01, 0xd0, 0x73, 0xf8,
  0xff, 0x00, 0xed, 0x03, 0x12, 0x01, 0x8b, 0xff, 0x01, 0x2a, 0xba, 0xe1,
  0xff, 0x00, 0x5a, 0xa0, 0x00, 0xff, 0x01, 0x0b, 0x62, 0x0c, 0x03, 0xff,
  0x02, 0x7d, 0x35, 0x00, 0xfb, 0x5c, 0x15, 0x3b, 0x0a, 0x0e, 0xca, 0xff,
  0xff, 0x1a, 0xb3, 0xf8, 0xff, 0x01, 0x01, 0xb7, 0x0a, 0xff, 0x00, 0xc8,
  0x96, 0x04, 0xff, 0x01, 0x01, 0xcf, 0xdf, 0x01, 0x8b, 0xff, 0x01, 0x01,
  0xb7, 0x0a, 0xff, 0x00, 0xc8, 0x96, 0x04, 0xff, 0x01, 0x01, 0xb7, 0x0a,
  0x03, 0xff, 0x01, 0x66, 0x02, 0x00, 0xff, 0x01, 0xe6, 0xd1, 0x00, 0x15,
  0x3c, 0x0a, 0xff, 0xfe, 0x35, 0x9a, 0x00, 0x04, 0x37, 0x0a, 0x0e, 0xff,
  0xff, 0x1b, 0xf9, 0x17, 0xff, 0x01, 0x00, 0x71, 0xec, 0xff, 0x00, 0xc8,
  0x96, 0x03, 0xff, 0x01, 0x01, 0xcf, 0xdf, 0xff, 0xff, 0xf1, 0x0f, 0x1b,
  0x77, 0x12, 0x8b, 0xff, 0x01, 0x18, 0x78, 0x10, 0x13, 0xd0, 0xff, 0x02,
  0xe7, 0xc0, 0x00, 0xff, 0x00, 0x59, 0x74, 0x00, 0x15, 0xff, 0x00, 0x16,
  0xf3, 0x00, 0xff, 0x00, 0xd7, 0x55, 0x00, 0xff, 0xff, 0x57, 0xd6, 0x00,
  0xff, 0x00, 0xb6, 0x08, 0x00, 0xff, 0xff, 0x2d, 0x42, 0x00, 0x8b, 0xff,
  0xff, 0xda, 0x99, 0x00, 0x8b, 0xff, 0xff, 0xdc, 0x10, 0x00, 0xff, 0xff,
  0xfa, 0x3d, 0x00, 0xff, 0xff, 0xde, 0x1d, 0x00, 0xff, 0xff, 0xf5, 0x5b,
  0x00, 0x08, 0x13, 0xb0, 0xff, 0x00, 0x01, 0x77, 0x00, 0xff, 0xfe, 0xfa,
  0xde, 0x00, 0x07, 0xff, 0xff, 0xf5, 0x42, 0x00, 0xff, 0xff, 0xf7, 0x4f,
  0x00, 0xff, 0xff, 0xf7, 0x36, 0x00, 0xff, 0xff, 0xf5, 0x42, 0x00, 0x1f,
  0xff, 0xfc, 0x30, 0x9c, 0x00, 0x07, 0xff, 0xff, 0xf5, 0x42, 0x00, 0xff,
  0x00, 0x08, 0xb1, 0x00, 0xff, 0xff, 0xf7, 0x4f, 0x00, 0xff, 0x00, 0x0a,
  0xbe, 0x00, 0x1e, 0xff, 0x00, 0xf1, 0x9a, 0x00, 0x06, 0xff, 0x00, 0x0a,
  0xbe, 0x00, 0xff, 0x00, 0x08, 0xb1, 0x00, 0xff, 0x00, 0x08, 0xb1, 0x00,
  0xff, 0x00, 0x0a, 0xbe, 0x00, 0x1f, 0xff, 0x01, 0x36, 0x28, 0x00, 0x07,
  0xff, 0x00, 0x2a, 0xf8, 0x00, 0xff, 0xff, 0xf2, 0x86, 0x00, 0xff, 0x00,
  0x2e, 0x4a, 0x00, 0xff, 0xff, 0xfa, 0x56, 0x00, 0xff, 0x00, 0x30, 0x3e,
  0x00, 0xff, 0x00, 0x04, 0x01, 0x00, 0x08, 0xff, 0x00, 0xa9, 0x24, 0x00,
  0xff, 0x00, 0x0d, 0xf7, 0x00, 0xff, 0x00, 0x8a, 0xac, 0x00, 0xff, 0x00,
  0x86, 0xdd, 0x00, 0xff, 0x00, 0x11, 0xf8, 0x00, 0xff, 0x00, 0xa8, 0xa7,
  0x00, 0x08, 0xff, 0xff, 0x00, 0x56, 0x00, 0xff, 0x00, 0x27, 0x42, 0x00,
  0x15, 0xff, 0xff, 0xc8, 0xa1, 0x00, 0xff, 0xff, 0xd3, 0x14, 0x00, 0xff,
  0xff, 0xd3, 0x14, 0x00, 0xff, 0xff, 0xc8, 0xa1, 0x00, 0xff, 0xff, 0xc8,
  0xa1, 0x00, 0xff, 0xff, 0xd3, 0x14, 0x00, 0xff, 0x00, 0x2c, 0xec, 0x00,
  0xff, 0x00, 0x37, 0x5f, 0x00, 0x1e, 0x13, 0xd0, 0xff, 0x00, 0x37, 0x5f,
  0x00, 0xff, 0x00, 0x2c, 0xec, 0x00, 0xff, 0x00, 0x2c, 0xec, 0x00, 0xff,
  0x00, 0x37, 0x5f, 0x00, 0xff, 0x00, 0x37, 0x5f, 0x00, 0xff, 0x00, 0x2c,
  0xec, 0x00, 0xff, 0xff, 0xd3, 0x14, 0x00, 0xff, 0xff, 0xc8, 0xa1, 0x00,
  0x1e, 0x0e, 0xff, 0xff, 0x1b, 0xf9, 0x17, 0xff, 0x01, 0x00, 0x71, 0xec,
  0xff, 0x00, 0xc8, 0x96, 0x03, 0xff, 0x01, 0x01, 0xb7, 0x0a, 0xff, 0xff,
  0xf1, 0x0e, 0xd9, 0x77, 0x12, 0xff, 0x01, 0xd1, 0x54, 0xfe, 0xff, 0x01,
  0x18, 0x78, 0x10, 0x13, 0xb0, 0xff, 0x01, 0x47, 0xd5, 0x00, 0xff, 0xff,
  0x1b, 0xf9, 0x00, 0x15, 0xff, 0x00, 0x30, 0x3e, 0x00, 0xff, 0xff, 0xfb,
  0xff, 0x00, 0xff, 0x00, 0x2e, 0x63, 0x00, 0xff, 0x00, 0x05, 0xaa, 0x00,
  0xff, 0x00, 0x2a, 0xdf, 0x00, 0xff, 0x00, 0x0d, 0x7a, 0x00, 0x08, 0xff,
  0xfe, 0xc9, 0xd8, 0x00, 0x07, 0xff, 0xff, 0xf5, 0x42, 0x00, 0xff, 0x00,
  0x08, 0xb1, 0x00, 0xff, 0xff, 0xf7, 0x4f, 0x00, 0xff, 0x00, 0x0a, 0xbe,
  0x00, 0x1e, 0xff, 0x00, 0xf1, 0x9a, 0x00, 0x06, 0xff, 0x00, 0x0a, 0xbe,
  0x00, 0xff, 0x00, 0x08, 0xb1, 0x00, 0xff, 0x00, 0x08, 0xb1, 0x00, 0xff,
  0x00, 0x0a, 0xbe, 0x00, 0x1f, 0xff, 0x03, 0xcf, 0x64, 0x00, 0x07, 0xff,
  0x00, 0x0a, 0xbe, 0x00, 0xff, 0xff, 0xf7, 0x4f, 0x00, 0xff, 0x00, 0x08,
  0xb1, 0x00, 0xff, 0xff, 0xf5, 0x42, 0x00, 0x1e, 0xff, 0xfe, 0xfa, 0xf7,
  0x00, 0xff, 0xff, 0xfe, 0x89, 0x00, 0x06, 0x13, 0xd0, 0xff, 0xff, 0xde,
  0x1d, 0x00, 0xff, 0x00, 0x0a, 0xa5, 0x00, 0xff, 0xff, 0xdb, 0xf7, 0x00,
  0xff, 0x00, 0x05, 0xc3, 0x00, 0xff, 0xff, 0xda, 0xb2, 0x00, 0x8b, 0xff,
  0xff, 0x2d, 0x42, 0x00, 0x8b, 0xff, 0xff, 0x57, 0xd6, 0x00, 0xff, 0xff,
  0x49, 0xf8, 0x00, 0xff, 0x00, 0x16, 0xf3, 0x00, 0xff, 0xff, 0x28, 0xab,
  0x00, 0x08, 0xff, 0x00, 0x11, 0xdf, 0x00, 0xff, 0xff, 0x57, 0x72, 0x00,
  0xff, 0x00, 0x8a, 0xc5, 0x00, 0xff, 0xff, 0x79, 0x23, 0x00, 0xff, 0x00,
  0xa9, 0x0b, 0x00, 0xff, 0xff, 0xf2, 0x09, 0x00, 0x08, 0xff, 0x00, 0x1e,
  0x2d, 0x00, 0xff, 0x01, 0xc9, 0x08, 0x00, 0x15, 0xff, 0x00, 0x37, 0x5f,
  0x00, 0xff, 0x00, 0x2c, 0xec, 0x00, 0xff, 0xff, 0xd3, 0x14, 0x00, 0xff,
  0xff, 0xc8, 0xa1, 0x00, 0xff, 0xff, 0xc8, 0xa1, 0x00, 0xff, 0xff, 0xd3,
  0x14, 0x00, 0xff, 0xff, 0xd3, 0x14, 0x00, 0xff, 0xff, 0xc8, 0xa1, 0x00,
  0xff, 0xff, 0xc8, 0xa1, 0x00, 0xff, 0xff, 0xd3, 0x2d, 0x00, 0xff, 0x00,
  0x2c, 0xec, 0x00, 0xff, 0x00, 0x37, 0x5f, 0x00, 0xff, 0x00, 0x37, 0x5f,
  0x00, 0xff, 0x00, 0x2c, 0xd3, 0x00, 0xff, 0x00, 0x2c, 0xec, 0x00, 0xff,
  0x00, 0x37, 0x5f, 0x00, 0x1f, 0x0e, 0xfb, 0x26, 0xfb, 0x47, 0x76, 0xff,
  0x01, 0xb0, 0x6c, 0x08, 0xff, 0x00, 0xef, 0x42, 0x0c, 0x01, 0x8b, 0xff,
  0x01, 0x2a, 0xba, 0xe1, 0x03, 0xff, 0x01, 0x2a, 0xbb, 0x00, 0xff, 0x01,
  0xbc, 0xa1, 0x00, 0x15, 0xff, 0x00, 0x08, 0xca, 0x00, 0x07, 0xff, 0xff,
  0xff, 0x6a, 0x00, 0xff, 0x00, 0x0a, 0x41, 0x00, 0xff, 0xff, 0xf7, 0x68,
  0x00, 0xff, 0x00, 0x08, 0x02, 0x00, 0xff, 0xff, 0xf5, 0xbf, 0x00, 0x8b,
  0x08, 0xff, 0xfe, 0xfc, 0x3c, 0x00, 0xff, 0x00, 0x00, 0x19, 0x00, 0x05,
  0xff, 0xff, 0xf5, 0x29, 0x00, 0xff, 0xff, 0xf7, 0x4f, 0x00, 0xff, 0xff,
  0xf7, 0x36, 0x00, 0xff, 0xff, 0xf5, 0x42, 0x00, 0x1f, 0xff, 0xfd, 0x87,
  0x49, 0x00, 0x07, 0xff, 0xff, 0xf5, 0x29, 0x00, 0xff, 0x00, 0x08, 0xca,
  0x00, 0xff, 0xff, 0xf7, 0x4f, 0x00, 0xff, 0x00, 0x0a, 0xbe, 0x00, 0x1e,
  0xff, 0x01, 0x03, 0xab, 0x00, 0x06, 0xff, 0x00, 0x0a, 0xd7, 0x00, 0xff,
  0x00, 0x08, 0xb1, 0x00, 0xff, 0x00, 0x08, 0xca, 0x00, 0xff, 0x00, 0x0a,
  0xbe, 0x00, 0x1f, 0xff, 0x01, 0x50, 0x09, 0x00, 0x07, 0xff, 0x00, 0x1d,
  0xc9, 0x00, 0xff, 0x00, 0x2d, 0x82, 0x00, 0xff, 0x00, 0x3e, 0x03, 0x00,
  0xff, 0x00, 0x1f, 0x59, 0x00, 0xff, 0x00, 0x47, 0xc7, 0x00, 0x8b, 0xff,
  0x00, 0x08, 0x1b, 0x00, 0x8b, 0xff, 0x00, 0x07, 0xe9, 0x00, 0xff, 0xff,
  0xff, 0x83, 0x00, 0xff, 0x00, 0x07, 0xb7, 0x00, 0xff, 0xff, 0xff, 0x38,
  0x00, 0xff, 0x00, 0x0b, 0x6d, 0x00, 0xff, 0xff, 0xfe, 0xbb, 0x00, 0xff,
  0x00, 0x09, 0xf6, 0x00, 0xff, 0x00, 0x08, 0xfc, 0x00, 0x8b, 0xff, 0x00,
  0x0b, 0x86, 0x00, 0x08, 0xff, 0x00, 0xc8, 0xfa, 0x00, 0x07, 0x8b, 0xff,
  0x00, 0x0a, 0x41, 0x00, 0xff, 0xff, 0xf8, 0x17, 0x00, 0xff, 0x00, 0x08,
  0xb1, 0x00, 0xff, 0xff, 0xf5, 0xbf, 0x00, 0xff, 0x00, 0x00, 0x96, 0x00,
  0xff, 0xff, 0xf7, 0x1d, 0x00, 0xff, 0x00, 0x00, 0x7d, 0x00, 0xff, 0xff,
  0xf7, 0x04, 0x00, 0xff, 0x00, 0x00, 0x4b, 0x00, 0xff, 0xff, 0xf6, 0xeb,
  0x00, 0x8b, 0xff, 0xff, 0xc5, 0x9a, 0x00, 0x8b, 0xff, 0xff, 0xc8, 0xba,
  0x00, 0xff, 0xff, 0xf6, 0x23, 0x00, 0xff, 0xff, 0xce, 0x19, 0x00, 0xff,
  0xff, 0xee, 0xd0, 0x00, 0x08, 0x0e, 0xfb, 0x33, 0xff, 0xff, 0x1a, 0xe5,
  0xe3, 0xff, 0x00, 0xdb, 0xec, 0x08, 0xff, 0x01, 0x25, 0x74, 0xfe, 0xff,
  0x00, 0xd8, 0x1c, 0xee, 0x01, 0xff, 0x00, 0x0a, 0x27, 0xfd, 0xff, 0x01,
  0xe4, 0xc4, 0x19, 0x03, 0xff, 0x01, 0x19, 0xa4, 0x00, 0xff, 0x01, 0xf4,
  0x64, 0x00, 0x15, 0x8b, 0xff, 0xfe, 0xf0, 0x84, 0x00, 0xff, 0x00, 0x20,
  0xb7, 0x00, 0xff, 0xfe, 0xdb, 0x53, 0x00, 0x1f, 0x8b, 0xff, 0xff, 0x1e,
  0x51, 0x00, 0xff, 0x00, 0xdc, 0x37, 0x00, 0xff, 0x00, 0x2e, 0x4a, 0x00,
  0xff, 0x00, 0x06, 0xbd, 0x00, 0xff, 0xff, 0xd7, 0xdd, 0x00, 0xff, 0x00,
  0x03, 0x9d, 0x00, 0xff, 0xff, 0xea, 0x6b, 0x00, 0xff, 0xff, 0xe8, 0x13,
  0x00, 0xff, 0xff, 0xf7, 0x81, 0x00, 0xff, 0xff, 0xe5, 0xed, 0x00, 0x8b,
  0xff, 0xff, 0xce, 0x7d, 0x00, 0x8b, 0xff, 0xff, 0xc8, 0xd3, 0x00, 0xff,
  0x00, 0x0e, 0xd8, 0x00, 0xff, 0xff, 0xe2, 0x69, 0x00, 0xff, 0x00, 0x09,
  0x47, 0x00, 0xff, 0xff, 0xf4, 0x7a, 0x00, 0xff, 0x00, 0x03, 0x9d, 0x00,
  0xff, 0xff, 0xf4, 0x16, 0x00, 0xff, 0xff, 0xf8, 0x94, 0x00, 0xff, 0xff,
  0xfe, 0x0c, 0x00, 0xff, 0xff, 0xf4, 0x16, 0x00, 0x08, 0xff, 0xff, 0xe1,
  0x3d, 0x00, 0xff, 0xff, 0x45, 0xf7, 0x00, 0x05, 0xff, 0xff, 0xfe, 0x3e,
  0x00, 0xff, 0xff, 0xf5, 0x10, 0x00, 0xff, 0x00, 0x07, 0x53, 0x00, 0xff,
  0xff, 0xf5, 0xbf, 0x00, 0xff, 0x00, 0x0a, 0xf0, 0x00, 0xff, 0xff, 0xfe,
  0x57, 0x00, 0xff, 0x00, 0x28, 0xb9, 0x00, 0xff, 0xff, 0xf9, 0xd9, 0x00,
  0xff, 0x00, 0x5f, 0x82, 0x00, 0xff, 0xff, 0xf2, 0xb8, 0x00, 0xff, 0x00,
  0x46, 0x69, 0x00, 0x8b, 0x8b, 0x8b, 0xff, 0x01, 0x0f, 0x7c, 0x00, 0xff,
  0xff, 0xef, 0x7f, 0x00, 0x8b, 0xff, 0x00, 0xf4, 0x3d, 0x00, 0x8b, 0xff,
  0x01, 0x03, 0x2e, 0x00, 0xff, 0xff, 0x27, 0x02, 0x00, 0xff, 0xff, 0xd0,
  0xd5, 0x00, 0xff, 0xff, 0xf6, 0x0a, 0x00, 0xff, 0x00, 0x27, 0xbf, 0x00,
  0xff, 0xff, 0xfa, 0xd3, 0x00, 0xff, 0x00, 0x14, 0x9b, 0x00, 0xff, 0x00,
  0x18, 0x1f, 0x00, 0xff, 0x00, 0x0d, 0x48, 0x00, 0xff, 0x00, 0x1a, 0x13,
  0x00, 0x8b, 0xff, 0x00, 0x23, 0x41, 0x00, 0x8b, 0xff, 0x00, 0x2b, 0xd9,
  0x00, 0xff, 0xff, 0xf2, 0xea, 0x00, 0xff, 0x00, 0x1a, 0x45, 0x00, 0xff,
  0xff, 0xf7, 0x04, 0x00, 0x08, 0xff, 0x00, 0x0b, 0xd1, 0x00, 0xff, 0xff,
  0xfb, 0xe6, 0x00, 0xff, 0x00, 0x0c, 0x99, 0x00, 0xff, 0x00, 0x07, 0xe9,
  0x00, 0xff, 0x00, 0x01, 0x90, 0x00, 0xff, 0x00, 0x0c, 0x67, 0x00, 0x08,
  0xff, 0x00, 0x18, 0x6a, 0x00, 0xff, 0x00, 0xbb, 0x4e, 0x00, 0x05, 0xff,
  0x00, 0x01, 0x5e, 0x00, 0xff, 0x00, 0x0a, 0xd7, 0x00, 0xff, 0xff, 0xf8,
  0x94, 0x00, 0xff, 0x00, 0x09, 0xf6, 0x00, 0xff, 0xff, 0xf5, 0x10, 0x00,
  0xff, 0x00, 0x01, 0x77, 0x00, 0xff, 0xff, 0xde, 0xfe, 0x00, 0xff, 0x00,
  0x04, 0x4c, 0x00, 0xff, 0xff, 0xb9, 0xc9, 0x00, 0xff, 0x00, 0x08, 0x1b,
  0x00, 0xff, 0xff, 0xbd, 0x1b, 0x00, 0x8b, 0x08, 0x0e, 0x40, 0xff, 0xff,
  0x4d, 0x19, 0x17, 0x76, 0xff, 0x01, 0xb0, 0x21, 0x06, 0xff, 0x00, 0xee,
  0x61, 0x06, 0x12, 0x8b, 0xff, 0x02, 0x42, 0x06, 0xe9, 0xff, 0xfe, 0x52,
  0xe6, 0x25, 0xff, 0x01, 0x18, 0x2d, 0x0e, 0x13, 0xd0, 0xff, 0x02, 0x2e,
  0xb1, 0x00, 0xff, 0x01, 0xd6, 0x82, 0x00, 0x15, 0xff, 0xff, 0x7e, 0x82,
  0x00, 0xff, 0x00, 0xae, 0x51, 0x00, 0x06, 0xff, 0x00, 0x0a, 0xbe, 0x00,
  0xff, 0xff, 0xf7, 0x4f, 0x00, 0xff, 0x00, 0x08, 0xb1, 0x00, 0xff, 0xff,
  0xf5, 0x42, 0x00, 0x1e, 0xff, 0xff, 0x0e, 0x98, 0x00, 0x06, 0xff, 0xff,
  0xf5, 0x42, 0x00, 0xff, 0xff, 0xf7, 0x4f, 0x00, 0xff, 0xff, 0xf7, 0x4f,
  0x00, 0xff, 0xff, 0xf5, 0x42, 0x00, 0x1f, 0xff, 0xff, 0x51, 0xc8, 0x00,
  0xff, 0xff, 0x7e, 0x82, 0x00, 0x07, 0x13, 0xe0, 0xff, 0xff, 0xf5, 0x42,
  0x00, 0xff, 0xff, 0xf7, 0x4f, 0x00, 0xff, 0xff, 0xf7, 0x4f, 0x00, 0xff,
  0xff, 0xf5, 0x42, 0x00, 0x1f, 0xff, 0xff, 0x38, 0x7d, 0x00, 0x07, 0xff,
  0xff, 0xf5, 0x42, 0x00, 0xff, 0x00, 0x08, 0xb1, 0x00, 0xff, 0xff, 0xf7,
  0x4f, 0x00, 0xff, 0x00, 0x0a, 0xbe, 0x00, 0x1e, 0x13, 0xd0, 0xff, 0x00,
  0x81, 0x7e, 0x00, 0xff, 0xfe, 0x63, 0x4e, 0x00, 0x06, 0xff, 0xff, 0xf5,
  0x42, 0x00, 0xff, 0x00, 0x08, 0xb1, 0x00, 0xff, 0xff, 0xf7, 0x4f, 0x00,
  0xff, 0x00, 0x0a, 0xbe, 0x00, 0x1e, 0xff, 0x00, 0xf1, 0x4f, 0x00, 0x06,
  0xff, 0x00, 0x0a, 0xbe, 0x00, 0xff, 0x00, 0x08, 0xb1, 0x00, 0xff, 0x00,
  0x08, 0xb1, 0x00, 0xff, 0x00, 0x0a, 0xbe, 0x00, 0x1f, 0xff, 0x01, 0x9c,
  0x99, 0x00, 0xff, 0x00, 0x81, 0x7e, 0x00, 0x07, 0x13, 0xe0, 0xff, 0x00,
  0x0a, 0xbe, 0x00, 0xff, 0x00, 0x08, 0xb1, 0x00, 0xff, 0x00, 0x08, 0xb1,
  0x00, 0xff, 0x00, 0x0a, 0xbe, 0x00, 0x1f, 0xff, 0x00, 0xc7, 0x83, 0x00,
  0x07, 0xff, 0x00, 0x00, 0x19, 0x00, 0xff, 0x00, 0x0a, 0xbe, 0x00, 0xff,
  0xff, 0xf7, 0x4f, 0x00, 0xff, 0x00, 0x08, 0xb1, 0x00, 0xff, 0xff, 0xf5,
  0x42, 0x00, 0x8b, 0x08, 0x0e, 0x7d, 0xff, 0xff, 0x1a, 0xb3, 0xf8, 0xff,
  0x00, 0xec, 0x9e, 0xfa, 0xff, 0x01, 0xcf, 0xc5, 0x1e, 0x77, 0x01, 0x8b,
  0xff, 0x01, 0x0b, 0x17, 0x0a, 0xff, 0x00, 0x5a, 0x6e, 0x15, 0xff, 0x01,
  0x1a, 0x52, 0xf2, 0x03, 0xff, 0x00, 0x13, 0x6f, 0x00, 0xff, 0x01, 0xd7,
  0x18, 0x00, 0x15, 0x3d, 0x0a, 0x0e, 0xf7, 0x3e, 0xff, 0xff, 0x4d, 0x19,
  0x17, 0x76, 0xff, 0x02, 0x9f, 0x94, 0xfd, 0x77, 0x01, 0xff, 0x02, 0x19,
  0xe4, 0x00, 0xff, 0x01, 0xcc, 0x0f, 0x00, 0x15, 0xff, 0xff, 0x82, 0x06,
  0x00, 0xff, 0xfe, 0xe0, 0x1c, 0x00, 0xff, 0xff, 0x81, 0xed, 0x00, 0xff,
  0x01, 0x1f, 0xe4, 0x00, 0x05, 0xff, 0xff, 0xfc, 0xe0, 0x00, 0xff, 0x00,
  0x07, 0x21, 0x00, 0xff, 0xff, 0xf8, 0xf8, 0x00, 0xff, 0x00, 0x04, 0x97,
  0x00, 0xff, 0xff, 0xf8, 0x49, 0x00, 0x8b, 0x08, 0xff, 0xff, 0x07, 0x90,
  0x00, 0x06, 0xff, 0xff, 0xf5, 0x42, 0x00, 0xff, 0xff, 0xf7, 0x36, 0x00,
  0xff, 0xff, 0xf7, 0x4f, 0x00, 0xff, 0xff, 0xf5, 0x29, 0x00, 0x1f, 0xff,
  0xff, 0xf3, 0x99, 0x00, 0x07, 0x8b, 0xff, 0xff, 0xfd, 0x5d, 0x00, 0xff,
  0x00, 0x00, 0x7d, 0x00, 0xff, 0xff, 0xfd, 0x5d, 0x00, 0xff, 0x00, 0x01,
  0x13, 0x00, 0xff, 0xff, 0xfd, 0xa8, 0x00, 0x08, 0xff, 0x01, 0x08, 0xf1,
  0x00, 0xff, 0xfd, 0x93, 0xb0, 0x00, 0x05, 0xff, 0x00, 0x03, 0x07, 0x00,
  0xff, 0xff, 0xf8, 0xc6, 0x00, 0xff, 0x00, 0x07, 0x21, 0x00, 0xff, 0xff,
  0xfb, 0x69, 0x00, 0xff, 0x00, 0x07, 0xd0, 0x00, 0x8b, 0x08, 0xff, 0x00,
  0xfe, 0xfb, 0x00, 0x06, 0xff, 0x00, 0x07, 0xd0, 0x00, 0x8b, 0xff, 0x00,
  0x07, 0x08, 0x00, 0xff, 0x00, 0x04, 0xb0, 0x00, 0xff, 0x00, 0x03, 0x20,
  0x00, 0xff, 0x00, 0x07, 0x21, 0x00, 0x08, 0xff, 0x01, 0x08, 0xd8, 0x00,
  0xff, 0x02, 0x6c, 0x37, 0x00, 0x05, 0xff, 0x00, 0x01, 0x13, 0x00, 0xff,
  0x00, 0x02, 0x71, 0x00, 0xff, 0x00, 0x00, 0x7d, 0x00, 0xff, 0x00, 0x02,
  0x8a, 0x00, 0x8b, 0xff, 0x00, 0x02, 0xa3, 0x00, 0x08, 0xff, 0x00, 0x0c,
  0x67, 0x00, 0x07, 0xff, 0x00, 0x0a, 0xbe, 0x00, 0xff, 0xff, 0xf7, 0x4f,
  0x00, 0xff, 0x00, 0x08, 0xca, 0x00, 0xff, 0xff, 0xf5, 0x29, 0x00, 0x1e,
  0xff, 0xff, 0x07, 0x77, 0x00, 0x06, 0xff, 0xff, 0xf8, 0x49, 0x00, 0x8b,
  0xff, 0xff, 0xf8, 0xf8, 0x00, 0xff, 0xff, 0xfb, 0x69, 0x00, 0xff, 0xff,
  0xfc, 0xe0, 0x00, 0xff, 0xff, 0xf8, 0xf8, 0x00, 0x08, 0x0e, 0xf8, 0x29,
  0xfb, 0x47, 0x76, 0xff, 0x02, 0x9f, 0xae, 0x14, 0x77, 0x01, 0xff, 0x03,
  0x05, 0x3e, 0x00, 0xff, 0x01, 0xca, 0x02, 0x00, 0x15, 0xff, 0xff, 0xce,
  0x4b, 0x00, 0xff, 0xff, 0x61, 0x4f, 0x00, 0xff, 0xff, 0xce, 0x4b, 0x00,
  0xff, 0x00, 0x9e, 0xb1, 0x00, 0x05, 0xff, 0xff, 0xfd, 0x76, 0x00, 0xff,
  0x00, 0x08, 0x1b, 0x00, 0xff, 0xff, 0xf8, 0x7b, 0x00, 0xff, 0x00, 0x05,
  0x91, 0x00, 0xff, 0xff, 0xf7, 0x81, 0x00, 0x8b, 0x08, 0xff, 0xff, 0x03,
  0xc1, 0x00, 0x06, 0xff, 0xff, 0xf7, 0x81, 0x00, 0x8b, 0xff, 0xff, 0xf8,
  0x7b, 0x00, 0xff, 0xff, 0xfa, 0x6f, 0x00, 0xff, 0xff, 0xfd, 0x76, 0x00,
  0xff, 0xff, 0xf7, 0xe5, 0x00, 0x08, 0xff, 0xff, 0xce, 0x4b, 0x00, 0xff,
  0xff, 0x61, 0x4f, 0x00, 0xff, 0xff, 0xce, 0x4b, 0x00, 0xff, 0x00, 0x9e,
  0xb1, 0x00, 0x05, 0xff, 0xff, 0xfd, 0x76, 0x00, 0xff, 0x00, 0x08, 0x1b,
  0x00, 0xff, 0xff, 0xf8, 0x7b, 0x00, 0xff, 0x00, 0x05, 0x91, 0x00, 0xff,
  0xff, 0xf7, 0x81, 0x00, 0x8b, 0x08, 0xff, 0xff, 0x09, 0x07, 0x00, 0x06,
  0xff, 0xff, 0xf5, 0x42, 0x00, 0xff, 0xff, 0xf7, 0x36, 0x00, 0xff, 0xff,
  0xf7, 0x4f, 0x00, 0xff, 0xff, 0xf5, 0x29, 0x00, 0x1f, 0xff, 0xff, 0xf2,
  0x86, 0x00, 0x07, 0x8b, 0xff, 0xff, 0xfe, 0x0c, 0x00, 0xff, 0x00, 0x00,
  0x4b, 0x00, 0xff, 0xff, 0xfe, 0x25, 0x00, 0xff, 0x00, 0x00, 0x96, 0x00,
  0xff, 0xff, 0xfe, 0x25, 0x00, 0x08, 0xff, 0x00, 0xbd, 0x5b, 0x00, 0xff,
  0xfd, 0x94, 0xc3, 0x00, 0x05, 0xff, 0x00, 0x02, 0x8a, 0x00, 0xff, 0xff,
  0xf7, 0xcc, 0x00, 0xff, 0x00, 0x07, 0x85, 0x00, 0xff, 0xff, 0xfa, 0x6f,
  0x00, 0xff, 0x00, 0x08, 0x98, 0x00, 0x8b, 0x08, 0xff, 0x00, 0xfb, 0xf4,
  0x00, 0x06, 0xff, 0x00, 0x08, 0x98, 0x00, 0x8b, 0xff, 0x00, 0x07, 0x85,
  0x00, 0xff, 0x00, 0x05, 0x91, 0x00, 0xff, 0x00, 0x02, 0x8a, 0x00, 0xff,
  0x00, 0x08, 0x34, 0x00, 0x08, 0xff, 0x00, 0x31, 0xce, 0x00, 0xff, 0x00,
  0xa2, 0xe4, 0x00, 0xff, 0x00, 0x31, 0xce, 0x00, 0xff, 0xff, 0x5d, 0x1c,
  0x00, 0x05, 0xff, 0x00, 0x02, 0x8a, 0x00, 0xff, 0xff, 0xf7, 0xcc, 0x00,
  0xff, 0x00, 0x07, 0x85, 0x00, 0xff, 0xff, 0xfa, 0x6f, 0x00, 0xff, 0x00,
  0x08, 0x98, 0x00, 0x8b, 0x08, 0xff, 0x00, 0xfb, 0xf4, 0x00, 0x06, 0xff,
  0x00, 0x08, 0x98, 0x00, 0x8b, 0xff, 0x00, 0x07, 0x85, 0x00, 0xff, 0x00,
  0x05, 0x91, 0x00, 0xff, 0x00, 0x02, 0x8a, 0x00, 0xff, 0x00, 0x08, 0x34,
  0x00, 0x08, 0xff, 0x00, 0xbd, 0x5b, 0x00, 0xff, 0x02, 0x6b, 0x3d, 0x00,
  0x05, 0xff, 0x00, 0x00, 0x96, 0x00, 0xff, 0x00, 0x01, 0xdb, 0x00, 0xff,
  0x00, 0x00, 0x4b, 0x00, 0xff, 0x00, 0x01, 0xf4, 0x00, 0x8b, 0xff, 0x00,
  0x01, 0xdb, 0x00, 0x08, 0xff, 0x00, 0x0d, 0x7a, 0x00, 0x07, 0xff, 0x00,
  0x0a, 0xbe, 0x00, 0xff, 0xff, 0xf7, 0x4f, 0x00, 0xff, 0x00, 0x08, 0xca,
  0x00, 0xff, 0xff, 0xf5, 0x29, 0x00, 0x1e, 0xff, 0xff, 0x08, 0xbc, 0x00,
  0x06, 0xff, 0xff, 0xf7, 0x81, 0x00, 0x8b, 0xff, 0xff, 0xf8, 0x7b, 0x00,
  0xff, 0xff, 0xfa, 0x88, 0x00, 0xff, 0xff, 0xfd, 0x76, 0x00, 0xff, 0xff,
  0xf7, 0xcc, 0x00, 0x08, 0x0e, 0xca, 0xfb, 0x47, 0x76, 0xff, 0x02, 0x9f,
  0xae, 0x14, 0x77, 0x01, 0x8b, 0xff, 0x01, 0x22, 0x6e, 0x14, 0xff, 0x00,
  0x87, 0x27, 0xf0, 0xff, 0x01, 0x22, 0x6e, 0x14, 0x03, 0xff, 0x02, 0x6a,
  0xa7, 0x00, 0xff, 0x00, 0x87, 0xd7, 0x00, 0x15, 0x8b, 0x8b, 0xff, 0x00,
  0x5c, 0xdf, 0x00, 0xff, 0x00, 0x36, 0xfb, 0x00, 0xff, 0x00, 0x04, 0x7e,
  0x00, 0xff, 0x01, 0x05, 0x09, 0x00, 0xff, 0x00, 0x00, 0x32, 0x00, 0xff,
  0x00, 0x0a, 0xd7, 0x00, 0xff, 0xff, 0xf7, 0x1d, 0x00, 0xff, 0x00, 0x08,
  0xfc, 0x00, 0xff, 0xff, 0xf5, 0x29, 0x00, 0x8b, 0x08, 0xff, 0xff, 0x04,
  0xa2, 0x00, 0x06, 0xff, 0xff, 0xf5, 0x5b, 0x00, 0x8b, 0xff, 0xff, 0xf7,
  0x68, 0x00, 0xff, 0xff, 0xf7, 0x68, 0x00, 0xff, 0xff, 0xff, 0xb5, 0x00,
  0xff, 0xff, 0xf5, 0x42, 0x00, 0xff, 0xff, 0xfc, 0x31, 0x00, 0xff, 0xff,
  0x3d, 0x2d, 0x00, 0xff, 0xff, 0xc3, 0x29, 0x00, 0xff, 0xff, 0xfd, 0x44,
  0x00, 0xff, 0xff, 0xfd, 0x12, 0x00, 0x8b, 0xff, 0xff, 0xfc, 0xf9, 0x00,
  0x8b, 0xff, 0xff, 0xc3, 0x29, 0x00, 0xff, 0x00, 0x02, 0xbc, 0x00, 0xff,
  0xff, 0xfc, 0x4a, 0x00, 0xff, 0x00, 0xc2, 0xd3, 0x00, 0xff, 0xff, 0xff,
  0xce, 0x00, 0xff, 0x00, 0x0a, 0xa5, 0x00, 0xff, 0xff, 0xf7, 0x68, 0x00,
  0xff, 0x00, 0x08, 0xb1, 0x00, 0xff, 0xff, 0xf5, 0x42, 0x00, 0x8b, 0x08,
  0xff, 0xff, 0x04, 0xa2, 0x00, 0x06, 0xff, 0xff, 0xf5, 0x29, 0x00, 0x8b,
  0xff, 0xff, 0xf7, 0x1d, 0x00, 0xff, 0xff, 0xf7, 0x04, 0x00, 0xff, 0x00,
  0x00, 0x32, 0x00, 0xff, 0xff, 0xf5, 0x29, 0x00, 0xff, 0x00, 0x04, 0x7e,
  0x00, 0xff, 0xfe, 0xfa, 0xf7, 0x00, 0xff, 0x00, 0x5c, 0xdf, 0x00, 0xff,
  0xff, 0xc9, 0x05, 0x00, 0x8b, 0x8b, 0x8b, 0x8b, 0xff, 0xff, 0xa3, 0x21,
  0x00, 0xff, 0xff, 0xc9, 0x05, 0x00, 0xff, 0xff, 0xfb, 0x82, 0x00, 0xff,
  0xfe, 0xfa, 0xf7, 0x00, 0xff, 0xff, 0xff, 0xce, 0x00, 0xff, 0xff, 0xf5,
  0x29, 0x00, 0xff, 0x00, 0x08, 0xe3, 0x00, 0xff, 0xff, 0xf7, 0x04, 0x00,
  0xff, 0x00, 0x0a, 0xd7, 0x00, 0x8b, 0x08, 0xff, 0x00, 0xfb, 0x5e, 0x00,
  0x06, 0xff, 0x00, 0x0a, 0xa5, 0x00, 0x8b, 0xff, 0x00, 0x08, 0x98, 0x00,
  0xff, 0x00, 0x08, 0x98, 0x00, 0xff, 0x00, 0x00, 0x4b, 0x00, 0xff, 0x00,
  0x0a, 0xbe, 0x00, 0xff, 0x00, 0x03, 0xcf, 0x00, 0xff, 0x00, 0xc2, 0xd3,
  0x00, 0xff, 0x00, 0x3c, 0xd7, 0x00, 0xff, 0x00, 0x02, 0xbc, 0x00, 0xff,
  0x00, 0x02, 0xee, 0x00, 0x8b, 0xff, 0x00, 0x03, 0x07, 0x00, 0x8b, 0xff,
  0x00, 0x3c, 0xd7, 0x00, 0xff, 0xff, 0xfd, 0x44, 0x00, 0xff, 0x00, 0x03,
  0xb6, 0x00, 0xff, 0xff, 0x3d, 0x2d, 0x00, 0xff, 0x00, 0x00, 0x32, 0x00,
  0xff, 0xff, 0xf5, 0x5b, 0x00, 0xff, 0x00, 0x08, 0x98, 0x00, 0xff, 0xff,
  0xf7, 0x4f, 0x00, 0xff, 0x00, 0x0a, 0xbe, 0x00, 0x8b, 0x08, 0xff, 0x00,
  0xfb, 0x5e, 0x00, 0x06, 0xff, 0x00, 0x0a, 0xd7, 0x00, 0x8b, 0xff, 0x00,
  0x08, 0xe3, 0x00, 0xff, 0x00, 0x08, 0xfc, 0x00, 0xff, 0xff, 0xff, 0xce,
  0x00, 0xff, 0x00, 0x0a, 0xd7, 0x00, 0xff, 0xff, 0xfb, 0x82, 0x00, 0xff,
  0x01, 0x05, 0x09, 0x00, 0xff, 0xff, 0xa3, 0x21, 0x00, 0xff, 0x00, 0x36,
  0xfb, 0x00, 0x8b, 0x8b, 0x08, 0x0e, 0xf7, 0x10, 0xff, 0x01, 0xd7, 0xc6,
  0xe9, 0x77, 0x01, 0xff, 0x00, 0x00, 0x19, 0x00, 0xff, 0x01, 0x22, 0x54,
  0xfe, 0xff, 0x00, 0xc4, 0xc7, 0x00, 0xff, 0x01, 0x22, 0x54, 0xfe, 0x03,
  0xff, 0x01, 0x84, 0xc5, 0x00, 0xff, 0x00, 0x4c, 0x45, 0x00, 0x15, 0x3e,
  0x0a, 0x0e, 0x53, 0xfb, 0x5c, 0xff, 0x00, 0xee, 0xc5, 0x1f, 0xff, 0x00,
  0xc2, 0x3c, 0xed, 0xff, 0x00, 0xee, 0xdd, 0xf4, 0x01, 0xff, 0x02, 0x46,
  0x21, 0x00, 0xff, 0xff, 0x4b, 0x88, 0x00, 0x15, 0xff, 0x00, 0xc7, 0xb5,
  0x00, 0x07, 0xff, 0x00, 0x0a, 0xbe, 0x00, 0xff, 0xff, 0xf7, 0x4f, 0x00,
  0xff, 0x00, 0x08, 0xca, 0x00, 0xff, 0xff, 0xf5, 0x29, 0x00, 0x1e, 0xff,
  0xff, 0x5e, 0x2f, 0x00, 0x8b, 0xff, 0x00, 0xc2, 0x3d, 0x00, 0xff, 0x01,
  0x7f, 0xe3, 0x00, 0x05, 0xff, 0x00, 0x01, 0x5e, 0x00, 0xff, 0x00, 0x02,
  0xbc, 0x00, 0xff, 0x00, 0x00, 0xaf, 0x00, 0xff, 0x00, 0x03, 0x07, 0x00,
  0x8b, 0xff, 0x00, 0x03, 0x07, 0x00, 0x08, 0xff, 0x00, 0x14, 0xe6, 0x00,
  0x07, 0xff, 0x00, 0x0a, 0xbe, 0x00, 0xff, 0xff, 0xf7, 0x4f, 0x00, 0xff,
  0x00, 0x08, 0xca, 0x00, 0xff, 0xff, 0xf5, 0x29, 0x00, 0x1e, 0xff, 0xfd,
  0xe0, 0xd6, 0x00, 0x06, 0xff, 0xff, 0xf5, 0x42, 0x00, 0xff, 0xff, 0xf7,
  0x36, 0x00, 0xff, 0xff, 0xf7, 0x4f, 0x00, 0xff, 0xff, 0xf5, 0x29, 0x00,
  0x1f, 0xff, 0xff, 0x38, 0x32, 0x00, 0x07, 0xff, 0xff, 0xf5, 0x42, 0x00,
  0xff, 0x00, 0x08, 0xb1, 0x00, 0xff, 0xff, 0xf7, 0x36, 0x00, 0xff, 0x00,
  0x0a, 0xd7, 0x00, 0x1e, 0xff, 0x00, 0xa2, 0x03, 0x00, 0x8b, 0xff, 0xff,
  0x3d, 0xaa, 0x00, 0xff, 0xfe, 0x80, 0x04, 0x00, 0x05, 0xff, 0xff, 0xfe,
  0xa2, 0x00, 0xff, 0xff, 0xfd, 0x44, 0x00, 0xff, 0xff, 0xff, 0x51, 0x00,
  0xff, 0xff, 0xfc, 0xf9, 0x00, 0x8b, 0xff, 0xff, 0xfc, 0xf9, 0x00, 0x08,
  0xff, 0xff, 0xeb, 0x4c, 0x00, 0x07, 0xff, 0xff, 0xf5, 0x42, 0x00, 0xff,
  0x00, 0x08, 0xb1, 0x00, 0xff, 0xff, 0xf7, 0x36, 0x00, 0xff, 0x00, 0x0a,
  0xd7, 0x00, 0x1e, 0xff, 0x02, 0x1f, 0x2a, 0x00, 0x06, 0xff, 0x00, 0x0a,
  0xbe, 0x00, 0xff, 0x00, 0x08, 0xb1, 0x00, 0xff, 0x00, 0x08, 0xb1, 0x00,
  0xff, 0x00, 0x0a, 0xd7, 0x00, 0x1f, 0x0e, 0xbc, 0xff, 0x00, 0x26, 0xeb,
  0x00, 0xff, 0x00, 0xad, 0x0c, 0x00, 0xff, 0xff, 0x97, 0x37, 0x00, 0xff,
  0x00, 0xaa, 0x82, 0x00, 0x12, 0x13, 0x40, 0xff, 0x00, 0x51, 0xd6, 0x40,
  0xff, 0x00, 0x7f, 0xb0, 0x00, 0x15, 0x3f, 0x0a, 0x13, 0x80, 0x40, 0x0a,
  0x13, 0x40, 0x41, 0x0a, 0x0e, 0xfb, 0x90, 0xff, 0x01, 0x23, 0xb2, 0xf2,
  0xff, 0x00, 0xef, 0x5a, 0xe1, 0x01, 0xd6, 0xff, 0x01, 0x19, 0x59, 0x17,
  0x03, 0xff, 0x01, 0x50, 0xd1, 0x00, 0xff, 0xfe, 0x28, 0xcf, 0x00, 0x15,
  0xff, 0x00, 0x0a, 0xbe, 0x00, 0xff, 0x00, 0x08, 0xca, 0x00, 0xff, 0x00,
  0x08, 0xca, 0x00, 0xff, 0x00, 0x0a, 0xd7, 0x00, 0x1f, 0xff, 0x02, 0x79,
  0xfc, 0x00, 0x07, 0xff, 0x00, 0x0a, 0xbe, 0x00, 0xff, 0xff, 0xf7, 0x36,
  0x00, 0xff, 0x00, 0x08, 0xca, 0x00, 0xff, 0xff, 0xf5, 0x42, 0x00, 0x1e,
  0xff, 0xff, 0x0d, 0xb7, 0x00, 0x06, 0xff, 0xff, 0xf5, 0x42, 0x00, 0xff,
  0xff, 0xf7, 0x36, 0x00, 0xff, 0xff, 0xf7, 0x36, 0x00, 0xff, 0xff, 0xf5,
  0x42, 0x00, 0x1f, 0xff, 0xfd, 0x85, 0xeb, 0x00, 0x07, 0xff, 0xff, 0xf5,
  0x42, 0x00, 0xff, 0x00, 0x08, 0xca, 0x00, 0xff, 0xff, 0xf7, 0x36, 0x00,
  0xff, 0x00, 0x0a, 0xbe, 0x00, 0x1e, 0xff, 0x00, 0xf2, 0x49, 0x00, 0xff,
  0x02, 0xfa, 0xe4, 0x00, 0x15, 0xff, 0x00, 0x0a, 0xbe, 0x00, 0xff, 0x00,
  0x08, 0xca, 0x00, 0xff, 0x00, 0x08, 0xb1, 0x00, 0xff, 0x00, 0x0a, 0xd7,
  0x00, 0x1f, 0xff, 0x00, 0xc8, 0x4b, 0x00, 0x07, 0xff, 0x00, 0x0a, 0xbe,
  0x00, 0xff, 0xff, 0xf7, 0x36, 0x00, 0xff, 0x00, 0x08, 0xca, 0x00, 0xff,
  0xff, 0xf5, 0x42, 0x00, 0x1e, 0xff, 0xff, 0x0d, 0xb7, 0x00, 0x06, 0xff,
  0xff, 0xf5, 0x42, 0x00, 0xff, 0xff, 0xf7, 0x36, 0x00, 0xff, 0xff, 0xf7,
  0x36, 0x00, 0xff, 0xff, 0xf5, 0x42, 0x00, 0x1f, 0xff, 0xff, 0x37, 0xb5,
  0x00, 0x07, 0xff, 0xff, 0xf5, 0x42, 0x00, 0xff, 0x00, 0x08, 0xca, 0x00,
  0xff, 0xff, 0xf7, 0x36, 0x00, 0xff, 0x00, 0x0a, 0xbe, 0x00, 0x1e, 0x0e,
  0xd9, 0xff, 0x03, 0x5b, 0xab, 0x00, 0xff, 0x01, 0x0c, 0x8e, 0x00, 0x01,
  0xd6, 0xff, 0x01, 0x0c, 0x8e, 0x00, 0xff, 0x00, 0x4a, 0x83, 0x00, 0xff,
  0x01, 0x0c, 0x8e, 0x00, 0x03, 0xd6, 0xff, 0x03, 0xe1, 0xf2, 0x00, 0x15,
  0x42, 0x0a, 0xff, 0x01, 0x57, 0x11, 0x00, 0x16, 0x42, 0x0a, 0x0e, 0xf8,
  0xa2, 0xff, 0xff, 0x1a, 0xb4, 0x00, 0xff, 0x00, 0xa3, 0x9f, 0x80, 0xff,
  0x00, 0x61, 0x6f, 0xc0, 0xff, 0x00, 0x8d, 0x8d, 0x80, 0xff, 0x00, 0xee,
  0xf7, 0x00, 0xff, 0x00, 0x8d, 0x9a, 0x00, 0xff, 0x00, 0x61, 0x56, 0xc0,
  0xff, 0x00, 0xa3, 0xb8, 0x80, 0x01, 0xd6, 0xff, 0x00, 0xa6, 0x04, 0x00,
  0xff, 0x00, 0x6e, 0x7b, 0x00, 0xff, 0x00, 0x8e, 0x49, 0x00, 0xff, 0x01,
  0xda, 0x62, 0x00, 0xff, 0x00, 0xa6, 0x04, 0x00, 0x03, 0xff, 0x02, 0x5c,
  0x97, 0x00, 0xff, 0x03, 0x2e, 0xf1, 0x00, 0x15, 0x2c, 0x0a, 0xff, 0xfc,
  0x8f, 0x62, 0x80, 0x04, 0x43, 0x0a, 0xff, 0x00, 0x73, 0xff, 0x80, 0xff,
  0x01, 0x1d, 0x21, 0xc0, 0x15, 0xff, 0xff, 0xfb, 0xff, 0x00, 0xff, 0x00,
  0x03, 0x2c, 0x80, 0xff, 0xff, 0xfa, 0x24, 0x00, 0xff, 0xff, 0xff, 0x9c,
  0x00, 0xff, 0xff, 0xfc, 0xa1, 0x80, 0xff, 0xff, 0xfc, 0x24, 0x80, 0xff,
  0xff, 0xe9, 0x96, 0x80, 0xff, 0xff, 0xe6, 0x51, 0x00, 0xff, 0xff, 0xdd,
  0x0a, 0x00, 0xff, 0xff, 0xec, 0x9d, 0x80, 0xff, 0xff, 0xdb, 0xea, 0x80,
  0x8b, 0x08, 0xff, 0xff, 0xbd, 0xb1, 0x00, 0xff, 0xff, 0xca, 0x31, 0x00,
  0xff, 0x00, 0x35, 0x84, 0x00, 0xff, 0x00, 0x41, 0xf7, 0x80, 0xff, 0x00,
  0x41, 0xf7, 0x80, 0xff, 0x00, 0x35, 0xc2, 0x80, 0xff, 0x00, 0x35, 0x84,
  0x00, 0xff, 0x00, 0x42, 0x5b, 0x80, 0x1f, 0xff, 0x00, 0x23, 0xe3, 0x80,
  0x8b, 0xff, 0x00, 0x22, 0xc4, 0x00, 0xff, 0xff, 0xec, 0xdc, 0x00, 0xff,
  0x00, 0x16, 0x69, 0x80, 0xff, 0xff, 0xe6, 0x9c, 0x00, 0xff, 0x00, 0x03,
  0x5e, 0x80, 0xff, 0xff, 0xfc, 0x31, 0x00, 0xff, 0x00, 0x05, 0xcf, 0x80,
  0xff, 0xff, 0xff, 0x9c, 0x00, 0xff, 0x00, 0x04, 0x01, 0x00, 0xff, 0x00,
  0x03, 0x2c, 0x80, 0x08, 0xff, 0x00, 0x60, 0x4a, 0x00, 0xff, 0x00, 0x4c,
  0x51, 0x80, 0x05, 0xff, 0x00, 0x04, 0x33, 0x00, 0xff, 0x00, 0x03, 0x52,
  0x00, 0xff, 0x00, 0x00, 0xd4, 0x80, 0xff, 0x00, 0x06, 0x33, 0x80, 0xff,
  0xff, 0xfc, 0x95, 0x00, 0xff, 0x00, 0x04, 0x26, 0x80, 0xff, 0xff, 0xcf,
  0xf4, 0x00, 0xff, 0x00, 0x3b, 0x47, 0x00, 0xff, 0xff, 0xb6, 0x5e, 0x00,
  0xff, 0x00, 0x25, 0xe4, 0x00, 0xff, 0xff, 0xad, 0x7b, 0x00, 0x8b, 0x08,
  0xff, 0xff, 0x6f, 0x20, 0x80, 0xff, 0xff, 0x8a, 0x85, 0x00, 0xff, 0xff,
  0x8b, 0x1b, 0x00, 0xff, 0xff, 0x6f, 0xcf, 0x80, 0xff, 0xff, 0x6f, 0xcf,
  0x80, 0xff, 0x00, 0x75, 0x7b, 0x00, 0xff, 0xff, 0x8b, 0x27, 0x80, 0xff,
  0x00, 0x90, 0xdf, 0x80, 0x1f, 0xff, 0x00, 0x52, 0xc3, 0x80, 0x8b, 0xff,
  0x00, 0x49, 0xc7, 0x80, 0xff, 0x00, 0x26, 0x22, 0x80, 0xff, 0x00, 0x30,
  0x18, 0x80, 0xff, 0x00, 0x3b, 0x85, 0x80, 0xff, 0x00, 0x03, 0x5e, 0x80,
  0xff, 0x00, 0x04, 0x26, 0x80, 0xff, 0xff, 0xff, 0x2b, 0x80, 0xff, 0x00,
  0x06, 0x33, 0x80, 0xff, 0xff, 0xfb, 0xcd, 0x00, 0xff, 0x00, 0x03, 0x52,
  0x00, 0x08, 0x0e, 0xf7, 0xcc, 0xff, 0x02, 0x9f, 0xd3, 0x80, 0xff, 0xff,
  0xda, 0x99, 0x00, 0x15, 0xff, 0xff, 0xf6, 0x0a, 0x00, 0x8b, 0xff, 0xff,
  0xf6, 0xb9, 0x00, 0xff, 0x00, 0x05, 0x14, 0x00, 0xff, 0xff, 0xfa, 0xa1,
  0x00, 0xff, 0x00, 0x08, 0x66, 0x00, 0x08, 0xff, 0xff, 0x4c, 0x82, 0x00,
  0xff, 0x01, 0x19, 0x40, 0x00, 0x05, 0xff, 0xff, 0xfb, 0xe6, 0x00, 0xff,
  0x00, 0x06, 0x72, 0x00, 0x8b, 0xff, 0x00, 0x08, 0x34, 0x00, 0xff, 0x00,
  0x04, 0x1a, 0x00, 0xff, 0x00, 0x06, 0x59, 0x00, 0x08, 0xff, 0x00, 0xb3,
  0x7e, 0x00, 0xff, 0x01, 0x19, 0x27, 0x00, 0x05, 0xff, 0x00, 0x05, 0x5f,
  0x00, 0xff, 0x00, 0x08, 0x66, 0x00, 0xff, 0x00, 0x09, 0x47, 0x00, 0xff,
  0x00, 0x05, 0x14, 0x00, 0xff, 0x00, 0x09, 0xf6, 0x00, 0x8b, 0x08, 0xff,
  0x00, 0xe5, 0x1a, 0x00, 0x06, 0xff, 0x00, 0x0f, 0x6e, 0x00, 0x8b, 0xff,
  0x00, 0x09, 0x47, 0x00, 0xff, 0xff, 0xee, 0xe9, 0x00, 0xff, 0xff, 0xf7,
  0xb3, 0x00, 0xff, 0xff, 0xf3, 0x1c, 0x00, 0x08, 0xff, 0xff, 0x50, 0x51,
  0x00, 0xff, 0xfe, 0xec, 0xce, 0x00, 0xff, 0x00, 0xaf, 0xaf, 0x00, 0xff,
  0xfe, 0xec, 0xce, 0x00, 0x05, 0xff, 0x00, 0x08, 0x4d, 0x00, 0xff, 0xff,
  0xf3, 0x03, 0x00, 0xff, 0xff, 0xf6, 0xb9, 0x00, 0xff, 0xff, 0xef, 0x02,
  0x00, 0xff, 0xff, 0xf0, 0x92, 0x00, 0x8b, 0x08, 0xff, 0xfd, 0x95, 0x40,
  0x00, 0x16, 0xff, 0xff, 0xf5, 0xf1, 0x00, 0x8b, 0xff, 0xff, 0xf6, 0xb9,
  0x00, 0xff, 0x00, 0x05, 0x14, 0x00, 0xff, 0xff, 0xfa, 0xa1, 0x00, 0xff,
  0x00, 0x08, 0x66, 0x00, 0x08, 0xff, 0xff, 0x4c, 0x9b, 0x00, 0xff, 0x01,
  0x19, 0x40, 0x00, 0x05, 0xff, 0xff, 0xfb, 0xe6, 0x00, 0xff, 0x00, 0x06,
  0x72, 0x00, 0x8b, 0xff, 0x00, 0x08, 0x34, 0x00, 0xff, 0x00, 0x04, 0x1a,
  0x00, 0xff, 0x00, 0x06, 0x59, 0x00, 0x08, 0xff, 0x00, 0xb3, 0x7e, 0x00,
  0xff, 0x01, 0x19, 0x27, 0x00, 0x05, 0xff, 0x00, 0x05, 0x5f, 0x00, 0xff,
  0x00, 0x08, 0x66, 0x00, 0xff, 0x00, 0x09, 0x47, 0x00, 0xff, 0x00, 0x05,
  0x14, 0x00, 0xff, 0x00, 0x09, 0xf6, 0x00, 0x8b, 0x08, 0xff, 0x00, 0xe5,
  0x1a, 0x00, 0x06, 0xff, 0x00, 0x0f, 0x55, 0x00, 0x8b, 0xff, 0x00, 0x09,
  0x60, 0x00, 0xff, 0xff, 0xef, 0x02, 0x00, 0xff, 0xff, 0xf7, 0xb3, 0x00,
  0xff, 0xff, 0xf3, 0x03, 0x00, 0x08, 0xff, 0xff, 0x50, 0x51, 0x00, 0xff,
  0xfe, 0xec, 0xce, 0x00, 0xff, 0x00, 0xaf, 0xaf, 0x00, 0xff, 0xfe, 0xec,
  0xce, 0x00, 0x05, 0xff, 0x00, 0x08, 0x4d, 0x00, 0xff, 0xff, 0xf3, 0x03,
  0x00, 0xff, 0xff, 0xf6, 0xb9, 0x00, 0xff, 0xff, 0xef, 0x02, 0x00, 0xff,
  0xff, 0xf0, 0x92, 0x00, 0x8b, 0x08, 0x0e, 0xf8, 0xa2, 0xff, 0xff, 0x1a,
  0xb4, 0x00, 0xff, 0x00, 0xa3, 0x9f, 0x80, 0xff, 0x00, 0xf2, 0x55, 0x80,
  0xff, 0x00, 0x80, 0x6b, 0x00, 0xff, 0x00, 0x73, 0x87, 0x00, 0xff, 0x00,
  0x7d, 0xaf, 0x00, 0xff, 0x00, 0x68, 0xee, 0x80, 0xff, 0x00, 0xa3, 0xb8,
  0x80, 0x01, 0xd6, 0xff, 0x00, 0xa6, 0x04, 0x00, 0xff, 0x00, 0xac, 0xfb,
  0xc0, 0xff, 0x00, 0x8c, 0x61, 0x80, 0xff, 0x00, 0x71, 0x6d, 0x80, 0xff,
  0x00, 0x8d, 0xa6, 0x80, 0xff, 0x00, 0x9e, 0xb4, 0xc0, 0xff, 0x00, 0xa6,
  0x04, 0x00, 0x03, 0xff, 0x02, 0x5c, 0x97, 0x00, 0xff, 0x03, 0x2e, 0xf1,
  0x00, 0x15, 0x2c, 0x0a, 0xff, 0xfc, 0x8f, 0x62, 0x80, 0x04, 0x43, 0x0a,
  0xff, 0x00, 0x92, 0x20, 0xc0, 0xff, 0x01, 0x1b, 0xb1, 0x00, 0x15, 0xff,
  0x00, 0x23, 0x98, 0x80, 0xff, 0x00, 0x1c, 0x84, 0x00, 0xff, 0x00, 0x17,
  0x25, 0x00, 0xff, 0x00, 0x31, 0x2b, 0x80, 0x8b, 0xff, 0x00, 0x47, 0x88,
  0x80, 0xff, 0xff, 0xff, 0xf3, 0x80, 0xff, 0x00, 0x79, 0x95, 0x00, 0xff,
  0xff, 0xbd, 0xa4, 0x80, 0xff, 0x00, 0x39, 0x78, 0x80, 0xff, 0xff, 0xae,
  0x1d, 0x80, 0x8b, 0x08, 0xff, 0xff, 0x12, 0x99, 0x00, 0x06, 0xff, 0xff,
  0xfa, 0x94, 0x80, 0xff, 0xff, 0xfb, 0xa7, 0x80, 0xff, 0xff, 0xfb, 0xa7,
  0x80, 0xff, 0xff, 0xfa, 0x94, 0x80, 0x1f, 0xff, 0xfe, 0x18, 0x1c, 0x00,
  0x07, 0xff, 0xff, 0xfa, 0xa1, 0x00, 0xff, 0x00, 0x04, 0x58, 0x80, 0xff,
  0xff, 0xfb, 0x9b, 0x00, 0xff, 0x00, 0x05, 0x6b, 0x80, 0x1e, 0xff, 0x00,
  0x78, 0xd9, 0x80, 0x06, 0xff, 0x00, 0x05, 0x5f, 0x00, 0xff, 0x00, 0x04,
  0x65, 0x00, 0xff, 0x00, 0x04, 0x58, 0x80, 0xff, 0x00, 0x05, 0x6b, 0x80,
  0x1f, 0xff, 0x00, 0x80, 0x07, 0x00, 0x07, 0xff, 0x00, 0x40, 0x80, 0x80,
  0xff, 0xff, 0xfb, 0xd9, 0x80, 0xff, 0x00, 0x28, 0xf7, 0x80, 0xff, 0xff,
  0xd5, 0xc3, 0x80, 0xff, 0x00, 0x02, 0xee, 0x00, 0xff, 0xff, 0xae, 0x36,
  0x80, 0xff, 0x00, 0x00, 0x32, 0x00, 0xff, 0xff, 0xfa, 0xba, 0x00, 0xff,
  0x00, 0x04, 0x33, 0x00, 0xff, 0xff, 0xfb, 0xb4, 0x00, 0xff, 0x00, 0x05,
  0x52, 0x80, 0x8b, 0x08, 0xff, 0x00, 0x81, 0xb0, 0x00, 0x06, 0xff, 0x00,
  0x05, 0x78, 0x00, 0x8b, 0xff, 0x00, 0x04, 0x7e, 0x00, 0xff, 0x00, 0x04,
  0x8a, 0x80, 0xff, 0xff, 0xff, 0xda, 0x80, 0xff, 0x00, 0x05, 0x6b, 0x80,
  0xff, 0xff, 0xfd, 0xff, 0x80, 0xff, 0x00, 0x47, 0x18, 0x00, 0xff, 0xff,
  0xe9, 0x32, 0x80, 0xff, 0x00, 0x38, 0x7e, 0x80, 0xff, 0xff, 0xdb, 0x86,
  0x80, 0xff, 0x00, 0x29, 0x8d, 0x80, 0x08, 0xff, 0xff, 0x3b, 0x9d, 0x00,
  0xff, 0x00, 0xc6, 0x0c, 0x00, 0x15, 0xff, 0x00, 0x02, 0x7d, 0x80, 0xff,
  0x00, 0x02, 0x32, 0x80, 0xff, 0x00, 0x02, 0x0d, 0x00, 0xff, 0x00, 0x02,
  0xaf, 0x80, 0x1e, 0xff, 0x00, 0x39, 0x14, 0x80, 0x06, 0xff, 0x00, 0x1c,
  0x77, 0x80, 0xff, 0x00, 0x17, 0x0c, 0x00, 0xff, 0xff, 0xea, 0x39, 0x00,
  0xff, 0xff, 0xdc, 0x03, 0x80, 0xff, 0xff, 0xdc, 0x03, 0x80, 0xff, 0xff,
  0xe8, 0xf4, 0x00, 0xff, 0xff, 0xea, 0x39, 0x00, 0xff, 0xff, 0xe3, 0x88,
  0x80, 0x1f, 0xff, 0xff, 0xc6, 0xeb, 0x80, 0x06, 0xff, 0xff, 0xfd, 0x50,
  0x80, 0xff, 0xff, 0xfd, 0xcd, 0x80, 0xff, 0x00, 0x02, 0x00, 0x80, 0xff,
  0x00, 0x02, 0x8a, 0x00, 0x1f, 0x0e, 0x26, 0xff, 0x01, 0x33, 0xd0, 0x00,
  0xff, 0x00, 0x96, 0x32, 0x00, 0xff, 0x00, 0x74, 0xfe, 0x00, 0xff, 0x00,
  0x96, 0x32, 0x00, 0x01, 0xd6, 0xff, 0x00, 0x9b, 0xc3, 0x00, 0xff, 0x00,
  0x79, 0x18, 0x00, 0xff, 0x00, 0x9b, 0xc3, 0x00, 0x03, 0xff, 0x01, 0x23,
  0x4f, 0x00, 0xff, 0x02, 0xd5, 0x32, 0x00, 0x15, 0xff, 0xff, 0x88, 0x91,
  0x00, 0xff, 0xff, 0x9f, 0x20, 0x00, 0xff, 0xff, 0xa2, 0x8b, 0x00, 0xff,
  0xff, 0x8c, 0xc4, 0x00, 0xff, 0xff, 0x8c, 0xc4, 0x00, 0xff, 0x00, 0x60,
  0xe0, 0x00, 0xff, 0xff, 0xa2, 0x8b, 0x00, 0xff, 0x00, 0x77, 0x6f, 0x00,
  0xff, 0x00, 0x77, 0x6f, 0x00, 0xff, 0x00, 0x60, 0xe0, 0x00, 0xff, 0x00,
  0x5d, 0x75, 0x00, 0xff, 0x00, 0x73, 0x3c, 0x00, 0xff, 0x00, 0x73, 0x3c,
  0x00, 0xff, 0xff, 0x9f, 0x20, 0x00, 0xff, 0x00, 0x5d, 0x75, 0x00, 0xff,
  0xff, 0x88, 0x91, 0x00, 0x1f, 0xff, 0xfe, 0xf4, 0xd0, 0x00, 0x04, 0xff,
  0xff, 0xde, 0x81, 0x00, 0xff, 0xff, 0xe4, 0xf3, 0x00, 0xff, 0x00, 0x1a,
  0x2c, 0x00, 0xff, 0x00, 0x20, 0x53, 0x00, 0xff, 0x00, 0x20, 0x53, 0x00,
  0xff, 0x00, 0x1b, 0x26, 0x00, 0xff, 0x00, 0x1a, 0x2c, 0x00, 0xff, 0x00,
  0x21, 0x66, 0x00, 0xff, 0x00, 0x21, 0x66, 0x00, 0xff, 0x00, 0x1b, 0x26,
  0x00, 0xff, 0xff, 0xe5, 0xd4, 0x00, 0xff, 0xff, 0xdf, 0xad, 0x00, 0xff,
  0xff, 0xdf, 0xad, 0x00, 0xff, 0xff, 0xe4, 0xda, 0x00, 0xff, 0xff, 0xe5,
  0xd4, 0x00, 0xff, 0xff, 0xde, 0x9a, 0x00, 0x1f, 0x0e, 0xfb, 0x3a, 0xff,
  0x00, 0xa2, 0x6a, 0xc0, 0xff, 0x03, 0x35, 0xc7, 0x00, 0x15, 0x44, 0x0a,
  0x0e, 0xf7, 0xcc, 0xff, 0x01, 0x43, 0x9e, 0x40, 0xff, 0xff, 0xda, 0x99,
  0x00, 0x15, 0xff, 0x00, 0x09, 0xf6, 0x00, 0x8b, 0xff, 0x00, 0x09, 0x47,
  0x00, 0xff, 0x00, 0x05, 0x14, 0x00, 0xff, 0x00, 0x05, 0x5f, 0x00, 0xff,
  0x00, 0x08, 0x66, 0x00, 0x08, 0xff, 0x00, 0xb3, 0x7e, 0x00, 0xff, 0x01,
  0x19, 0x40, 0x00, 0x05, 0xff, 0x00, 0x04, 0x1a, 0x00, 0xff, 0x00, 0x06,
  0x72, 0x00, 0x8b, 0xff, 0x00, 0x08, 0x34, 0x00, 0xff, 0xff, 0xfb, 0xe6,
  0x00, 0xff, 0x00, 0x06, 0x59, 0x00, 0x08, 0xff, 0xff, 0x4c, 0x82, 0x00,
  0xff, 0x01, 0x19, 0x27, 0x00, 0x05, 0xff, 0xff, 0xfa, 0xa1, 0x00, 0xff,
  0x00, 0x08, 0x66, 0x00, 0xff, 0xff, 0xf6, 0xb9, 0x00, 0xff, 0x00, 0x05,
  0x14, 0x00, 0xff, 0xff, 0xf6, 0x0a, 0x00, 0x8b, 0x08, 0xff, 0xff, 0x1a,
  0xe6, 0x00, 0x06, 0xff, 0xff, 0xf0, 0x92, 0x00, 0x8b, 0xff, 0xff, 0xf6,
  0xb9, 0x00, 0xff, 0xff, 0xee, 0xe9, 0x00, 0xff, 0x00, 0x08, 0x4d, 0x00,
  0xff, 0xff, 0xf3, 0x1c, 0x00, 0x08, 0xff, 0x00, 0xaf, 0xaf, 0x00, 0xff,
  0xfe, 0xec, 0xce, 0x00, 0xff, 0xff, 0x50, 0x51, 0x00, 0xff, 0xfe, 0xec,
  0xce, 0x00, 0x05, 0xff, 0xff, 0xf7, 0xb3, 0x00, 0xff, 0xff, 0xf3, 0x03,
  0x00, 0xff, 0x00, 0x09, 0x47, 0x00, 0xff, 0xff, 0xef, 0x02, 0x00, 0xff,
  0x00, 0x0f, 0x6e, 0x00, 0x8b, 0x08, 0xff, 0x02, 0x6a, 0xc0, 0x00, 0x16,
  0xff, 0x00, 0x0a, 0x0f, 0x00, 0x8b, 0xff, 0x00, 0x09, 0x47, 0x00, 0xff,
  0x00, 0x05, 0x14, 0x00, 0xff, 0x00, 0x05, 0x5f, 0x00, 0xff, 0x00, 0x08,
  0x66, 0x00, 0x08, 0xff, 0x00, 0xb3, 0x65, 0x00, 0xff, 0x01, 0x19, 0x40,
  0x00, 0x05, 0xff, 0x00, 0x04, 0x1a, 0x00, 0xff, 0x00, 0x06, 0x72, 0x00,
  0x8b, 0xff, 0x00, 0x08, 0x34, 0x00, 0xff, 0xff, 0xfb, 0xe6, 0x00, 0xff,
  0x00, 0x06, 0x59, 0x00, 0x08, 0xff, 0xff, 0x4c, 0x82, 0x00, 0xff, 0x01,
  0x19, 0x27, 0x00, 0x05, 0xff, 0xff, 0xfa, 0xa1, 0x00, 0xff, 0x00, 0x08,
  0x66, 0x00, 0xff, 0xff, 0xf6, 0xb9, 0x00, 0xff, 0x00, 0x05, 0x14, 0x00,
  0xff, 0xff, 0xf6, 0x0a, 0x00, 0x8b, 0x08, 0xff, 0xff, 0x1a, 0xe6, 0x00,
  0x06, 0xff, 0xff, 0xf0, 0xab, 0x00, 0x8b, 0xff, 0xff, 0xf6, 0xa0, 0x00,
  0xff, 0xff, 0xef, 0x02, 0x00, 0xff, 0x00, 0x08, 0x4d, 0x00, 0xff, 0xff,
  0xf3, 0x03, 0x00, 0x08, 0xff, 0x00, 0xaf, 0xaf, 0x00, 0xff, 0xfe, 0xec,
  0xce, 0x00, 0xff, 0xff, 0x50, 0x51, 0x00, 0xff, 0xfe, 0xec, 0xce, 0x00,
  0x05, 0xff, 0xff, 0xf7, 0xb3, 0x00, 0xff, 0xff, 0xf3, 0x03, 0x00, 0xff,
  0x00, 0x09, 0x47, 0x00, 0xff, 0xff, 0xef, 0x02, 0x00, 0xff, 0x00, 0x0f,
  0x6e, 0x00, 0x8b, 0x08, 0x0e, 0xb0, 0xff, 0xfe, 0x1c, 0x04, 0x00, 0xff,
  0x00, 0xdf, 0x57, 0x00, 0xff, 0x00, 0xe8, 0x21, 0x00, 0xff, 0x00, 0xe6,
  0x91, 0x00, 0xff, 0x00, 0x59, 0xf1, 0x00, 0xff, 0x00, 0xef, 0x10, 0x00,
  0x12, 0xd6, 0xff, 0x01, 0x0a, 0xb3, 0x00, 0xff, 0xff, 0x68, 0x0c, 0x00,
  0xff, 0x01, 0x4d, 0xb1, 0x00, 0x13, 0xe8, 0xff, 0x00, 0xd1, 0x47, 0x00,
  0xff, 0x02, 0x13, 0x0e, 0x00, 0x15, 0xff, 0xff, 0xf5, 0x42, 0x00, 0x8b,
  0xff, 0xff, 0xf7, 0x4f, 0x00, 0xff, 0xff, 0xf7, 0x4f, 0x00, 0xff, 0xff,
  0xff, 0xe7, 0x00, 0xff, 0xff, 0xf5, 0x29, 0x00, 0x08, 0xfb, 0x5c, 0x07,
  0xff, 0xff, 0xf5, 0x29, 0x00, 0xff, 0x00, 0x08, 0xca, 0x00, 0xff, 0xff,
  0xf7, 0x4f, 0x00, 0xff, 0x00, 0x0a, 0xbe, 0x00, 0x1e, 0xff, 0x01, 0x26,
  0xa1, 0x00, 0x06, 0xff, 0x00, 0x0a, 0xd7, 0x00, 0xff, 0x00, 0x08, 0xb1,
  0x00, 0xff, 0x00, 0x08, 0xca, 0x00, 0xff, 0x00, 0x0a, 0xbe, 0x00, 0x1f,
  0xf7, 0x5c, 0x07, 0xff, 0x00, 0x0a, 0xd7, 0x00, 0xff, 0xff, 0xf7, 0x36,
  0x00, 0xff, 0x00, 0x08, 0xb1, 0x00, 0xff, 0xff, 0xf5, 0x42, 0x00, 0x1e,
  0xff, 0xfe, 0xb6, 0xff, 0x00, 0x04, 0xff, 0xfe, 0xd9, 0x5f, 0x00, 0x06,
  0xff, 0xff, 0xf5, 0x42, 0x00, 0xff, 0xff, 0xf7, 0x36, 0x00, 0xff, 0xff,
  0xf7, 0x4f, 0x00, 0xff, 0xff, 0xf5, 0x29, 0x00, 0x1f, 0xff, 0xff, 0xd5,
  0x6c, 0x00, 0x07, 0x13, 0xf0, 0x8b, 0xff, 0xff, 0x8d, 0x41, 0x00, 0xff,
  0xff, 0xaf, 0xa1, 0x00, 0xff, 0xff, 0x28, 0xdd, 0x00, 0xff, 0xff, 0x28,
  0xdd, 0x00, 0xff, 0x00, 0xb1, 0xee, 0x00, 0xff, 0xff, 0x8e, 0xb8, 0x00,
  0xff, 0x00, 0x8c, 0x87, 0x00, 0x1f, 0xff, 0x00, 0x95, 0x51, 0x00, 0xff,
  0x00, 0x00, 0x19, 0x00, 0xff, 0x00, 0x41, 0x87, 0x00, 0xff, 0x00, 0x16,
  0xc1, 0x00, 0xff, 0x00, 0x18, 0x9c, 0x00, 0xff, 0x00, 0x0c, 0x67, 0x00,
  0xff, 0x00, 0x07, 0xd0, 0x00, 0xff, 0x00, 0x03, 0xe8, 0x00, 0xff, 0x00,
  0x04, 0xc9, 0x00, 0xff, 0x00, 0x07, 0xe9, 0x00, 0x8b, 0xff, 0x00, 0x08,
  0xca, 0x00, 0x08, 0xff, 0x00, 0x4c, 0x5e, 0x00, 0x07, 0x8b, 0xff, 0x00,
  0x03, 0x52, 0x00, 0xff, 0xff, 0xff, 0x1f, 0x00, 0xff, 0x00, 0x03, 0x39,
  0x00, 0xff, 0xff, 0xfe, 0x70, 0x00, 0xff, 0x00, 0x02, 0xee, 0x00, 0x08,
  0xff, 0xff, 0xd1, 0xcf, 0x00, 0xff, 0x00, 0x53, 0x1b, 0x00, 0x05, 0xff,
  0xff, 0xfa, 0x88, 0x00, 0xff, 0x00, 0x09, 0xdd, 0x00, 0xff, 0xff, 0xf4,
  0x48, 0x00, 0xff, 0x00, 0x04, 0x33, 0x00, 0xff, 0xff, 0xf5, 0x42, 0x00,
  0xff, 0xff, 0xfc, 0x7c, 0x00, 0xff, 0xff, 0xef, 0x02, 0x00, 0xff, 0xff,
  0xfa, 0x6f, 0x00, 0xff, 0xff, 0xe0, 0x5c, 0x00, 0xff, 0xff, 0xf9, 0x8e,
  0x00, 0xff, 0xff, 0xc7, 0xf2, 0x00, 0x8b, 0x08, 0xff, 0xff, 0xd6, 0x34,
  0x00, 0xff, 0xff, 0xaf, 0x3d, 0x00, 0xff, 0x00, 0x14, 0xe6, 0x00, 0xff,
  0x00, 0x51, 0xbd, 0x00, 0xff, 0x00, 0x5e, 0x56, 0x00, 0xff, 0x00, 0x26,
  0xde, 0x00, 0xff, 0x00, 0x23, 0x28, 0x00, 0xff, 0x00, 0x59, 0xa6, 0x00,
  0x1f, 0xff, 0x00, 0x0c, 0xfd, 0x00, 0x8b, 0xff, 0x00, 0x0a, 0x28, 0x00,
  0xff, 0xff, 0xff, 0x06, 0x00, 0xff, 0x00, 0x07, 0xd0, 0x00, 0xff, 0xff,
  0xfe, 0xbb, 0x00, 0x08, 0x13, 0xe8, 0xff, 0x00, 0x0b, 0xb8, 0x00, 0xff,
  0xff, 0xfe, 0x0c, 0x00, 0xff, 0x00, 0x0a, 0x8c, 0x00, 0xff, 0x00, 0x09,
  0x60, 0x00, 0x8b, 0xff, 0x00, 0x0b, 0xea, 0x00, 0x08, 0xff, 0x00, 0xc2,
  0x24, 0x00, 0x07, 0xff, 0x00, 0x0a, 0xa5, 0x00, 0xff, 0xff, 0xf7, 0x36,
  0x00, 0xff, 0x00, 0x08, 0xb1, 0x00, 0xff, 0xff, 0xf5, 0x42, 0x00, 0x1e,
  0x0e, 0xf7, 0xe8, 0xff, 0xff, 0x4c, 0xe7, 0x00, 0x76, 0xff, 0x03, 0xe8,
  0x19, 0x00, 0x77, 0x01, 0xff, 0x02, 0x15, 0xe8, 0x00, 0xff, 0x03, 0x35,
  0xc7, 0x00, 0x15, 0x31, 0x0a, 0xff, 0x00, 0x02, 0xe9, 0x00, 0xff, 0xff,
  0x88, 0x46, 0x00, 0x15, 0x27, 0x0a, 0xff, 0xff, 0x40, 0x66, 0x00, 0xff,
  0xfd, 0xa9, 0xdb, 0x00, 0x15, 0x28, 0x0a, 0x0e, 0xf7, 0xe8, 0xff, 0xff,
  0x4c, 0xe7, 0x00, 0x76, 0xff, 0x03, 0xe8, 0x19, 0x00, 0x77, 0x01, 0xff,
  0x01, 0xea, 0xa5, 0x00, 0xff, 0x03, 0x35, 0xc7, 0x00, 0x15, 0x44, 0x0a,
  0xff, 0x00, 0xd3, 0xcc, 0x00, 0xff, 0xff, 0x88, 0x46, 0x00, 0x15, 0x27,
  0x0a, 0xff, 0xff, 0x40, 0x66, 0x00, 0xff, 0xfd, 0xa9, 0xdb, 0x00, 0x15,
  0x28, 0x0a, 0x0e, 0xf7, 0xe8, 0xff, 0xff, 0x4c, 0xe7, 0x00, 0x76, 0xff,
  0x03, 0xe8, 0x19, 0x00, 0x77, 0x01, 0xff, 0x01, 0xe5, 0x0d, 0x00, 0xff,
  0x04, 0x7a, 0xf9, 0x00, 0x15, 0x30, 0x0a, 0xff, 0x00, 0x86, 0x94, 0x00,
  0xff, 0xfe, 0xa5, 0x07, 0x00, 0x15, 0x27, 0x0a, 0xff, 0xff, 0x40, 0x66,
  0x00, 0xff, 0xfd, 0xa9, 0xdb, 0x00, 0x15, 0x28, 0x0a, 0x0e, 0xf7, 0xe8,
  0xff, 0xff, 0x4c, 0xe7, 0x00, 0x76, 0xff, 0x03, 0xe8, 0x19, 0x00, 0x77,
  0xff, 0x00, 0x4f, 0xeb, 0x00, 0xff, 0x00, 0xad, 0x0c, 0x00, 0xff, 0xff,
  0x97, 0x37, 0x00, 0xff, 0x00, 0xaa, 0x82, 0x00, 0x12, 0x13, 0xd0, 0xff,
  0x00, 0xd8, 0xea, 0x00, 0xff, 0x03, 0xb4, 0xb0, 0x00, 0x15, 0x3f, 0x0a,
  0x13, 0xe0, 0x40, 0x0a, 0x13, 0xd0, 0x41, 0x0a, 0xff, 0x01, 0x92, 0xb7,
  0x00, 0xff, 0xff, 0x6b, 0x50, 0x00, 0x15, 0x27, 0x0a, 0xff, 0xff, 0x40,
  0x66, 0x00, 0xff, 0xfd, 0xa9, 0xdb, 0x00, 0x15, 0x28, 0x0a, 0x0e, 0xf7,
  0xe8, 0xff, 0xff, 0x4c, 0xe7, 0x00, 0x76, 0xff, 0x03, 0xe8, 0x19, 0x00,
  0x77, 0xff, 0x00, 0x4f, 0xab, 0x00, 0xff, 0x01, 0x0c, 0x8e, 0x00, 0x01,
  0xff, 0x00, 0xbd, 0xdb, 0x00, 0xff, 0x01, 0x0c, 0x8e, 0x00, 0xff, 0x00,
  0x4a, 0x83, 0x00, 0xff, 0x01, 0x0c, 0x8e, 0x00, 0x03, 0xff, 0x00, 0xbd,
  0xdb, 0x00, 0xff, 0x03, 0xe1, 0xf2, 0x00, 0x15, 0x42, 0x0a, 0xff, 0x01,
  0x57, 0x11, 0x00, 0x16, 0x42, 0x0a, 0xff, 0x00, 0x56, 0xb5, 0x00, 0xff,
  0xff, 0x3e, 0x0e, 0x00, 0x15, 0x27, 0x0a, 0xff, 0xff, 0x40, 0x66, 0x00,
  0xff, 0xfd, 0xa9, 0xdb, 0x00, 0x15, 0x28, 0x0a, 0x0e, 0xf7, 0xe8, 0xff,
  0xff, 0x4c, 0xe7, 0x00, 0x76, 0xff, 0x03, 0xe8, 0x19, 0x00, 0x77, 0xff,
  0x00, 0x4f, 0xfc, 0x40, 0xff, 0x00, 0x70, 0xa5, 0x80, 0xff, 0x00, 0x57,
  0xbe, 0x80, 0xff, 0x00, 0x70, 0xa5, 0x80, 0x01, 0xff, 0x01, 0x4d, 0x13,
  0xc0, 0xff, 0x00, 0x74, 0xd2, 0x40, 0xff, 0x00, 0x5a, 0xd2, 0x00, 0xff,
  0x00, 0x74, 0xd2, 0x40, 0x03, 0xff, 0x01, 0xef, 0x4f, 0x00, 0xff, 0x04,
  0x95, 0x05, 0xc0, 0x15, 0xff, 0xff, 0xa6, 0x6c, 0xc0, 0xff, 0xff, 0xb7,
  0x58, 0x00, 0xff, 0xff, 0xb9, 0xe8, 0x40, 0xff, 0xff, 0xa9, 0x93, 0x00,
  0xff, 0xff, 0xa9, 0x93, 0x00, 0xff, 0x00, 0x48, 0xa8, 0x00, 0xff, 0xff,
  0xb9, 0xe8, 0x40, 0xff, 0x00, 0x59, 0x93, 0x40, 0xff, 0x00, 0x59, 0x93,
  0x40, 0xff, 0x00, 0x48, 0xa8, 0x00, 0xff, 0x00, 0x46, 0x17, 0xc0, 0xff,
  0x00, 0x56, 0x6d, 0x00, 0xff, 0x00, 0x56, 0x6d, 0x00, 0xff, 0xff, 0xb7,
  0x58, 0x00, 0xff, 0x00, 0x46, 0x17, 0xc0, 0xff, 0xff, 0xa6, 0x6c, 0xc0,
  0x1f, 0xff, 0xff, 0x37, 0x9c, 0x00, 0x04, 0x45, 0x0a, 0xff, 0x00, 0x7c,
  0x52, 0x00, 0xff, 0xff, 0x53, 0x5e, 0x40, 0x15, 0x27, 0x0a, 0xff, 0xff,
  0x40, 0x66, 0x00, 0xff, 0xfd, 0xa9, 0xdb, 0x00, 0x15, 0x28, 0x0a, 0x0e,
  0xf8, 0x6a, 0xfb, 0x5c, 0xff, 0x00, 0xee, 0x93, 0x00, 0xff, 0x00, 0x8e,
  0x30, 0x00, 0xff, 0x00, 0xee, 0x93, 0x00, 0xff, 0x00, 0x8e, 0x30, 0x00,
  0xff, 0x00, 0xee, 0x7a, 0x00, 0x01, 0xff, 0x01, 0x75, 0x57, 0x00, 0xf9,
  0xb4, 0x15, 0xff, 0xff, 0xf7, 0xe5, 0x00, 0x8b, 0xff, 0xff, 0xf8, 0xad,
  0x00, 0xff, 0xff, 0xfa, 0xec, 0x00, 0xff, 0xff, 0xfd, 0x2b, 0x00, 0xff,
  0xff, 0xf8, 0x62, 0x00, 0x08, 0xff, 0xfe, 0x9e, 0x18, 0x00, 0xff, 0xfc,
  0x45, 0x37, 0x00, 0x05, 0xff, 0xff, 0xff, 0x38, 0x00, 0xff, 0xff, 0xfd,
  0xc1, 0x00, 0xff, 0xff, 0xff, 0x9c, 0x00, 0xff, 0xff, 0xfd, 0xc1, 0x00,
  0x8b, 0xff, 0xff, 0xfd, 0xa8, 0x00, 0x08, 0xff, 0xff, 0xf9, 0xc0, 0x00,
  0x07, 0xff, 0xff, 0xf5, 0x42, 0x00, 0xff, 0x00, 0x08, 0xb1, 0x00, 0xff,
  0xff, 0xf7, 0x36, 0x00, 0xff, 0x00, 0x0a, 0xd7, 0x00, 0x1e, 0xff, 0x00,
  0xf5, 0x9b, 0x00, 0x06, 0xff, 0x00, 0x08, 0x1b, 0x00, 0x8b, 0xff, 0x00,
  0x07, 0x53, 0x00, 0xff, 0x00, 0x05, 0x14, 0x00, 0xff, 0x00, 0x02, 0xd5,
  0x00, 0xff, 0x00, 0x07, 0x9e, 0x00, 0x08, 0xff, 0x00, 0x35, 0xcf, 0x00,
  0xff, 0x00, 0x8f, 0xc0, 0x00, 0xff, 0x00, 0x9f, 0x60, 0x00, 0x8b, 0x8b,
  0xff, 0xff, 0x77, 0x2f, 0x00, 0x05, 0xff, 0xff, 0xf5, 0x42, 0x00, 0xff,
  0x00, 0x08, 0xb1, 0x00, 0xff, 0xff, 0xf7, 0x36, 0x00, 0xff, 0x00, 0x0a,
  0xd7, 0x00, 0x1e, 0xff, 0x02, 0x4b, 0x67, 0x00, 0x06, 0xff, 0x00, 0x0a,
  0xbe, 0x00, 0xff, 0x00, 0x08, 0xca, 0x00, 0xff, 0x00, 0x08, 0xb1, 0x00,
  0xff, 0x00, 0x0a, 0xd7, 0x00, 0x1f, 0xff, 0x00, 0xc7, 0x83, 0x00, 0x07,
  0xff, 0x00, 0x0a, 0xbe, 0x00, 0xff, 0xff, 0xf7, 0x4f, 0x00, 0xff, 0x00,
  0x08, 0xca, 0x00, 0xff, 0xff, 0xf5, 0x29, 0x00, 0x1e, 0xff, 0xfe, 0xb9,
  0xa2, 0x00, 0xff, 0x00, 0x8e, 0x30, 0x00, 0xff, 0x01, 0x19, 0xef, 0x00,
  0x06, 0xff, 0x00, 0x0a, 0xbe, 0x00, 0xff, 0x00, 0x08, 0xca, 0x00, 0xff,
  0x00, 0x08, 0xb1, 0x00, 0xff, 0x00, 0x0a, 0xd7, 0x00, 0x1f, 0xff, 0x00,
  0xc7, 0x83, 0x00, 0x07, 0xff, 0x00, 0x0a, 0xbe, 0x00, 0xff, 0xff, 0xf7,
  0x4f, 0x00, 0xff, 0x00, 0x08, 0xca, 0x00, 0xff, 0xff, 0xf5, 0x29, 0x00,
  0x1e, 0xff, 0xfe, 0xe6, 0x11, 0x00, 0xff, 0x00, 0x8e, 0x30, 0x00, 0xff,
  0x01, 0x46, 0x5e, 0x00, 0x06, 0xff, 0x00, 0x0a, 0xbe, 0x00, 0xff, 0x00,
  0x08, 0xca, 0x00, 0xff, 0x00, 0x08, 0xb1, 0x00, 0xff, 0x00, 0x0a, 0xd7,
  0x00, 0x1f, 0xff, 0x00, 0xc7, 0x6a, 0x00, 0x07, 0xff, 0x00, 0x0a, 0xbe,
  0x00, 0xff, 0xff, 0xf7, 0x4f, 0x00, 0xff, 0x00, 0x08, 0xca, 0x00, 0xff,
  0xff, 0xf5, 0x29, 0x00, 0x1e, 0xff, 0xfd, 0xa0, 0xf8, 0x00, 0xff, 0xfd,
  0xa9, 0xdb, 0x00, 0x15, 0xff, 0xff, 0xbb, 0x8b, 0x00, 0x8b, 0xff, 0x00,
  0x44, 0x75, 0x00, 0xff, 0x00, 0xb8, 0xab, 0x00, 0x05, 0x0e, 0xf7, 0xb1,
  0xff, 0xfe, 0x3d, 0xf7, 0x00, 0xff, 0x00, 0x47, 0x89, 0x80, 0xff, 0x03,
  0x8e, 0x3c, 0x80, 0xff, 0x01, 0x1b, 0x34, 0x00, 0x01, 0x8b, 0xff, 0x01,
  0x1c, 0x92, 0x00, 0x03, 0xff, 0x02, 0xe2, 0x2f, 0x00, 0xff, 0x00, 0x92,
  0x18, 0x00, 0x15, 0xff, 0xff, 0xf7, 0xfe, 0x00, 0xff, 0x00, 0x06, 0x59,
  0x00, 0xff, 0xff, 0xf4, 0x48, 0x00, 0xff, 0xff, 0xff, 0x38, 0x00, 0xff,
  0xff, 0xf9, 0x43, 0x00, 0xff, 0xff, 0xf8, 0x49, 0x00, 0xff, 0xff, 0xd3,
  0x2d, 0x00, 0xff, 0xff, 0xcc, 0xa2, 0x00, 0xff, 0xff, 0xba, 0x14, 0x00,
  0xff, 0xff, 0xd9, 0x3b, 0x00, 0xff, 0xff, 0xb7, 0xd5, 0x00, 0x8b, 0x08,
  0xff, 0xff, 0x7b, 0x62, 0x00, 0xff, 0xff, 0x94, 0x62, 0x00, 0xff, 0x00,
  0x6b, 0x08, 0x00, 0xff, 0x00, 0x83, 0xef, 0x00, 0xff, 0x00, 0x83, 0xef,
  0x00, 0xff, 0x00, 0x6b, 0x85, 0x00, 0xff, 0x00, 0x6b, 0x08, 0x00, 0xff,
  0x00, 0x84, 0xb7, 0x00, 0x1f, 0xff, 0x00, 0x47, 0xc7, 0x00, 0x8b, 0xff,
  0x00, 0x45, 0x88, 0x00, 0xff, 0xff, 0xd9, 0xb8, 0x00, 0xff, 0x00, 0x2c,
  0xd3, 0x00, 0xff, 0xff, 0xcd, 0x38, 0x00, 0xff, 0x00, 0x06, 0xbd, 0x00,
  0xff, 0xff, 0xf8, 0x62, 0x00, 0xff, 0x00, 0x0b, 0x9f, 0x00, 0xff, 0xff,
  0xff, 0x38, 0x00, 0xff, 0x00, 0x08, 0x02, 0x00, 0xff, 0x00, 0x06, 0x59,
  0x00, 0x08, 0xff, 0x00, 0xc0, 0x94, 0x00, 0xff, 0x00, 0x98, 0xa3, 0x00,
  0x05, 0xff, 0x00, 0x08, 0x66, 0x00, 0xff, 0x00, 0x06, 0xa4, 0x00, 0xff,
  0x00, 0x01, 0xa9, 0x00, 0xff, 0x00, 0x0c, 0x67, 0x00, 0xff, 0xff, 0xf9,
  0x2a, 0x00, 0xff, 0x00, 0x08, 0x4d, 0x00, 0xff, 0xff, 0x9f, 0xe8, 0x00,
  0xff, 0x00, 0x76, 0x8e, 0x00, 0xff, 0xff, 0x6c, 0xbc, 0x00, 0xff, 0x00,
  0x4b, 0xc8, 0x00, 0xff, 0xff, 0x5a, 0xf6, 0x00, 0x8b, 0xff, 0xfe, 0xde,
  0x41, 0x00, 0x8b, 0xff, 0xff, 0x15, 0x0a, 0x00, 0xff, 0xff, 0x16, 0x36,
  0x00, 0x8b, 0xff, 0xfe, 0xdf, 0x9f, 0x00, 0x8b, 0xff, 0xfe, 0xf5, 0xc5,
  0xae, 0xff, 0x00, 0xc8, 0x40, 0x5b, 0xff, 0xff, 0x24, 0x61, 0x88, 0xff,
  0x01, 0x02, 0xbd, 0x1c, 0xff, 0xff, 0xdf, 0xd4, 0xf3, 0x08, 0xff, 0xff,
  0xec, 0x94, 0x09, 0xff, 0xff, 0x9f, 0x59, 0x17, 0x05, 0xff, 0xff, 0xff,
  0x4f, 0x40, 0xff, 0xff, 0xfc, 0x91, 0x00, 0xff, 0x00, 0x02, 0x42, 0xc0,
  0xff, 0xff, 0xfd, 0x35, 0x80, 0xff, 0x00, 0x03, 0x7d, 0x40, 0xff, 0x00,
  0x00, 0x1f, 0x80, 0xff, 0x00, 0x0f, 0xdd, 0xc0, 0xff, 0x00, 0x00, 0x85,
  0x80, 0xff, 0x00, 0x29, 0xd9, 0xc0, 0xff, 0x00, 0x01, 0x59, 0x40, 0xff,
  0x00, 0x18, 0x21, 0xc0, 0x8b, 0xff, 0x00, 0x1e, 0x2c, 0x40, 0x8b, 0xff,
  0x00, 0x08, 0x7d, 0x80, 0xff, 0xff, 0xf6, 0xd5, 0x00, 0xff, 0xff, 0xfd,
  0x8a, 0xc0, 0xff, 0xff, 0xf3, 0xc4, 0x00, 0xff, 0xff, 0xfd, 0x8a, 0xc0,
  0xff, 0xff, 0xf3, 0xc3, 0xc0, 0xff, 0xff, 0xf3, 0x6f, 0x40, 0xff, 0xff,
  0xed, 0x43, 0xc0, 0xff, 0xff, 0xe1, 0x6d, 0xc0, 0x8b, 0xff, 0xff, 0xd9,
  0x26, 0x40, 0x8b, 0xff, 0xff, 0xe4, 0xa3, 0x00, 0xff, 0x00, 0x06, 0x59,
  0x00, 0xff, 0xff, 0xf4, 0x1c, 0x80, 0xff, 0x00, 0x03, 0x67, 0x40, 0xff,
  0xff, 0xfc, 0x7e, 0x40, 0xff, 0x00, 0x01, 0x03, 0x00, 0xff, 0xff, 0xfb,
  0xd2, 0x40, 0xff, 0xff, 0xfd, 0x5d, 0x00, 0xff, 0xff, 0xfe, 0xf4, 0x40,
  0xff, 0xff, 0xfc, 0x2a, 0xc0, 0x08, 0xff, 0xff, 0xee, 0x37, 0x00, 0xff,
  0xff, 0xbe, 0xfe, 0x80, 0x05, 0xff, 0xff, 0xff, 0x13, 0xc0, 0xff, 0xff,
  0xfc, 0xa0, 0x80, 0xff, 0x00, 0x01, 0xf4, 0x00, 0xff, 0xff, 0xfd, 0x0e,
  0x80, 0xff, 0x00, 0x03, 0x5c, 0x40, 0xff, 0xff, 0xff, 0xc9, 0x00, 0xff,
  0x00, 0x11, 0xfe, 0x00, 0xff, 0xff, 0xfe, 0xe5, 0x80, 0xff, 0x00, 0x34,
  0xf5, 0x80, 0xff, 0xff, 0xfc, 0xcf, 0x80, 0xff, 0x00, 0x13, 0xb7, 0x80,
  0x8b, 0xff, 0x00, 0x22, 0x19, 0x00, 0x8b, 0xff, 0x00, 0x5d, 0xcf, 0xc0,
  0xff, 0x00, 0x07, 0x3c, 0x80, 0xff, 0x00, 0x13, 0x26, 0x80, 0xff, 0x00,
  0x5f, 0x4d, 0x40, 0xff, 0x00, 0x15, 0xcf, 0xc0, 0xff, 0x00, 0x6c, 0x8c,
  0x40, 0xff, 0xff, 0x7f, 0x9f, 0x80, 0xff, 0xff, 0xf6, 0x6e, 0xc0, 0x8b,
  0x8b, 0x08, 0xff, 0x00, 0x04, 0x45, 0xeb, 0xff, 0x00, 0x13, 0xed, 0xd0,
  0x05, 0xff, 0x00, 0x9a, 0x47, 0x48, 0xff, 0x00, 0x07, 0xf3, 0xb5, 0xff,
  0x00, 0x88, 0x99, 0x30, 0xff, 0x00, 0x4a, 0x43, 0x67, 0xff, 0x00, 0x5a,
  0xd0, 0x5e, 0xff, 0x00, 0x70, 0x63, 0x54, 0xff, 0x00, 0x06, 0xbd, 0x00,
  0xff, 0x00, 0x08, 0x4d, 0x00, 0xff, 0xff, 0xfe, 0x57, 0x00, 0xff, 0x00,
  0x0c, 0x67, 0x00, 0xff, 0xff, 0xf7, 0x9a, 0x00, 0xff, 0x00, 0x06, 0xa4,
  0x00, 0x08, 0x0e, 0x70, 0xff, 0xff, 0x38, 0xc8, 0x00, 0xff, 0x00, 0xee,
  0x48, 0x00, 0xff, 0x00, 0x8e, 0x30, 0x00, 0xff, 0x00, 0xee, 0x48, 0x00,
  0xff, 0x00, 0x8e, 0x30, 0x00, 0xff, 0x00, 0xee, 0x48, 0x00, 0x01, 0x8b,
  0xff, 0x01, 0x18, 0x91, 0x00, 0x03, 0x14, 0xe0, 0xff, 0x00, 0x13, 0x6f,
  0x00, 0xff, 0xff, 0x38, 0x96, 0x00, 0x15, 0x46, 0x0a, 0xff, 0x01, 0x80,
  0x79, 0x00, 0xff, 0x03, 0xfd, 0x31, 0x00, 0x15, 0x31, 0x0a, 0x0e, 0x70,
  0xff, 0xff, 0x38, 0xc8, 0x00, 0xff, 0x00, 0xee, 0x48, 0x00, 0xff, 0x00,
  0x8e, 0x30, 0x00, 0xff, 0x00, 0xee, 0x48, 0x00, 0xff, 0x00, 0x8e, 0x30,
  0x00, 0xff, 0x00, 0xee, 0x48, 0x00, 0x01, 0x8b, 0xff, 0x01, 0x18, 0x91,
  0x00, 0x03, 0x14, 0xe0, 0xff, 0x00, 0x13, 0x6f, 0x00, 0xff, 0xff, 0x38,
  0x96, 0x00, 0x15, 0x46, 0x0a, 0xff, 0x00, 0xbf, 0x36, 0x00, 0xff, 0x03,
  0xfd, 0x31, 0x00, 0x15, 0x44, 0x0a, 0x0e, 0x70, 0xfb, 0x5c, 0xff, 0x00,
  0xee, 0x7a, 0x00, 0xff, 0x00, 0x8e, 0x30, 0x00, 0xff, 0x00, 0xee, 0x93,
  0x00, 0xff, 0x00, 0x8e, 0x30, 0x00, 0xff, 0x00, 0xee, 0x93, 0x00, 0x01,
  0x8b, 0xff, 0x01, 0x18, 0xaa, 0x00, 0x03, 0xff, 0x00, 0x13, 0x88, 0x00,
  0xfb, 0x5c, 0x15, 0x29, 0x0a, 0xff, 0x01, 0x1a, 0x85, 0x00, 0xff, 0x05,
  0x42, 0xf9, 0x00, 0x15, 0x30, 0x0a, 0x0e, 0x70, 0xfb, 0x5c, 0xff, 0x00,
  0xee, 0x7a, 0x00, 0xff, 0x00, 0x8e, 0x30, 0x00, 0xff, 0x00, 0xee, 0x93,
  0x00, 0xff, 0x00, 0x8e, 0x30, 0x00, 0xff, 0x00, 0xee, 0x93, 0x00, 0xff,
  0x00, 0x3b, 0xab, 0x00, 0xff, 0x01, 0x0c, 0x8e, 0x00, 0x12, 0x8b, 0xff,
  0x01, 0x18, 0xaa, 0x00, 0xff, 0xfe, 0xfd, 0x31, 0x00, 0xff, 0x01, 0x0c,
  0x8e, 0x00, 0xff, 0x00, 0x4a, 0x83, 0x00, 0xff, 0x01, 0x0c, 0x8e, 0x00,
  0x13, 0xf6, 0xff, 0x00, 0x15, 0xdb, 0x00, 0xff, 0x03, 0xe1, 0xf2, 0x00,
  0x15, 0x47, 0x0a, 0xff, 0x01, 0x57, 0x11, 0x00, 0x16, 0x42, 0x0a, 0xff,
  0xfe, 0xa6, 0x9c, 0x00, 0xff, 0xfb, 0x56, 0x0e, 0x00, 0x15, 0xff, 0x02,
  0x4b, 0x99, 0x00, 0x06, 0xff, 0x00, 0x0a, 0xd7, 0x00, 0xff, 0x00, 0x08,
  0xb1, 0x00, 0xff, 0x00, 0x08, 0xca, 0x00, 0xff, 0x00, 0x0a, 0xbe, 0x00,
  0x1f, 0xff, 0x00, 0xc7, 0x6a, 0x00, 0x07, 0xff, 0x00, 0x0a, 0xd7, 0x00,
  0xff, 0xff, 0xf7, 0x36, 0x00, 0xff, 0x00, 0x08, 0xb1, 0x00, 0xff, 0xff,
  0xf5, 0x42, 0x00, 0x1e, 0x13, 0xfa, 0xff, 0xfe, 0xb9, 0x89, 0x00, 0xff,
  0x00, 0x8e, 0x30, 0x00, 0xff, 0x01, 0x19, 0xef, 0x00, 0x06, 0xff, 0x00,
  0x0a, 0xd7, 0x00, 0xff, 0x00, 0x08, 0xb1, 0x00, 0xff, 0x00, 0x08, 0xca,
  0x00, 0xff, 0x00, 0x0a, 0xbe, 0x00, 0x1f, 0xff, 0x00, 0xc7, 0x83, 0x00,
  0x07, 0xff, 0x00, 0x0a, 0xd7, 0x00, 0xff, 0xff, 0xf7, 0x36, 0x00, 0xff,
  0x00, 0x08, 0xb1, 0x00, 0xff, 0xff, 0xf5, 0x42, 0x00, 0x1e, 0xff, 0xfe,
  0xe6, 0x11, 0x00, 0xff, 0x00, 0x8e, 0x30, 0x00, 0xff, 0x01, 0x46, 0x77,
  0x00, 0x06, 0xff, 0x00, 0x0a, 0xd7, 0x00, 0xff, 0x00, 0x08, 0xb1, 0x00,
  0xff, 0x00, 0x08, 0xca, 0x00, 0xff, 0x00, 0x0a, 0xbe, 0x00, 0x1f, 0xff,
  0x00, 0xc7, 0x83, 0x00, 0x07, 0xff, 0x00, 0x0a, 0xd7, 0x00, 0xff, 0xff,
  0xf7, 0x36, 0x00, 0xff, 0x00, 0x08, 0xb1, 0x00, 0xff, 0xff, 0xf5, 0x42,
  0x00, 0x1e, 0xff, 0xfd, 0xb4, 0x67, 0x00, 0x06, 0xff, 0xff, 0xf5, 0x29,
  0x00, 0xff, 0xff, 0xf7, 0x4f, 0x00, 0xff, 0xff, 0xf7, 0x4f, 0x00, 0xff,
  0xff, 0xf5, 0x29, 0x00, 0x1f, 0xff, 0xfc, 0x3f, 0x10, 0x00, 0x07, 0xff,
  0xff, 0xf5, 0x29, 0x00, 0xff, 0x00, 0x08, 0xca, 0x00, 0xff, 0xff, 0xf7,
  0x4f, 0x00, 0xff, 0x00, 0x0a, 0xbe, 0x00, 0x1e, 0x0e, 0xfc, 0x08, 0xfb,
  0x47, 0x76, 0xfa, 0x7c, 0x77, 0x01, 0x8b, 0xff, 0x01, 0x18, 0xc3, 0x00,
  0x03, 0xff, 0x00, 0xc1, 0xe8, 0x00, 0xff, 0x03, 0x35, 0xc7, 0x00, 0x15,
  0x31, 0x0a, 0xff, 0xff, 0xf0, 0x83, 0x00, 0xff, 0xfb, 0xa0, 0x46, 0x00,
  0x15, 0x2a, 0x0a, 0x0e, 0xfc, 0x0a, 0xfb, 0x47, 0x76, 0xfa, 0x7c, 0x77,
  0x01, 0x8b, 0xff, 0x01, 0x18, 0xc3, 0x00, 0x03, 0xff, 0x00, 0x5a, 0xa5,
  0x00, 0xff, 0x03, 0x35, 0xc7, 0x00, 0x15, 0x44, 0x0a, 0xff, 0x00, 0xfd,
  0x66, 0x00, 0xff, 0xfb, 0xa0, 0x46, 0x00, 0x15, 0x2a, 0x0a, 0x0e, 0xfc,
  0x09, 0xfb, 0x47, 0x76, 0xfa, 0x7c, 0x77, 0x01, 0x8b, 0xff, 0x01, 0x18,
  0xc3, 0x00, 0x03, 0xff, 0x00, 0x7e, 0xa2, 0xc0, 0xff, 0x04, 0x7a, 0xf9,
  0x00, 0x15, 0x30, 0x0a, 0xff, 0x00, 0x86, 0x98, 0x40, 0xff, 0xfa, 0xbd,
  0x07, 0x00, 0x15, 0x2a, 0x0a, 0x0e, 0xfc, 0x09, 0xfb, 0x47, 0x76, 0xfa,
  0x7c, 0x77, 0xff, 0x00, 0x59, 0xab, 0x00, 0xff, 0x01, 0x0c, 0x8e, 0x00,
  0x12, 0xff, 0xff, 0x5f, 0xdb, 0x00, 0xff, 0x01, 0x0c, 0x8e, 0x00, 0xff,
  0xff, 0x93, 0x97, 0x00, 0xff, 0x01, 0x18, 0xc3, 0x00, 0xff, 0xff, 0x9e,
  0x29, 0x00, 0xff, 0x01, 0x0c, 0x8e, 0x00, 0x13, 0xf0, 0xff, 0xff, 0x5f,
  0xdb, 0x00, 0xff, 0x03, 0xeb, 0xf2, 0x00, 0x15, 0x47, 0x0a, 0x13, 0xe4,
  0xff, 0x01, 0x57, 0x11, 0x00, 0x16, 0x47, 0x0a, 0xff, 0x00, 0x4e, 0x4f,
  0x00, 0xff, 0xfb, 0x4c, 0x0e, 0x00, 0x15, 0x13, 0xe8, 0x2a, 0x0a, 0x0e,
  0xf7, 0x77, 0xff, 0xff, 0x4d, 0x19, 0x00, 0x76, 0xff, 0x03, 0xe7, 0xe7,
  0x00, 0x77, 0xff, 0x00, 0x4f, 0xeb, 0x00, 0xff, 0x00, 0xad, 0x0c, 0x00,
  0xff, 0xff, 0x97, 0x37, 0x00, 0xff, 0x00, 0xaa, 0x82, 0x00, 0x12, 0x8b,
  0xff, 0x01, 0x18, 0xc3, 0x00, 0xff, 0x01, 0x3f, 0x24, 0x00, 0xff, 0x01,
  0x18, 0xc3, 0x00, 0x13, 0xdc, 0xff, 0x00, 0x9c, 0xea, 0x00, 0xff, 0x03,
  0xb4, 0xb0, 0x00, 0x15, 0x3f, 0x0a, 0x13, 0xec, 0x40, 0x0a, 0x13, 0xdc,
  0x41, 0x0a, 0xff, 0x01, 0xba, 0xfd, 0x00, 0xff, 0xff, 0x57, 0xc8, 0x00,
  0x15, 0x2b, 0x0a, 0x0e, 0xf8, 0x2a, 0xff, 0xff, 0x1a, 0xb4, 0x00, 0xff,
  0x01, 0x1b, 0x1b, 0x00, 0xff, 0x01, 0xdd, 0xee, 0x00, 0xff, 0x01, 0x1b,
  0x34, 0x00, 0x01, 0x8b, 0xff, 0x01, 0x1f, 0x35, 0x00, 0xff, 0x01, 0xe4,
  0xc4, 0x00, 0xff, 0x01, 0x1f, 0x35, 0x00, 0x03, 0xff, 0x02, 0x97, 0xe8,
  0x00, 0xff, 0x03, 0x35, 0xc7, 0x00, 0x15, 0x31, 0x0a, 0xff, 0xff, 0x26,
  0xdf, 0x00, 0xff, 0xff, 0x97, 0x37, 0x00, 0x15, 0x2c, 0x0a, 0xff, 0xfd,
  0x06, 0xde, 0x00, 0x04, 0x2d, 0x0a, 0x0e, 0xf8, 0x2a, 0xff, 0xff, 0x1a,
  0xb4, 0x00, 0xff, 0x01, 0x1b, 0x1b, 0x00, 0xff, 0x01, 0xdd, 0xee, 0x00,
  0xff, 0x01, 0x1b, 0x34, 0x00, 0x01, 0x8b, 0xff, 0x01, 0x1f, 0x35, 0x00,
  0xff, 0x01, 0xe4, 0xc4, 0x00, 0xff, 0x01, 0x1f, 0x35, 0x00, 0x03, 0xff,
  0x01, 0x90, 0xa5, 0x00, 0xff, 0x03, 0x35, 0xc7, 0x00, 0x15, 0x44, 0x0a,
  0xff, 0x00, 0xd3, 0xc2, 0x00, 0xff, 0xff, 0x97, 0x37, 0x00, 0x15, 0x2c,
  0x0a, 0xff, 0xfd, 0x06, 0xde, 0x00, 0x04, 0x2d, 0x0a, 0x0e, 0xf8, 0x2a,
  0xff, 0xff, 0x1a, 0xb3, 0xf8, 0xff, 0x01, 0x1b, 0x1a, 0xe1, 0xff, 0x01,
  0xdd, 0xee, 0x15, 0xff, 0x01, 0x1b, 0x33, 0xf8, 0x01, 0x8b, 0xff, 0x01,
  0x1f, 0x34, 0xfe, 0xff, 0x01, 0xe4, 0xc4, 0x19, 0xff, 0x01, 0x1f, 0x34,
  0xfe, 0x03, 0xff, 0x01, 0x90, 0xa5, 0x00, 0xff, 0x03, 0x35, 0xc7, 0x00,
  0x15, 0x44, 0x0a, 0xff, 0x00, 0xd3, 0xc2, 0x00, 0xff, 0xff, 0x97, 0x37,
  0x00, 0x15, 0x2c, 0x0a, 0xff, 0xfd, 0x06, 0xde, 0x00, 0x04, 0x2d, 0x0a,
  0x0e, 0xf8, 0x2a, 0xff, 0xff, 0x1a, 0xb4, 0x00, 0xff, 0x01, 0x1b, 0x1b,
  0x00, 0xff, 0x01, 0xdd, 0xee, 0x00, 0xff, 0x01, 0x1b, 0x34, 0x00, 0xff,
  0x00, 0x2c, 0xfa, 0x00, 0xff, 0x00, 0xad, 0x0c, 0x00, 0xff, 0xff, 0x97,
  0x37, 0x00, 0xff, 0x00, 0xaa, 0x82, 0x00, 0x12, 0x8b, 0xff, 0x01, 0x1f,
  0x35, 0x00, 0xff, 0x01, 0xe4, 0xc4, 0x00, 0xff, 0x01, 0x1f, 0x35, 0x00,
  0x13, 0xdc, 0xff, 0x00, 0xf6, 0xea, 0x00, 0xff, 0x03, 0xb4, 0xb0, 0x00,
  0x15, 0x3f, 0x0a, 0x13, 0xec, 0x40, 0x0a, 0x13, 0xdc, 0x41, 0x0a, 0xff,
  0x01, 0x1a, 0xad, 0x00, 0xff, 0xff, 0x7a, 0x41, 0x00, 0x15, 0x2c, 0x0a,
  0xff, 0xfd, 0x06, 0xde, 0x00, 0x04, 0x2d, 0x0a, 0x0e, 0xf8, 0x2a, 0xff,
  0xff, 0x1a, 0xb4, 0x00, 0xff, 0x01, 0x1b, 0x1b, 0x00, 0xff, 0x01, 0xdd,
  0xee, 0x00, 0xff, 0x01, 0x1b, 0x34, 0x00, 0xff, 0x00, 0x2c, 0xba, 0x00,
  0xff, 0x01, 0x0c, 0x8e, 0x00, 0x12, 0x8b, 0xff, 0x01, 0x1f, 0x35, 0x00,
  0xff, 0xff, 0xbf, 0xa6, 0x00, 0xff, 0x01, 0x0c, 0x8e, 0x00, 0xff, 0x00,
  0x4a, 0x83, 0x00, 0xff, 0x01, 0x0c, 0x8e, 0x00, 0xff, 0xff, 0xc1, 0x7f,
  0x00, 0xff, 0x01, 0x1f, 0x35, 0x00, 0x13, 0xe8, 0xff, 0x00, 0xde, 0xdb,
  0x00, 0xff, 0x03, 0xe1, 0xf2, 0x00, 0x15, 0x47, 0x0a, 0x13, 0xe4, 0xff,
  0x01, 0x57, 0x11, 0x00, 0x16, 0x47, 0x0a, 0xff, 0xff, 0xdb, 0xab, 0x00,
  0xff, 0xff, 0x4c, 0xff, 0x00, 0x15, 0x13, 0xf2, 0x2c, 0x0a, 0xff, 0xfd,
  0x06, 0xde, 0x00, 0x04, 0x2d, 0x0a, 0x0e, 0xf8, 0x2a, 0xff, 0xff, 0x1a,
  0xb4, 0x00, 0xff, 0x01, 0x1b, 0x1b, 0x00, 0xff, 0x01, 0xdd, 0xee, 0x00,
  0xff, 0x01, 0x1b, 0x34, 0x00, 0x01, 0x8b, 0xff, 0x01, 0x1f, 0x35, 0x00,
  0xff, 0x01, 0xe4, 0xc4, 0x00, 0xff, 0x01, 0x1f, 0x35, 0x00, 0x03, 0xff,
  0x01, 0x3b, 0x9c, 0x00, 0xff, 0xff, 0x1b, 0xa6, 0x00, 0x15, 0xff, 0x00,
  0x09, 0xf6, 0x00, 0xff, 0xff, 0xfb, 0xcd, 0x00, 0xff, 0x00, 0x0b, 0x54,
  0x00, 0xff, 0x00, 0x04, 0xb0, 0x00, 0xff, 0x00, 0x04, 0x1a, 0x00, 0xff,
  0x00, 0x09, 0xdd, 0x00, 0x08, 0xff, 0x01, 0xb3, 0x98, 0x40, 0xff, 0x03,
  0xda, 0x2e, 0x00, 0x05, 0xff, 0x00, 0x04, 0x26, 0x00, 0xff, 0x00, 0x09,
  0xfb, 0x40, 0xff, 0xff, 0xfb, 0x5d, 0x00, 0xff, 0x00, 0x0b, 0x67, 0xc0,
  0xff, 0xff, 0xf6, 0x0a, 0x00, 0xff, 0x00, 0x04, 0x1a, 0x00, 0x08, 0xff,
  0xff, 0xcd, 0x6a, 0x00, 0xff, 0x00, 0x15, 0x18, 0x00, 0x05, 0xff, 0xff,
  0xf6, 0x0a, 0x00, 0xff, 0x00, 0x04, 0x33, 0x00, 0xff, 0xff, 0xf4, 0x9b,
  0x40, 0xff, 0xff, 0xfb, 0x4c, 0x80, 0xff, 0xff, 0xfb, 0xdd, 0xc0, 0xff,
  0xff, 0xf6, 0x0d, 0x80, 0x08, 0xff, 0xfe, 0x4c, 0x80, 0xc0, 0xff, 0xfc,
  0x25, 0xeb, 0x00, 0x05, 0xff, 0xff, 0xfb, 0xcd, 0x00, 0xff, 0xff, 0xf6,
  0x0a, 0x00, 0xff, 0x00, 0x04, 0xb0, 0x00, 0xff, 0xff, 0xf4, 0x93, 0x00,
  0xff, 0x00, 0x09, 0xf6, 0x00, 0xff, 0xff, 0xfb, 0xe6, 0x00, 0x08, 0xff,
  0x01, 0x08, 0x91, 0x00, 0xff, 0x03, 0xfe, 0x33, 0x00, 0x15, 0x2c, 0x0a,
  0xff, 0xfd, 0x06, 0xde, 0x00, 0x04, 0x2d, 0x0a, 0x0e, 0xf7, 0x68, 0xff,
  0xff, 0x1a, 0xb4, 0x00, 0xff, 0x00, 0xef, 0x10, 0x00, 0xff, 0x03, 0x16,
  0x3c, 0x00, 0x77, 0x01, 0x8b, 0xff, 0x01, 0x18, 0xaa, 0x00, 0xff, 0x01,
  0x30, 0x1a, 0x00, 0xff, 0x01, 0x18, 0x78, 0x00, 0x03, 0xff, 0x01, 0xd9,
  0xe8, 0x00, 0xff, 0x03, 0x35, 0xc7, 0x00, 0x15, 0x31, 0x0a, 0xff, 0x01,
  0x21, 0x15, 0x00, 0xff, 0xff, 0x88, 0x46, 0x00, 0x15, 0x2e, 0x0a, 0x0e,
  0xf7, 0x68, 0xff, 0xff, 0x1a, 0xb4, 0x00, 0xff, 0x00, 0xef, 0x10, 0x00,
  0xff, 0x03, 0x16, 0x3c, 0x00, 0x77, 0x01, 0x8b, 0xff, 0x01, 0x18, 0xaa,
  0x00, 0xff, 0x01, 0x30, 0x1a, 0x00, 0xff, 0x01, 0x18, 0x78, 0x00, 0x03,
  0xff, 0x01, 0x90, 0xa5, 0x00, 0xff, 0x03, 0x35, 0xc7, 0x00, 0x15, 0x44,
  0x0a, 0xff, 0x02, 0x0f, 0xf8, 0x00, 0xff, 0xff, 0x88, 0x46, 0x00, 0x15,
  0x2e, 0x0a, 0x0e, 0xf7, 0x68, 0xff, 0xff, 0x1a, 0xb3, 0xf8, 0xff, 0x00,
  0xef, 0x0f, 0xdf, 0xff, 0x03, 0x16, 0x3c, 0x29, 0x77, 0x01, 0x8b, 0xff,
  0x01, 0x18, 0xa9, 0xfc, 0xff, 0x01, 0x30, 0x1a, 0x1d, 0xff, 0x01, 0x18,
  0x78, 0x10, 0x03, 0xff, 0x01, 0x90, 0xa5, 0x00, 0xff, 0x03, 0x35, 0xc7,
  0x00, 0x15, 0x44, 0x0a, 0xff, 0x02, 0x0f, 0xf8, 0x00, 0xff, 0xff, 0x88,
  0x46, 0x00, 0x15, 0x2e, 0x0a, 0x0e, 0xf7, 0x68, 0xff, 0xff, 0x1a, 0xb4,
  0x00, 0xff, 0x00, 0xef, 0x10, 0x00, 0xff, 0x03, 0x16, 0x3c, 0x00, 0x77,
  0xff, 0x00, 0x4f, 0xab, 0x00, 0xff, 0x01, 0x0c, 0x8e, 0x00, 0x12, 0x8b,
  0xff, 0x01, 0x18, 0xaa, 0x00, 0xff, 0xff, 0x66, 0x31, 0x00, 0xff, 0x01,
  0x0c, 0x8e, 0x00, 0xff, 0x00, 0x4a, 0x83, 0x00, 0xff, 0x01, 0x0c, 0x8e,
  0x00, 0xff, 0xff, 0x66, 0x4a, 0x00, 0xff, 0x01, 0x18, 0x78, 0x00, 0x13,
  0xe8, 0xff, 0x00, 0x7e, 0xdb, 0x00, 0xff, 0x03, 0xe1, 0xf2, 0x00, 0x15,
  0x47, 0x0a, 0x13, 0xe4, 0xff, 0x01, 0x57, 0x11, 0x00, 0x16, 0x47, 0x0a,
  0xff, 0x01, 0x77, 0xe1, 0x00, 0xff, 0xff, 0x3e, 0x0e, 0x00, 0x15, 0xff,
  0xff, 0x0e, 0x66, 0x00, 0x06, 0x13, 0xf2, 0xff, 0xff, 0xf5, 0x42, 0x00,
  0xff, 0xff, 0xf7, 0x4f, 0x00, 0xff, 0xff, 0xf7, 0x4f, 0x00, 0xff, 0xff,
  0xf5, 0x42, 0x00, 0x1f, 0xff, 0xfd, 0xa2, 0x3d, 0x00, 0x07, 0xff, 0xff,
  0xb4, 0x51, 0x00, 0xff, 0xff, 0xdb, 0x16, 0x00, 0xff, 0xff, 0xa6, 0xa5,
  0x00, 0xff, 0xff, 0x8c, 0xdd, 0x00, 0xff, 0xff, 0x8c, 0xdd, 0x00, 0xff,
  0xff, 0xdb, 0x16, 0x00, 0xff, 0x00, 0x59, 0x5b, 0x00, 0xff, 0x00, 0x4b,
  0xaf, 0x00, 0x1e, 0xff, 0xff, 0xff, 0xe7, 0x00, 0xff, 0x02, 0x5d, 0xc3,
  0x00, 0x05, 0xff, 0x00, 0x0a, 0xbe, 0x00, 0xff, 0xff, 0xf7, 0x4f, 0x00,
  0xff, 0x00, 0x08, 0xb1, 0x00, 0xff, 0xff, 0xf5, 0x42, 0x00, 0x1e, 0xff,
  0xff, 0x0e, 0x4d, 0x00, 0x06, 0xff, 0xff, 0xf5, 0x42, 0x00, 0xff, 0xff,
  0xf7, 0x4f, 0x00, 0xff, 0xff, 0xf7, 0x4f, 0x00, 0xff, 0xff, 0xf5, 0x42,
  0x00, 0x1f, 0xff, 0xfd, 0xa7, 0x9c, 0x00, 0x07, 0xff, 0xff, 0x44, 0x1c,
  0x00, 0xff, 0x00, 0x69, 0x2d, 0x00, 0xff, 0xff, 0x22, 0x6b, 0x00, 0xff,
  0x01, 0x47, 0x71, 0x00, 0xff, 0x01, 0x47, 0x71, 0x00, 0xff, 0x00, 0x69,
  0x2d, 0x00, 0xff, 0x00, 0xdd, 0x95, 0x00, 0xff, 0x00, 0xbb, 0xe4, 0x00,
  0x1e, 0xff, 0x02, 0x58, 0x64, 0x00, 0x07, 0xff, 0x00, 0x00, 0x19, 0x00,
  0xff, 0x00, 0x0a, 0xbe, 0x00, 0xff, 0xff, 0xf7, 0x4f, 0x00, 0xff, 0x00,
  0x08, 0xb1, 0x00, 0xff, 0xff, 0xf5, 0x29, 0x00, 0x8b, 0x08, 0x0e, 0xf7,
  0x92, 0xfb, 0x5c, 0xff, 0x02, 0x65, 0xde, 0x00, 0xff, 0x01, 0x82, 0x3b,
  0x00, 0x77, 0x01, 0x8b, 0xff, 0x01, 0x1d, 0x73, 0x00, 0xff, 0x00, 0x1b,
  0xbc, 0x00, 0xff, 0x01, 0x18, 0xc3, 0x00, 0xff, 0x00, 0x1b, 0xbc, 0x00,
  0xff, 0x01, 0x1d, 0x73, 0x00, 0x03, 0x14, 0x38, 0xff, 0x01, 0x90, 0xa5,
  0x00, 0xff, 0x03, 0x35, 0xc7, 0x00, 0x15, 0x44, 0x0a, 0xff, 0x00, 0x87,
  0xc8, 0x00, 0xff, 0xfe, 0x06, 0x24, 0x00, 0x15, 0x2f, 0x0a, 0x0e, 0xf7,
  0x1b, 0xff, 0x01, 0xc6, 0x97, 0x00, 0xff, 0x01, 0x1b, 0xb1, 0x00, 0xff,
  0xff, 0x12, 0x35, 0x00, 0xff, 0x01, 0x1f, 0xcb, 0x00, 0x13, 0x80, 0xff,
  0x01, 0x18, 0xf5, 0x00, 0xff, 0x02, 0x2d, 0x6c, 0x00, 0x15, 0xff, 0x00,
  0x00, 0x2f, 0x00, 0xff, 0xfd, 0x1e, 0x1c, 0x00, 0x05, 0xff, 0xff, 0xff,
  0xdc, 0x00, 0xff, 0xff, 0xf5, 0x78, 0x00, 0x82, 0x82, 0xff, 0xff, 0xf5,
  0x9c, 0x00, 0x8b, 0x08, 0xff, 0xff, 0x0d, 0xec, 0x00, 0x06, 0xff, 0xff,
  0xf5, 0x78, 0x00, 0x82, 0xff, 0x00, 0x08, 0xca, 0x00, 0xff, 0x00, 0x0a,
  0xbe, 0x00, 0x1f, 0xff, 0x03, 0xc0, 0xf0, 0x00, 0x07, 0xff, 0x00, 0x0a,
  0xd7, 0x00, 0xff, 0x00, 0x08, 0xb1, 0x00, 0xff, 0x00, 0x08, 0xb1, 0x00,
  0xff, 0x00, 0x0a, 0xd7, 0x00, 0x1e, 0xff, 0x01, 0xc2, 0x7d, 0x00, 0x06,
  0xff, 0x00, 0x90, 0x88, 0x00, 0xff, 0x00, 0x7b, 0xbb, 0x00, 0xff, 0xff,
  0x98, 0x4a, 0x00, 0xff, 0xff, 0x33, 0x69, 0x00, 0xff, 0xff, 0x93, 0x9a,
  0x00, 0xff, 0xff, 0xdf, 0x7b, 0x00, 0xff, 0xff, 0xd9, 0x6d, 0x00, 0x8b,
  0x1f, 0x13, 0x40, 0xff, 0x00, 0x00, 0x4b, 0x00, 0xff, 0xff, 0xff, 0xb5,
  0x00, 0xff, 0x00, 0x52, 0x21, 0x00, 0xff, 0xff, 0xa9, 0x2f, 0x00, 0xff,
  0x00, 0x00, 0x19, 0x00, 0xff, 0xff, 0x75, 0x6d, 0x00, 0x08, 0xff, 0xff,
  0x2c, 0x16, 0x00, 0xff, 0xff, 0x83, 0xb8, 0x00, 0xff, 0xff, 0x94, 0xdf,
  0x00, 0xff, 0xff, 0x76, 0x13, 0x00, 0x1e, 0xff, 0xff, 0x8a, 0xeb, 0x80,
  0x06, 0xff, 0xff, 0xf5, 0x01, 0x80, 0x8b, 0xff, 0xff, 0xf7, 0x86, 0x80,
  0xff, 0x00, 0x09, 0x24, 0x40, 0xff, 0xff, 0xff, 0xf0, 0x00, 0xff, 0x00,
  0x0a, 0x63, 0xc0, 0x08, 0xff, 0x00, 0xc1, 0xf0, 0x00, 0x07, 0xff, 0x00,
  0x0a, 0x87, 0xc0, 0xff, 0x00, 0x08, 0x89, 0x80, 0xff, 0x00, 0x09, 0x00,
  0x40, 0xff, 0x00, 0x0a, 0xfe, 0x80, 0x1e, 0xff, 0x00, 0x11, 0x78, 0x80,
  0xff, 0xff, 0xff, 0xd0, 0x00, 0x05, 0xff, 0x00, 0x28, 0x89, 0x00, 0xff,
  0x00, 0x00, 0x30, 0x00, 0xff, 0x00, 0x21, 0x7d, 0x00, 0xff, 0x00, 0x20,
  0xd2, 0x00, 0x8b, 0xff, 0x00, 0x28, 0xeb, 0x00, 0x08, 0xff, 0x00, 0x28,
  0xeb, 0x00, 0xff, 0xff, 0xde, 0x7f, 0x73, 0xff, 0x00, 0x21, 0x1b, 0x00,
  0xff, 0xff, 0xd7, 0x7a, 0x8d, 0x1e, 0xff, 0xff, 0xba, 0x89, 0x00, 0x06,
  0x86, 0xff, 0x00, 0x00, 0x3d, 0x00, 0xff, 0xff, 0xfb, 0x3c, 0x00, 0xff,
  0x00, 0x04, 0x28, 0x00, 0x8b, 0xff, 0x00, 0x05, 0x5f, 0x00, 0x08, 0xff,
  0x00, 0xda, 0xd9, 0x00, 0x07, 0x8b, 0xff, 0x00, 0x05, 0x5f, 0x00, 0xff,
  0x00, 0x04, 0xc4, 0x00, 0xff, 0x00, 0x04, 0x41, 0x00, 0x90, 0xff, 0x00,
  0x00, 0x24, 0x00, 0x08, 0xff, 0x00, 0x17, 0x91, 0x00, 0x06, 0x13, 0x80,
  0xff, 0x00, 0x28, 0x6f, 0x00, 0xff, 0x00, 0x21, 0x97, 0x00, 0xff, 0x00,
  0x21, 0x34, 0x00, 0xff, 0x00, 0x28, 0xd2, 0x00, 0xff, 0x00, 0x28, 0xeb,
  0x00, 0xff, 0xff, 0xde, 0xcc, 0x00, 0xff, 0x00, 0x21, 0x1b, 0x00, 0xff,
  0xff, 0xd7, 0x2e, 0x00, 0x1f, 0xff, 0xff, 0xa6, 0x28, 0x00, 0x06, 0xff,
  0xff, 0xfa, 0xa1, 0x00, 0x8b, 0xff, 0xff, 0xfb, 0xa6, 0x00, 0xff, 0xff,
  0xfb, 0xd0, 0x00, 0xff, 0xff, 0xff, 0xf5, 0x00, 0xff, 0xff, 0xfa, 0x6c,
  0x00, 0x08, 0x0e, 0xff, 0xff, 0x1a, 0xb4, 0x00, 0xff, 0x01, 0x01, 0xb7,
  0x00, 0xff, 0x00, 0xc8, 0x96, 0x00, 0xff, 0x01, 0x00, 0x8b, 0x00, 0xff,
  0xff, 0xf2, 0x22, 0x00, 0x77, 0x12, 0xff, 0x01, 0xca, 0x4d, 0x00, 0xff,
  0x01, 0x1f, 0x80, 0x00, 0x13, 0x90, 0xff, 0x01, 0xc7, 0x14, 0x00, 0xff,
  0x01, 0xfc, 0x66, 0x00, 0x15, 0x48, 0x0a, 0x13, 0xb0, 0xff, 0xff, 0xb7,
  0x71, 0x00, 0xff, 0xff, 0x79, 0x55, 0x00, 0x15, 0x32, 0x0a, 0x13, 0xd0,
  0x33, 0x0a, 0x13, 0xb0, 0x34, 0x0a, 0xff, 0xfe, 0x8f, 0xa4, 0x00, 0xff,
  0xfe, 0x44, 0xbd, 0x00, 0x15, 0x35, 0x0a, 0x13, 0xd0, 0x36, 0x0a, 0x0e,
  0xff, 0xff, 0x1a, 0xb4, 0x00, 0xff, 0x01, 0x01, 0xb7, 0x00, 0xff, 0x00,
  0xc8, 0x96, 0x00, 0xff, 0x01, 0x00, 0x8b, 0x00, 0xff, 0xff, 0xf2, 0x22,
  0x00, 0x77, 0x12, 0xff, 0x01, 0xca, 0x4d, 0x00, 0xff, 0x01, 0x1f, 0x80,
  0x00, 0x13, 0x90, 0xff, 0x01, 0x05, 0xd1, 0x00, 0xff, 0x01, 0xfc, 0x66,
  0x00, 0x15, 0x49, 0x0a, 0x13, 0xb0, 0xff, 0x01, 0x1e, 0x54, 0x00, 0xff,
  0xff, 0x79, 0x55, 0x00, 0x15, 0x32, 0x0a, 0x13, 0xd0, 0x33, 0x0a, 0x13,
  0xb0, 0x34, 0x0a, 0xff, 0xfe, 0x8f, 0xa4, 0x00, 0xff, 0xfe, 0x44, 0xbd,
  0x00, 0x15, 0x35, 0x0a, 0x13, 0xd0, 0x36, 0x0a, 0x0e, 0xff, 0xff, 0x1a,
  0xb4, 0x00, 0xff, 0x01, 0x01, 0xb7, 0x00, 0xff, 0x00, 0xc8, 0x96, 0x00,
  0xff, 0x01, 0x00, 0x8b, 0x00, 0xff, 0xff, 0xf2, 0x22, 0x00, 0x77, 0x12,
  0xff, 0x01, 0xca, 0x4d, 0x00, 0xff, 0x01, 0x1f, 0x80, 0x00, 0x13, 0x90,
  0xff, 0x01, 0x74, 0x0d, 0x00, 0xff, 0x03, 0x31, 0xf9, 0x00, 0x15, 0x30,
  0x0a, 0x13, 0xb0, 0xff, 0x00, 0x5d, 0x48, 0x00, 0xff, 0xfe, 0xa5, 0xb5,
  0x00, 0x15, 0x32, 0x0a, 0x13, 0xd0, 0x33, 0x0a, 0x13, 0xb0, 0x34, 0x0a,
  0xff, 0xfe, 0x8f, 0xa4, 0x00, 0xff, 0xfe, 0x44, 0xbd, 0x00, 0x15, 0x35,
  0x0a, 0x13, 0xd0, 0x36, 0x0a, 0x0e, 0xff, 0xff, 0x1a, 0xb4, 0x00, 0xff,
  0x01, 0x01, 0xb7, 0x00, 0xff, 0x00, 0xc8, 0x96, 0x00, 0xff, 0x01, 0x00,
  0x8b, 0x00, 0xff, 0xff, 0xf2, 0x22, 0x00, 0x77, 0xff, 0x00, 0x8b, 0x3d,
  0x00, 0xff, 0x00, 0xad, 0x0c, 0x00, 0xff, 0xff, 0x97, 0x37, 0x00, 0xff,
  0x00, 0xaa, 0x82, 0x00, 0x12, 0xff, 0x01, 0xca, 0x4d, 0x00, 0xff, 0x01,
  0x1f, 0x80, 0x00, 0x13, 0x8c, 0xff, 0x00, 0x68, 0xea, 0x00, 0xff, 0x02,
  0xa7, 0xb0, 0x00, 0x15, 0x3f, 0x0a, 0x13, 0x94, 0x40, 0x0a, 0x13, 0x8c,
  0x41, 0x0a, 0x13, 0xa4, 0xff, 0x01, 0x68, 0x6b, 0x00, 0xff, 0xff, 0x2f,
  0xfe, 0x00, 0x15, 0x32, 0x0a, 0x13, 0xc4, 0x33, 0x0a, 0x13, 0xa4, 0x34,
  0x0a, 0xff, 0xfe, 0x8f, 0xa4, 0x00, 0xff, 0xfe, 0x44, 0xbd, 0x00, 0x15,
  0x35, 0x0a, 0x13, 0xc4, 0x36, 0x0a, 0x0e, 0xff, 0xff, 0x1a, 0xb4, 0x00,
  0xff, 0x01, 0x01, 0xb7, 0x00, 0xff, 0x00, 0xc8, 0x96, 0x00, 0xff, 0x01,
  0x00, 0x8b, 0x00, 0xff, 0xff, 0xf2, 0x22, 0x00, 0x77, 0xff, 0x00, 0x5e,
  0xb5, 0x00, 0xff, 0x01, 0x0c, 0x8e, 0x00, 0x12, 0xff, 0x00, 0x5e, 0xc1,
  0x00, 0xff, 0x01, 0x0c, 0x8e, 0x00, 0xff, 0x00, 0x4a, 0x6a, 0x00, 0xff,
  0x01, 0x0c, 0x8e, 0x00, 0xff, 0xff, 0x08, 0x06, 0x00, 0xff, 0x01, 0x1f,
  0x80, 0x00, 0x13, 0x98, 0xff, 0x00, 0x5e, 0xc1, 0x00, 0xff, 0x02, 0xa8,
  0xaa, 0x00, 0x15, 0x47, 0x0a, 0x13, 0x9c, 0xff, 0x01, 0x56, 0xf8, 0x00,
  0x16, 0x47, 0x0a, 0x13, 0xba, 0xff, 0x00, 0x1b, 0x9c, 0x00, 0xff, 0xff,
  0x2f, 0x04, 0x00, 0x15, 0x32, 0x0a, 0x13, 0xda, 0x33, 0x0a, 0x13, 0xba,
  0x34, 0x0a, 0xff, 0xfe, 0x8f, 0xa4, 0x00, 0xff, 0xfe, 0x44, 0xbd, 0x00,
  0x15, 0x35, 0x0a, 0x13, 0xda, 0x36, 0x0a, 0x0e, 0xff, 0xff, 0x1a, 0xb4,
  0x00, 0xff, 0x01, 0x01, 0xb7, 0x00, 0xff, 0x00, 0xc8, 0x96, 0x00, 0xff,
  0x01, 0x00, 0x8b, 0x00, 0xff, 0xff, 0xf2, 0x22, 0x00, 0x77, 0xff, 0x00,
  0x5f, 0x4e, 0x40, 0xff, 0x00, 0x70, 0xa5, 0x80, 0xff, 0x00, 0x57, 0xbe,
  0x80, 0xff, 0x00, 0x70, 0xa5, 0x80, 0x12, 0xff, 0x00, 0xe9, 0x13, 0xc0,
  0xff, 0x00, 0x74, 0xd2, 0x40, 0xff, 0x00, 0x5a, 0xd2, 0x00, 0xff, 0x00,
  0x74, 0xd2, 0x40, 0xff, 0xff, 0x9c, 0xc2, 0xc0, 0xff, 0x01, 0x1f, 0x80,
  0x00, 0x13, 0x9e, 0xff, 0x01, 0x8b, 0x4f, 0x00, 0xff, 0x03, 0x5c, 0x05,
  0xc0, 0x15, 0xff, 0xff, 0xa6, 0x6c, 0xc0, 0xff, 0xff, 0xb7, 0x58, 0x00,
  0xff, 0xff, 0xb9, 0xe8, 0x40, 0xff, 0xff, 0xa9, 0x93, 0x00, 0xff, 0xff,
  0xa9, 0x93, 0x00, 0xff, 0x00, 0x48, 0xa8, 0x00, 0xff, 0xff, 0xb9, 0xe8,
  0x40, 0xff, 0x00, 0x59, 0x93, 0x40, 0xff, 0x00, 0x59, 0x93, 0x40, 0xff,
  0x00, 0x48, 0xa8, 0x00, 0xff, 0x00, 0x46, 0x17, 0xc0, 0xff, 0x00, 0x56,
  0x6d, 0x00, 0x1f, 0xff, 0x00, 0x56, 0x6d, 0x00, 0xff, 0xff, 0xb7, 0x58,
  0x00, 0xff, 0x00, 0x46, 0x17, 0xc0, 0xff, 0xff, 0xa6, 0x6c, 0xc0, 0x1e,
  0xff, 0xff, 0x37, 0x9c, 0x00, 0x04, 0x45, 0x0a, 0x13, 0xbd, 0xff, 0x00,
  0x46, 0x06, 0x00, 0xff, 0xff, 0x44, 0x0c, 0x40, 0x15, 0x32, 0x0a, 0x13,
  0xdd, 0x33, 0x0a, 0x13, 0xbd, 0x34, 0x0a, 0xff, 0xfe, 0x8f, 0xa4, 0x00,
  0xff, 0xfe, 0x44, 0xbd, 0x00, 0x15, 0x35, 0x0a, 0x13, 0xdd, 0x36, 0x0a,
  0x0e, 0xf8, 0xe7, 0xff, 0xff, 0x1a, 0xb4, 0x00, 0xff, 0x01, 0x07, 0x16,
  0x00, 0xff, 0xfe, 0xf8, 0xea, 0x00, 0xff, 0x00, 0xf3, 0x75, 0x00, 0xff,
  0x00, 0xe0, 0x51, 0x00, 0xff, 0x01, 0x05, 0xd1, 0x00, 0xff, 0xff, 0x28,
  0x47, 0x00, 0xff, 0x00, 0xd8, 0xfe, 0x00, 0xff, 0xff, 0xf0, 0xab, 0x00,
  0x77, 0x12, 0xff, 0x01, 0xd3, 0xc6, 0x00, 0xff, 0x01, 0x4f, 0x0f, 0x00,
  0x13, 0x14, 0xff, 0x04, 0xb7, 0xe9, 0x00, 0xff, 0x01, 0x2c, 0x64, 0x00,
  0x15, 0xff, 0xff, 0xc3, 0x10, 0x00, 0xff, 0x00, 0x7d, 0xc8, 0x00, 0xff,
  0xff, 0x84, 0x90, 0x00, 0xff, 0x00, 0x4b, 0x64, 0x00, 0xff, 0xff, 0x72,
  0x7f, 0x00, 0x8b, 0xff, 0xff, 0xbe, 0xc4, 0x00, 0x8b, 0xff, 0xff, 0xc2,
  0xc5, 0x00, 0xff, 0xff, 0xee, 0xd0, 0x00, 0xff, 0xff, 0xcb, 0x12, 0x00,
  0xff, 0xff, 0xe2, 0x05, 0x00, 0x08, 0xff, 0x00, 0x0b, 0xea, 0x00, 0x07,
  0x13, 0x0c, 0xff, 0x00, 0x0a, 0xf0, 0x00, 0xff, 0xff, 0xf7, 0x1d, 0x00,
  0xff, 0x00, 0x08, 0xfc, 0x00, 0xff, 0xff, 0xf4, 0xf7, 0x00, 0x1e, 0xff,
  0xff, 0x30, 0x30, 0x00, 0xff, 0xff, 0xfe, 0xa2, 0x00, 0x06, 0x13, 0xa4,
  0xff, 0xff, 0xd4, 0x27, 0x00, 0xff, 0x00, 0x0d, 0xc5, 0x00, 0xff, 0xff,
  0xd0, 0xa3, 0x00, 0xff, 0x00, 0x05, 0xc3, 0x00, 0xff, 0xff, 0xce, 0xe1,
  0x00, 0xff, 0xff, 0xfb, 0xe6, 0x00, 0xff, 0xff, 0x53, 0x71, 0x00, 0xff,
  0xff, 0xf1, 0xa5, 0x00, 0xff, 0xff, 0x72, 0x66, 0x00, 0xff, 0xff, 0x76,
  0x4e, 0x00, 0xff, 0xff, 0xed, 0xbd, 0x00, 0xff, 0xff, 0x53, 0xee, 0x00,
  0xff, 0xff, 0xe8, 0xa9, 0x00, 0xff, 0xff, 0x24, 0x46, 0x00, 0xff, 0x00,
  0xab, 0x95, 0x00, 0xff, 0xff, 0x46, 0x42, 0x00, 0xff, 0x00, 0xd7, 0x0a,
  0x00, 0x8b, 0xff, 0x00, 0x26, 0x2f, 0x00, 0x8b, 0xff, 0x00, 0x24, 0xb8,
  0x00, 0xff, 0x00, 0x05, 0xdc, 0x00, 0xff, 0x00, 0x22, 0x92, 0x00, 0xff,
  0x00, 0x0a, 0xd7, 0x00, 0x08, 0xff, 0xff, 0xfe, 0x89, 0x00, 0xff, 0x00,
  0xcf, 0xe9, 0x00, 0x07, 0xff, 0x00, 0x0a, 0xf0, 0x00, 0xff, 0x00, 0x08,
  0xfc, 0x00, 0xff, 0x00, 0x08, 0xe3, 0x00, 0xff, 0x00, 0x0b, 0x09, 0x00,
  0x1f, 0xff, 0x00, 0x0c, 0x03, 0x00, 0x07, 0x13, 0x54, 0xff, 0x00, 0x34,
  0xee, 0x00, 0xff, 0xff, 0xe2, 0x05, 0x00, 0xff, 0x00, 0x3d, 0x3b, 0x00,
  0xff, 0xff, 0xee, 0xd0, 0x00, 0xff, 0x00, 0x41, 0x3c, 0x00, 0x8b, 0xff,
  0x00, 0x5b, 0x81, 0x00, 0x8b, 0xff, 0x00, 0x53, 0x66, 0x00, 0xff, 0x00,
  0x21, 0xe3, 0x00, 0xff, 0x00, 0x40, 0x10, 0x00, 0xff, 0x00, 0x37, 0xc3,
  0x00, 0xff, 0x00, 0x07, 0x6c, 0x00, 0xff, 0x00, 0x06, 0x72, 0x00, 0xff,
  0x00, 0x01, 0x2c, 0x00, 0xff, 0x00, 0x0b, 0x3b, 0x00, 0xff, 0xff, 0xfa,
  0x6f, 0x00, 0xff, 0x00, 0x08, 0x34, 0x00, 0x08, 0xff, 0xff, 0x95, 0xd9,
  0x00, 0xff, 0x00, 0x9c, 0x72, 0x00, 0x05, 0xff, 0xff, 0xf9, 0x75, 0x00,
  0xff, 0x00, 0x09, 0xab, 0x00, 0xff, 0xff, 0xf2, 0xd1, 0x00, 0xff, 0x00,
  0x01, 0x13, 0x00, 0xff, 0xff, 0xf7, 0x1d, 0x00, 0xff, 0xff, 0xf8, 0x7b,
  0x00, 0xff, 0xff, 0xe8, 0x90, 0x00, 0xff, 0xff, 0xec, 0x5f, 0x00, 0xff,
  0xff, 0xde, 0x81, 0x00, 0xff, 0xff, 0xf3, 0xe4, 0x00, 0xff, 0xff, 0xe0,
  0x8e, 0x00, 0x8b, 0xff, 0xff, 0xec, 0x2d, 0x00, 0x8b, 0xff, 0xff, 0xed,
  0x59, 0x00, 0xff, 0x00, 0x04, 0xe2, 0x00, 0xff, 0xff, 0xef, 0x66, 0x00,
  0xff, 0x00, 0x08, 0x7f, 0x00, 0x08, 0xff, 0x01, 0x82, 0x9f, 0x00, 0xff,
  0x00, 0x54, 0xdd, 0x00, 0x05, 0xff, 0x00, 0x09, 0x47, 0x00, 0xff, 0x00,
  0x02, 0x0d, 0x00, 0xff, 0x00, 0x06, 0xbd, 0x00, 0xff, 0x00, 0x08, 0x66,
  0x00, 0xff, 0xff, 0xff, 0xb5, 0x00, 0xff, 0x00, 0x09, 0x79, 0x00, 0x08,
  0xff, 0xff, 0xfd, 0xc1, 0x00, 0xff, 0x00, 0x3e, 0xb2, 0x00, 0xff, 0xff,
  0xf1, 0x8c, 0x00, 0xff, 0x00, 0x38, 0x72, 0x00, 0xff, 0xff, 0xe8, 0x5e,
  0x00, 0xff, 0x00, 0x30, 0xed, 0x00, 0x08, 0x13, 0xa4, 0xff, 0xfc, 0xb5,
  0x85, 0x00, 0xff, 0xfe, 0xf5, 0x66, 0x00, 0x15, 0x4a, 0x0a, 0xff, 0x02,
  0x77, 0xbd, 0x00, 0xff, 0x00, 0xdc, 0x82, 0x00, 0x15, 0x4b, 0x0a, 0x13,
  0x14, 0x4c, 0x0a, 0x0e, 0x55, 0xff, 0xfe, 0x3d, 0xf7, 0x00, 0xff, 0x00,
  0x47, 0x89, 0x80, 0xff, 0x00, 0x34, 0x5f, 0x80, 0xff, 0x01, 0x4f, 0xfd,
  0x00, 0x01, 0xff, 0x01, 0xeb, 0x81, 0x00, 0xff, 0x00, 0x25, 0xcb, 0x00,
  0x15, 0xff, 0xff, 0xf9, 0x8e, 0x00, 0xff, 0x00, 0x09, 0x79, 0x00, 0xff,
  0xff, 0xf3, 0x1c, 0x00, 0xff, 0x00, 0x01, 0x13, 0x00, 0xff, 0xff, 0xf7,
  0x36, 0x00, 0xff, 0xff, 0xf8, 0xad, 0x00, 0xff, 0xff, 0xe8, 0xf4, 0x00,
  0xff, 0xff, 0xec, 0xaa, 0x00, 0xff, 0xff, 0xdf, 0x17, 0x00, 0xff, 0xff,
  0xf4, 0x2f, 0x00, 0xff, 0xff, 0xe1, 0x24, 0x00, 0x8b, 0x08, 0xff, 0xff,
  0xbe, 0x47, 0x00, 0xff, 0xff, 0xca, 0xc7, 0x00, 0xff, 0x00, 0x35, 0x39,
  0x00, 0xff, 0x00, 0x41, 0xb9, 0x00, 0xff, 0x00, 0x41, 0xb9, 0x00, 0xff,
  0x00, 0x35, 0x39, 0x00, 0xff, 0x00, 0x35, 0x39, 0x00, 0xff, 0x00, 0x41,
  0xb9, 0x00, 0x1f, 0xff, 0x00, 0x1e, 0xdc, 0x00, 0x8b, 0xff, 0x00, 0x20,
  0xe9, 0x00, 0xff, 0xff, 0xf4, 0x2f, 0x00, 0xff, 0x00, 0x17, 0x0c, 0x00,
  0xff, 0xff, 0xec, 0xaa, 0x00, 0xff, 0x00, 0x08, 0xca, 0x00, 0xff, 0xff,
  0xf8, 0xad, 0x00, 0xff, 0x00, 0x0c, 0xe4, 0x00, 0xff, 0x00, 0x01, 0x13,
  0x00, 0xff, 0x00, 0x06, 0x72, 0x00, 0xff, 0x00, 0x09, 0x79, 0x00, 0x08,
  0xff, 0x00, 0x68, 0x33, 0x00, 0xff, 0x00, 0x99, 0x84, 0x00, 0x05, 0xff,
  0x00, 0x05, 0x78, 0x00, 0xff, 0x00, 0x08, 0x02, 0x00, 0xff, 0xff, 0xfe,
  0xd4, 0x00, 0xff, 0x00, 0x0b, 0x09, 0x00, 0xff, 0xff, 0xf8, 0xad, 0x00,
  0xff, 0x00, 0x06, 0x72, 0x00, 0xff, 0xff, 0xb7, 0xee, 0x00, 0xff, 0x00,
  0x3e, 0xb2, 0x00, 0xff, 0xff, 0x9e, 0xee, 0x00, 0xff, 0x00, 0x22, 0x92,
  0x00, 0xff, 0xff, 0x96, 0xa1, 0x00, 0xff, 0xff, 0xf4, 0x93, 0x00, 0xff,
  0xff, 0x5b, 0x73, 0x00, 0xff, 0xff, 0xee, 0x08, 0x00, 0xff, 0xff, 0x7a,
  0xe5, 0x00, 0xff, 0xff, 0x7b, 0x7b, 0x00, 0xff, 0xff, 0xed, 0xbd, 0x00,
  0xff, 0xff, 0x5b, 0x8c, 0x00, 0xff, 0xff, 0xea, 0x1a, 0x6c, 0xff, 0xff,
  0x3b, 0x04, 0x92, 0xff, 0x00, 0x8a, 0x18, 0x53, 0xff, 0xff, 0x56, 0x9a,
  0x47, 0xff, 0x00, 0xb8, 0x92, 0xf7, 0xff, 0xff, 0xe3, 0x8d, 0x64, 0x08,
  0xff, 0xff, 0xec, 0x8c, 0xca, 0xff, 0xff, 0x9f, 0x35, 0x03, 0x05, 0xff,
  0xff, 0xff, 0x4f, 0x40, 0xff, 0xff, 0xfc, 0x91, 0x00, 0xff, 0x00, 0x02,
  0x42, 0xc0, 0xff, 0xff, 0xfd, 0x35, 0x80, 0xff, 0x00, 0x03, 0x7d, 0x40,
  0xff, 0x00, 0x00, 0x1f, 0x80, 0xff, 0x00, 0x0f, 0xdd, 0xc0, 0xff, 0x00,
  0x00, 0x85, 0x80, 0xff, 0x00, 0x29, 0xd9, 0xc0, 0xff, 0x00, 0x01, 0x59,
  0x40, 0xff, 0x00, 0x18, 0x21, 0xc0, 0x8b, 0xff, 0x00, 0x1e, 0x2c, 0x40,
  0x8b, 0xff, 0x00, 0x08, 0x7d, 0x80, 0xff, 0xff, 0xf6, 0xd5, 0x00, 0xff,
  0xff, 0xfd, 0x8a, 0xc0, 0xff, 0xff, 0xf3, 0xc4, 0x00, 0xff, 0xff, 0xfd,
  0x8a, 0xc0, 0xff, 0xff, 0xf3, 0xc3, 0xc0, 0xff, 0xff, 0xf3, 0x6f, 0x40,
  0xff, 0xff, 0xed, 0x43, 0xc0, 0xff, 0xff, 0xe1, 0x6d, 0xc0, 0x8b, 0xff,
  0xff, 0xd9, 0x26, 0x40, 0x8b, 0xff, 0xff, 0xe4, 0xa3, 0x00, 0xff, 0x00,
  0x06, 0x59, 0x00, 0xff, 0xff, 0xf4, 0x1c, 0x80, 0xff, 0x00, 0x03, 0x67,
  0x40, 0xff, 0xff, 0xfc, 0x7e, 0x40, 0xff, 0x00, 0x01, 0x03, 0x00, 0xff,
  0xff, 0xfb, 0xd2, 0x40, 0xff, 0xff, 0xfd, 0x5d, 0x00, 0xff, 0xff, 0xfe,
  0xf4, 0x40, 0xff, 0xff, 0xfc, 0x2a, 0xc0, 0x08, 0xff, 0xff, 0xee, 0x37,
  0x00, 0xff, 0xff, 0xbe, 0xfe, 0x80, 0x05, 0xff, 0xff, 0xff, 0x13, 0xc0,
  0xff, 0xff, 0xfc, 0xa0, 0x80, 0xff, 0x00, 0x01, 0xf4, 0x00, 0xff, 0xff,
  0xfd, 0x0e, 0x80, 0xff, 0x00, 0x03, 0x5c, 0x40, 0xff, 0xff, 0xff, 0xc9,
  0x00, 0xff, 0x00, 0x11, 0xfe, 0x00, 0xff, 0xff, 0xfe, 0xe5, 0x80, 0xff,
  0x00, 0x34, 0xf5, 0x80, 0xff, 0xff, 0xfc, 0xcf, 0x80, 0xff, 0x00, 0x13,
  0xb7, 0x80, 0x8b, 0xff, 0x00, 0x22, 0x19, 0x00, 0x8b, 0xff, 0x00, 0x5d,
  0xcf, 0xc0, 0xff, 0x00, 0x07, 0x3c, 0x80, 0xff, 0x00, 0x13, 0x26, 0x80,
  0xff, 0x00, 0x5f, 0x4d, 0x40, 0xff, 0x00, 0x15, 0xcf, 0xc0, 0xff, 0x00,
  0x6c, 0x8c, 0x40, 0xff, 0xff, 0x7f, 0x9f, 0x80, 0xff, 0xff, 0xf6, 0x6e,
  0xc0, 0x8b, 0x8b, 0x08, 0xff, 0x00, 0x04, 0x90, 0x74, 0xff, 0x00, 0x15,
  0x49, 0x6f, 0x05, 0xff, 0x00, 0x4a, 0xa4, 0xda, 0xff, 0x00, 0x08, 0x0c,
  0x29, 0xff, 0x00, 0x43, 0xae, 0xa8, 0xff, 0x00, 0x1f, 0x1f, 0x25, 0xff,
  0x00, 0x35, 0xc3, 0xca, 0xff, 0x00, 0x2e, 0xc0, 0x84, 0xff, 0x00, 0x07,
  0x53, 0x00, 0xff, 0x00, 0x06, 0x59, 0x00, 0xff, 0x00, 0x01, 0x13, 0x00,
  0xff, 0x00, 0x0b, 0x09, 0x00, 0xff, 0xff, 0xfa, 0xa1, 0x00, 0xff, 0x00,
  0x08, 0x02, 0x00, 0x08, 0x0e, 0xc9, 0xff, 0xff, 0x1a, 0xb4, 0x00, 0xff,
  0x00, 0xee, 0x93, 0x00, 0xff, 0x01, 0x08, 0xd8, 0x00, 0xff, 0x00, 0xd4,
  0xb2, 0x00, 0x01, 0xff, 0x02, 0xa4, 0x90, 0x00, 0xff, 0x01, 0x21, 0xbf,
  0x00, 0x15, 0x38, 0x0a, 0xff, 0xfe, 0xed, 0x4b, 0x00, 0xff, 0xff, 0xf0,
  0x60, 0x00, 0x15, 0x39, 0x0a, 0xff, 0x00, 0x35, 0x39, 0x00, 0xff, 0x00,
  0xea, 0x47, 0x00, 0x15, 0x48, 0x0a, 0x0e, 0xc9, 0xff, 0xff, 0x1a, 0xb4,
  0x00, 0xff, 0x00, 0xee, 0x93, 0x00, 0xff, 0x01, 0x08, 0xd8, 0x00, 0xff,
  0x00, 0xd4, 0xb2, 0x00, 0x01, 0xff, 0x02, 0xa4, 0x90, 0x00, 0xff, 0x01,
  0x21, 0xbf, 0x00, 0x15, 0x38, 0x0a, 0xff, 0xfe, 0xed, 0x4b, 0x00, 0xff,
  0xff, 0xf0, 0x60, 0x00, 0x15, 0x39, 0x0a, 0xff, 0xff, 0x73, 0xf6, 0x00,
  0xff, 0x00, 0xea, 0x47, 0x00, 0x15, 0x49, 0x0a, 0x0e, 0xc9, 0xff, 0xff,
  0x1a, 0xb4, 0x00, 0xff, 0x00, 0xee, 0x93, 0x00, 0xff, 0x01, 0x08, 0xd8,
  0x00, 0xff, 0x00, 0xd4, 0xb2, 0x00, 0x01, 0xff, 0x01, 0x56, 0x0d, 0x00,
  0xff, 0x03, 0x31, 0xf9, 0x00, 0x15, 0x30, 0x0a, 0xff, 0x01, 0x4e, 0x83,
  0x00, 0xff, 0xfd, 0xef, 0xc6, 0x00, 0x15, 0x38, 0x0a, 0xff, 0xfe, 0xed,
  0x4b, 0x00, 0xff, 0xff, 0xf0, 0x60, 0x00, 0x15, 0x39, 0x0a, 0x0e, 0xc9,
  0xff, 0xff, 0x1a, 0xb4, 0x00, 0xff, 0x00, 0xee, 0x93, 0x00, 0xff, 0x01,
  0x08, 0xd8, 0x00, 0xff, 0x00, 0xd4, 0xb2, 0x00, 0xff, 0x00, 0x3b, 0x92,
  0x00, 0xff, 0x01, 0x0c, 0x8e, 0x00, 0x01, 0xff, 0x00, 0x31, 0xc1, 0x00,
  0xff, 0x01, 0x0c, 0x8e, 0x00, 0xff, 0x00, 0x4a, 0x6a, 0x00, 0xff, 0x01,
  0x0c, 0x8e, 0x00, 0x03, 0xff, 0x00, 0x31, 0xc1, 0x00, 0xff, 0x02, 0xa8,
  0xaa, 0x00, 0x15, 0x42, 0x0a, 0xff, 0x01, 0x56, 0xf8, 0x00, 0x16, 0x42,
  0x0a, 0xff, 0x01, 0x1b, 0xd7, 0x00, 0xff, 0xfe, 0x79, 0x15, 0x00, 0x15,
  0x38, 0x0a, 0xff, 0xfe, 0xed, 0x4b, 0x00, 0xff, 0xff, 0xf0, 0x60, 0x00,
  0x15, 0x39, 0x0a, 0x0e, 0xfc, 0x09, 0xfb, 0x47, 0x76, 0xff, 0x02, 0x9f,
  0x95, 0x00, 0x77, 0x01, 0x8b, 0xff, 0x01, 0x18, 0xc3, 0x00, 0x03, 0xff,
  0x00, 0xa5, 0x14, 0x00, 0xff, 0x01, 0xfc, 0x66, 0x00, 0x15, 0x48, 0x0a,
  0xff, 0x00, 0x0d, 0x57, 0x00, 0xff, 0xfc, 0xd9, 0xa7, 0x00, 0x15, 0x3a,
  0x0a, 0x0e, 0xfc, 0x09, 0xfb, 0x47, 0x76, 0xff, 0x02, 0x9f, 0x95, 0x00,
  0x77, 0x01, 0x8b, 0xff, 0x01, 0x18, 0xc3, 0x00, 0x03, 0xff, 0x00, 0x6f,
  0xd1, 0x00, 0xff, 0x01, 0xfc, 0x66, 0x00, 0x15, 0x49, 0x0a, 0xff, 0x00,
  0xe8, 0x3a, 0x00, 0xff, 0xfc, 0xd9, 0xa7, 0x00, 0x15, 0x3a, 0x0a, 0x0e,
  0xfc, 0x09, 0xfb, 0x47, 0x76, 0xff, 0x02, 0x9f, 0x95, 0x00, 0x77, 0x01,
  0x8b, 0xff, 0x01, 0x18, 0xc3, 0x00, 0x03, 0xff, 0x00, 0x7e, 0x0d, 0x00,
  0xff, 0x03, 0x31, 0xf9, 0x00, 0x15, 0x30, 0x0a, 0xff, 0x00, 0x87, 0x2e,
  0x00, 0xff, 0xfc, 0x06, 0x07, 0x00, 0x15, 0x3a, 0x0a, 0x0e, 0xfc, 0x09,
  0xfb, 0x47, 0x76, 0xff, 0x02, 0x9f, 0x95, 0x00, 0x77, 0xff, 0x00, 0x5e,
  0xce, 0x00, 0xff, 0x01, 0x0c, 0x8e, 0x00, 0x12, 0xff, 0xff, 0x5a, 0xc1,
  0x00, 0xff, 0x01, 0x0c, 0x8e, 0x00, 0xff, 0xff, 0x98, 0xb1, 0x00, 0xff,
  0x01, 0x18, 0xc3, 0x00, 0xff, 0xff, 0x98, 0xf6, 0x00, 0xff, 0x01, 0x0c,
  0x8e, 0x00, 0x13, 0xf0, 0xff, 0xff, 0x5a, 0xc1, 0x00, 0xff, 0x02, 0xa8,
  0xaa, 0x00, 0x15, 0x47, 0x0a, 0x13, 0xe4, 0xff, 0x01, 0x56, 0xf8, 0x00,
  0x16, 0x47, 0x0a, 0xff, 0x00, 0x53, 0x82, 0x00, 0xff, 0xfc, 0x8f, 0x56,
  0x00, 0x15, 0x13, 0xe8, 0x3a, 0x0a, 0x0e, 0x8e, 0xfb, 0x47, 0x76, 0xff,
  0x01, 0xd0, 0x74, 0x00, 0xff, 0x00, 0xed, 0x03, 0x00, 0xff, 0x00, 0x59,
  0x74, 0x00, 0xff, 0x00, 0xad, 0x0c, 0x00, 0xff, 0xff, 0x97, 0x37, 0x00,
  0xff, 0x00, 0xaa, 0x82, 0x00, 0x12, 0x8b, 0xff, 0x01, 0x2a, 0xbb, 0x00,
  0xff, 0x00, 0x5a, 0xa0, 0x00, 0xff, 0x01, 0x0b, 0x62, 0x00, 0x13, 0xcc,
  0xff, 0x02, 0x7d, 0x35, 0x00, 0xfb, 0x5c, 0x15, 0x3b, 0x0a, 0xff, 0xfe,
  0x8c, 0xcf, 0x00, 0xff, 0x03, 0x6f, 0x65, 0x00, 0x15, 0xff, 0x00, 0x61,
  0x44, 0x00, 0xff, 0xff, 0xac, 0x04, 0x00, 0x05, 0xff, 0x00, 0x08, 0x7f,
  0x00, 0xff, 0xff, 0xf8, 0xc6, 0x00, 0xff, 0x00, 0x0c, 0xe4, 0x00, 0xff,
  0x00, 0x01, 0x2c, 0x00, 0xff, 0x00, 0x06, 0xbd, 0x00, 0xff, 0x00, 0x08,
  0xe3, 0x00, 0x08, 0x13, 0xdc, 0xff, 0x00, 0x11, 0x30, 0x00, 0xff, 0x00,
  0x16, 0xa8, 0x00, 0xff, 0x00, 0x21, 0x98, 0x00, 0xff, 0x00, 0x25, 0xfd,
  0x00, 0xff, 0x00, 0x22, 0x15, 0x00, 0x8b, 0x08, 0x13, 0xec, 0x40, 0x0a,
  0x13, 0xdc, 0xff, 0xff, 0xd8, 0x41, 0x00, 0x8b, 0xff, 0xff, 0xcb, 0xa8,
  0x00, 0xff, 0x00, 0x41, 0xb9, 0x00, 0xff, 0xff, 0xb1, 0x4a, 0x00, 0x8b,
  0xff, 0xff, 0x9e, 0x0d, 0x00, 0x8b, 0xff, 0xff, 0xb9, 0xb0, 0x00, 0xff,
  0xff, 0xa6, 0xbe, 0x00, 0xff, 0xff, 0xe7, 0x64, 0x00, 0xff, 0xff, 0xdd,
  0x3c, 0x00, 0xff, 0xff, 0xfa, 0x3d, 0x00, 0xff, 0xff, 0xf7, 0xcc, 0x00,
  0xff, 0x00, 0x01, 0x77, 0x00, 0xff, 0xff, 0xf4, 0xc5, 0x00, 0xff, 0x00,
  0x07, 0x9e, 0x00, 0xff, 0xff, 0xf9, 0x75, 0x00, 0x08, 0x0e, 0xca, 0xff,
  0xff, 0x1a, 0xb4, 0x00, 0xff, 0x01, 0x01, 0xb7, 0x00, 0xff, 0x00, 0xc8,
  0x96, 0x00, 0xff, 0x01, 0x01, 0xd0, 0x00, 0x01, 0x8b, 0xff, 0x01, 0x01,
  0xb7, 0x00, 0xff, 0x00, 0xc8, 0x96, 0x00, 0xff, 0x01, 0x01, 0xb7, 0x00,
  0x03, 0xff, 0x01, 0xc7, 0x14, 0x00, 0xff, 0x01, 0xfc, 0x66, 0x00, 0x15,
  0x48, 0x0a, 0xff, 0xff, 0x4c, 0x1e, 0x00, 0xff, 0xff, 0x88, 0x78, 0x00,
  0x15, 0x3c, 0x0a, 0xff, 0xfe, 0x35, 0x9a, 0x00, 0x04, 0x37, 0x0a, 0x0e,
  0xca, 0xff, 0xff, 0x1a, 0xb4, 0x00, 0xff, 0x01, 0x01, 0xb7, 0x00, 0xff,
  0x00, 0xc8, 0x96, 0x00, 0xff, 0x01, 0x01, 0xd0, 0x00, 0x01, 0x8b, 0xff,
  0x01, 0x01, 0xb7, 0x00, 0xff, 0x00, 0xc8, 0x96, 0x00, 0xff, 0x01, 0x01,
  0xb7, 0x00, 0x03, 0xff, 0x01, 0x05, 0xd1, 0x00, 0xff, 0x01, 0xfc, 0x66,
  0x00, 0x15, 0x49, 0x0a, 0xff, 0x00, 0xb3, 0x01, 0x00, 0xff, 0xff, 0x88,
  0x78, 0x00, 0x15, 0x3c, 0x0a, 0xff, 0xfe, 0x35, 0x9a, 0x00, 0x04, 0x37,
  0x0a, 0x0e, 0xca, 0xff, 0xff, 0x1a, 0xb4, 0x00, 0xff, 0x01, 0x01, 0xb7,
  0x00, 0xff, 0x00, 0xc8, 0x96, 0x00, 0xff, 0x01, 0x01, 0xd0, 0x00, 0x01,
  0x8b, 0xff, 0x01, 0x01, 0xb7, 0x00, 0xff, 0x00, 0xc8, 0x96, 0x00, 0xff,
  0x01, 0x01, 0xb7, 0x00, 0x03, 0xff, 0x01, 0x5a, 0x0d, 0x00, 0xff, 0x03,
  0x31, 0xf9, 0x00, 0x15, 0x30, 0x0a, 0xff, 0x00, 0x0b, 0xf5, 0x00, 0xff,
  0xfe, 0xb4, 0xd8, 0x00, 0x15, 0x3c, 0x0a, 0xff, 0xfe, 0x35, 0x9a, 0x00,
  0x04, 0x37, 0x0a, 0x0e, 0xca, 0xff, 0xff, 0x1a, 0xb4, 0x00, 0xff, 0x01,
  0x01, 0xb7, 0x00, 0xff, 0x00, 0xc8, 0x96, 0x00, 0xff, 0x01, 0x01, 0xd0,
  0x00, 0xff, 0x00, 0x68, 0x1a, 0x00, 0xff, 0x00, 0xad, 0x0c, 0x00, 0xff,
  0xff, 0x97, 0x37, 0x00, 0xff, 0x00, 0xaa, 0x82, 0x00, 0x12, 0x8b, 0xff,
  0x01, 0x01, 0xb7, 0x00, 0xff, 0x00, 0xc8, 0x96, 0x00, 0xff, 0x01, 0x01,
  0xb7, 0x00, 0x13, 0xdc, 0xff, 0x00, 0x47, 0xea, 0x00, 0xff, 0x02, 0xa7,
  0xb0, 0x00, 0x15, 0x3f, 0x0a, 0x13, 0xec, 0x40, 0x0a, 0x13, 0xdc, 0x41,
  0x0a, 0xff, 0x01, 0x1e, 0x18, 0x00, 0xff, 0xff, 0x3f, 0x21, 0x00, 0x15,
  0x3c, 0x0a, 0xff, 0xfe, 0x35, 0x9a, 0x00, 0x04, 0x37, 0x0a, 0x0e, 0xca,
  0xff, 0xff, 0x1a, 0xb4, 0x00, 0xff, 0x01, 0x01, 0xb7, 0x00, 0xff, 0x00,
  0xc8, 0x96, 0x00, 0xff, 0x01, 0x01, 0xd0, 0x00, 0xff, 0x00, 0x3b, 0x92,
  0x00, 0xff, 0x01, 0x0c, 0x8e, 0x00, 0x12, 0x8b, 0xff, 0x01, 0x01, 0xb7,
  0x00, 0xff, 0xff, 0x31, 0x0a, 0x00, 0xff, 0x01, 0x0c, 0x8e, 0x00, 0xff,
  0x00, 0x4a, 0x6a, 0x00, 0xff, 0x01, 0x0c, 0x8e, 0x00, 0xff, 0xff, 0x34,
  0x06, 0x00, 0xff, 0x01, 0x01, 0xb7, 0x00, 0x13, 0xe8, 0xff, 0x00, 0x32,
  0xc1, 0x00, 0xff, 0x02, 0xa8, 0xaa, 0x00, 0x15, 0x47, 0x0a, 0x13, 0xe4,
  0xff, 0x01, 0x56, 0xf8, 0x00, 0x16, 0x47, 0x0a, 0xff, 0xff, 0xdc, 0x49,
  0x00, 0xff, 0xff, 0x3e, 0x27, 0x00, 0x15, 0x13, 0xf2, 0x3c, 0x0a, 0xff,
  0xfe, 0x35, 0x9a, 0x00, 0x04, 0x37, 0x0a, 0x0e, 0xf3, 0xff, 0xff, 0x79,
  0xa5, 0x00, 0xff, 0x01, 0x1b, 0x66, 0x00, 0xff, 0x00, 0x1f, 0x85, 0x00,
  0xff, 0x00, 0xeb, 0x73, 0x00, 0xff, 0x00, 0x1b, 0xa4, 0x00, 0xff, 0x01,
  0x1b, 0x66, 0x00, 0x01, 0xf7, 0x8d, 0xff, 0x01, 0x1b, 0x66, 0x00, 0x03,
  0xf7, 0x8d, 0xff, 0x00, 0x07, 0x58, 0x00, 0x15, 0x25, 0x0a, 0xff, 0x02,
  0x42, 0x02, 0x00, 0x04, 0x25, 0x0a, 0xff, 0xff, 0x65, 0x3d, 0x00, 0xff,
  0xfe, 0x6b, 0x36, 0x00, 0x15, 0x26, 0x0a, 0x0e, 0xca, 0xff, 0xff, 0x1a,
  0xb4, 0x00, 0xff, 0x01, 0x01, 0xb7, 0x00, 0xff, 0x00, 0xc8, 0x96, 0x00,
  0xff, 0x01, 0x01, 0xd0, 0x00, 0x01, 0x8b, 0xff, 0x01, 0x01, 0xb7, 0x00,
  0xff, 0x00, 0xc8, 0x96, 0x00, 0xff, 0x01, 0x01, 0xb7, 0x00, 0x03, 0xff,
  0x01, 0x66, 0x02, 0x00, 0xff, 0x01, 0xe6, 0xd1, 0x00, 0x15, 0x3c, 0x0a,
  0xff, 0xfe, 0x35, 0x9a, 0x00, 0x04, 0x37, 0x0a, 0x0e, 0x7d, 0xff, 0xff,
  0x1a, 0xb4, 0x00, 0xff, 0x00, 0xec, 0x9f, 0x00, 0xff, 0x01, 0xcf, 0xc5,
  0x00, 0x77, 0x01, 0x8b, 0xff, 0x01, 0x0b, 0x17, 0x00, 0xff, 0x00, 0x5a,
  0x6e, 0x00, 0xff, 0x01, 0x1a, 0x53, 0x00, 0x03, 0xff, 0x01, 0xc7, 0x14,
  0x00, 0xff, 0x01, 0xfc, 0x66, 0x00, 0x15, 0x48, 0x0a, 0xff, 0xfd, 0xf9,
  0x8b, 0x00, 0xff, 0xff, 0x78, 0xbf, 0x00, 0x15, 0x3d, 0x0a, 0x0e, 0x7d,
  0xff, 0xff, 0x1a, 0xb4, 0x00, 0xff, 0x00, 0xec, 0x9f, 0x00, 0xff, 0x01,
  0xcf, 0xc5, 0x00, 0x77, 0x01, 0x8b, 0xff, 0x01, 0x0b, 0x17, 0x00, 0xff,
  0x00, 0x5a, 0x6e, 0x00, 0xff, 0x01, 0x1a, 0x53, 0x00, 0x03, 0xff, 0x01,
  0x05, 0xd1, 0x00, 0xff, 0x01, 0xfc, 0x66, 0x00, 0x15, 0x49, 0x0a, 0xff,
  0xff, 0x60, 0x6e, 0x00, 0xff, 0xff, 0x78, 0xbf, 0x00, 0x15, 0x3d, 0x0a,
  0x0e, 0x7d, 0xff, 0xff, 0x1a, 0xb4, 0x00, 0xff, 0x00, 0xec, 0x9f, 0x00,
  0xff, 0x01, 0xcf, 0xc5, 0x00, 0x77, 0x01, 0x8b, 0xff, 0x01, 0x0b, 0x17,
  0x00, 0xff, 0x00, 0x5a, 0x6e, 0x00, 0xff, 0x01, 0x1a, 0x53, 0x00, 0x03,
  0xff, 0x01, 0x30, 0x0d, 0x00, 0xff, 0x03, 0x31, 0xf9, 0x00, 0x15, 0x30,
  0x0a, 0xff, 0xfe, 0xe3, 0x62, 0x00, 0xff, 0xfe, 0xa5, 0x1f, 0x00, 0x15,
  0x3d, 0x0a, 0x0e, 0x7d, 0xff, 0xff, 0x1a, 0xb4, 0x00, 0xff, 0x00, 0xec,
  0x9f, 0x00, 0xff, 0x01, 0xcf, 0xc5, 0x00, 0x77, 0xff, 0x00, 0x5f, 0x4b,
  0x00, 0xff, 0x01, 0x0c, 0x8e, 0x00, 0x12, 0x8b, 0xff, 0x01, 0x0b, 0x17,
  0x00, 0xff, 0xff, 0x03, 0x12, 0x00, 0xff, 0x01, 0x0c, 0x8e, 0x00, 0xff,
  0x00, 0x4a, 0x6a, 0x00, 0xff, 0x01, 0x0c, 0x8e, 0x00, 0xff, 0xfe, 0xf3,
  0xd6, 0x00, 0xff, 0x01, 0x1a, 0x53, 0x00, 0x13, 0xe8, 0xff, 0x00, 0x0e,
  0x29, 0x00, 0xff, 0x02, 0xa8, 0xaa, 0x00, 0x15, 0x47, 0x0a, 0x13, 0xe4,
  0xff, 0x01, 0x56, 0xf8, 0x00, 0x16, 0x47, 0x0a, 0xff, 0xfe, 0xae, 0x4e,
  0x00, 0xff, 0xff, 0x2e, 0x6e, 0x00, 0x15, 0x13, 0xf2, 0x3d, 0x0a, 0x0e,
  0xf7, 0x10, 0xff, 0x01, 0xd7, 0xc7, 0x00, 0x77, 0x01, 0xff, 0x00, 0x00,
  0x19, 0x00, 0xff, 0x01, 0x22, 0x55, 0x00, 0xff, 0x00, 0xc4, 0xc7, 0x00,
  0xff, 0x01, 0x22, 0x55, 0x00, 0x03, 0xff, 0x01, 0x55, 0xd1, 0x00, 0xff,
  0x01, 0xfc, 0x66, 0x00, 0x15, 0x49, 0x0a, 0xff, 0x00, 0x81, 0xc4, 0x00,
  0xff, 0xfd, 0xed, 0xec, 0x00, 0x15, 0x3e, 0x0a, 0x0e, 0xf7, 0x10, 0xff,
  0x01, 0xd7, 0xc7, 0x00, 0x77, 0xff, 0x00, 0x5e, 0x9c, 0x00, 0xff, 0x01,
  0x0c, 0x8e, 0x00, 0x12, 0xff, 0x00, 0x00, 0x19, 0x00, 0xff, 0x01, 0x22,
  0x55, 0x00, 0xff, 0xff, 0x2f, 0x53, 0x00, 0xff, 0x01, 0x0c, 0x8e, 0x00,
  0xff, 0x00, 0x4a, 0x6a, 0x00, 0xff, 0x01, 0x0c, 0x8e, 0x00, 0xff, 0xff,
  0x31, 0xee, 0x00, 0xff, 0x01, 0x22, 0x55, 0x00, 0x13, 0xd0, 0xff, 0x00,
  0x51, 0xc1, 0x00, 0xff, 0x02, 0xa8, 0xaa, 0x00, 0x15, 0x47, 0x0a, 0x13,
  0xc8, 0xff, 0x01, 0x56, 0xf8, 0x00, 0x16, 0x47, 0x0a, 0xff, 0xff, 0xdc,
  0x0c, 0x00, 0xff, 0xfd, 0xa3, 0x9b, 0x00, 0x15, 0x13, 0xe4, 0x3e, 0x0a,
  0x0e, 0xf8, 0xf6, 0xff, 0xff, 0x1a, 0xb4, 0x00, 0xff, 0x01, 0x1b, 0x1b,
  0x00, 0xff, 0xff, 0x02, 0x31, 0x00, 0xff, 0x00, 0xee, 0x93, 0x00, 0xff,
  0x00, 0x8e, 0x30, 0x00, 0xff, 0x00, 0xee, 0x93, 0x00, 0xff, 0x00, 0x70,
  0x67, 0x00, 0xff, 0x01, 0x1b, 0x34, 0x00, 0xff, 0xff, 0x02, 0x95, 0x00,
  0xff, 0x00, 0xee, 0x7a, 0x00, 0x12, 0x8b, 0xff, 0x01, 0x1f, 0x35, 0x00,
  0xff, 0x01, 0x53, 0x74, 0x00, 0xff, 0x01, 0x18, 0xaa, 0x00, 0x13, 0x2e,
  0xff, 0x03, 0x8b, 0x53, 0x00, 0xff, 0x00, 0x26, 0x7a, 0x00, 0x15, 0xff,
  0x00, 0x8e, 0x49, 0x00, 0xff, 0x01, 0x19, 0xef, 0x00, 0x07, 0xff, 0x00,
  0x0a, 0xbe, 0x00, 0xff, 0x00, 0x08, 0xca, 0x00, 0xff, 0x00, 0x08, 0xb1,
  0x00, 0xff, 0x00, 0x0a, 0xd7, 0x00, 0x1f, 0xff, 0x00, 0xc7, 0x83, 0x00,
  0x07, 0xff, 0x00, 0x0a, 0xbe, 0x00, 0xff, 0xff, 0xf7, 0x4f, 0x00, 0xff,
  0x00, 0x08, 0xca, 0x00, 0xff, 0xff, 0xf5, 0x29, 0x00, 0x1e, 0xff, 0xfe,
  0xe6, 0x11, 0x00, 0xff, 0x00, 0x8e, 0x30, 0x00, 0xff, 0x01, 0x46, 0x77,
  0x00, 0x06, 0xff, 0x00, 0x0a, 0xbe, 0x00, 0xff, 0x00, 0x08, 0xca, 0x00,
  0xff, 0x00, 0x08, 0xb1, 0x00, 0xff, 0x00, 0x0a, 0xd7, 0x00, 0x1f, 0xff,
  0x00, 0xc7, 0x6a, 0x00, 0x07, 0xff, 0x00, 0x0a, 0xbe, 0x00, 0xff, 0xff,
  0xf7, 0x4f, 0x00, 0xff, 0x00, 0x08, 0xca, 0x00, 0xff, 0xff, 0xf5, 0x29,
  0x00, 0x1e, 0xff, 0xfd, 0xbd, 0xe0, 0x00, 0x06, 0x13, 0xb6, 0xff, 0xff,
  0xd7, 0x92, 0x00, 0xff, 0x00, 0x09, 0xc4, 0x00, 0xff, 0xff, 0xd5, 0xd0,
  0x00, 0xff, 0x00, 0x05, 0x2d, 0x00, 0xff, 0xff, 0xd4, 0x8b, 0x00, 0x8b,
  0x08, 0xff, 0xfe, 0xdb, 0x85, 0x00, 0xff, 0xff, 0x12, 0xe4, 0x00, 0xff,
  0xff, 0x16, 0x36, 0x00, 0xff, 0xfe, 0xdf, 0x9f, 0x00, 0xff, 0xfe, 0xdf,
  0x9f, 0x00, 0xff, 0x00, 0xed, 0x1c, 0x00, 0xff, 0xff, 0x16, 0x4f, 0x00,
  0xff, 0x01, 0x24, 0x7b, 0x00, 0x1f, 0x13, 0x6e, 0xff, 0x00, 0x3d, 0x6d,
  0x00, 0x8b, 0xff, 0x00, 0x3b, 0x15, 0x00, 0xff, 0x00, 0x0a, 0x5a, 0x00,
  0xff, 0x00, 0x36, 0xe2, 0x00, 0xff, 0x00, 0x12, 0xf2, 0x00, 0x08, 0xff,
  0x02, 0x10, 0xcf, 0x00, 0x06, 0xff, 0x00, 0x0a, 0xbe, 0x00, 0xff, 0x00,
  0x08, 0xca, 0x00, 0xff, 0x00, 0x08, 0xb1, 0x00, 0xff, 0x00, 0x0a, 0xd7,
  0x00, 0x1f, 0xff, 0x00, 0xc7, 0x83, 0x00, 0x07, 0xff, 0x00, 0x0a, 0xbe,
  0x00, 0xff, 0xff, 0xf7, 0x4f, 0x00, 0xff, 0x00, 0x08, 0xca, 0x00, 0xff,
  0xff, 0xf5, 0x29, 0x00, 0x1e, 0xff, 0xfe, 0xb9, 0x89, 0x00, 0x06, 0xff,
  0xfd, 0x93, 0xe2, 0x00, 0xff, 0x00, 0xfe, 0x33, 0x00, 0x15, 0x13, 0xb6,
  0xff, 0x00, 0x84, 0x08, 0x00, 0xff, 0x00, 0x6c, 0x7f, 0x00, 0xff, 0x00,
  0x6a, 0xef, 0x00, 0xff, 0x00, 0x85, 0xe3, 0x00, 0x1e, 0xff, 0x00, 0x22,
  0x79, 0x00, 0x8b, 0xff, 0x00, 0x20, 0xd0, 0x00, 0xff, 0xff, 0xf8, 0xdf,
  0x00, 0xff, 0x00, 0x1d, 0xc9, 0x00, 0xff, 0xff, 0xf3, 0x35, 0x00, 0x08,
  0xff, 0xfe, 0x49, 0xea, 0x00, 0x07, 0xff, 0xff, 0xe2, 0x50, 0x00, 0xff,
  0xff, 0xf3, 0x35, 0x00, 0xff, 0xff, 0xdf, 0x30, 0x00, 0xff, 0xff, 0xf8,
  0xdf, 0x00, 0xff, 0xff, 0xdd, 0x6e, 0x00, 0x8b, 0x08, 0xff, 0xff, 0x7a,
  0x1d, 0x00, 0xff, 0xff, 0x93, 0x81, 0x00, 0xff, 0x00, 0x6b, 0x08, 0x00,
  0xff, 0x00, 0x83, 0xef, 0x00, 0x1f, 0x0e, 0xf8, 0xd1, 0xff, 0xff, 0x1a,
  0xb4, 0x00, 0xff, 0x01, 0x07, 0x16, 0x00, 0xff, 0xfe, 0xf8, 0xea, 0x00,
  0xff, 0x00, 0xf3, 0x75, 0x00, 0xff, 0x00, 0xe0, 0x51, 0x00, 0xff, 0x01,
  0x07, 0x16, 0x00, 0xff, 0xff, 0x27, 0x02, 0x00, 0xff, 0x00, 0xd8, 0xfe,
  0x00, 0x12, 0x8b, 0xff, 0x01, 0x07, 0x16, 0x00, 0xff, 0x00, 0xcc, 0xb0,
  0x00, 0xff, 0x01, 0x2f, 0xcf, 0x00, 0x13, 0x1c, 0xff, 0x04, 0x98, 0xa9,
  0x00, 0xff, 0x01, 0x2c, 0x64, 0x00, 0x15, 0xff, 0xff, 0xc3, 0x10, 0x00,
  0xff, 0x00, 0x7d, 0xc8, 0x00, 0xff, 0xff, 0x84, 0x90, 0x00, 0xff, 0x00,
  0x4b, 0x64, 0x00, 0xff, 0xff, 0x72, 0x7f, 0x00, 0x8b, 0xff, 0xff, 0xa2,
  0xd6, 0x00, 0x8b, 0xff, 0xff, 0xab, 0x23, 0x00, 0xff, 0xff, 0xdd, 0x0a,
  0x00, 0xff, 0xff, 0xbf, 0xa5, 0x00, 0xff, 0xff, 0xc6, 0x7b, 0x00, 0x08,
  0x13, 0xac, 0xff, 0xff, 0xbf, 0x73, 0x00, 0xff, 0x00, 0x39, 0x85, 0x00,
  0xff, 0xff, 0xaa, 0xd8, 0x00, 0xff, 0x00, 0x22, 0xf6, 0x00, 0xff, 0xff,
  0xa2, 0xbd, 0x00, 0x8b, 0xff, 0xff, 0x36, 0x25, 0x00, 0xff, 0xff, 0xff,
  0xe7, 0x00, 0xff, 0xff, 0x5c, 0x6d, 0x00, 0xff, 0xff, 0x5c, 0x6d, 0x00,
  0x8b, 0xff, 0xff, 0x36, 0x3e, 0x00, 0x8b, 0xff, 0xff, 0x36, 0x25, 0x00,
  0xff, 0x00, 0xa3, 0x93, 0x00, 0xff, 0xff, 0x5c, 0x6d, 0x00, 0xff, 0x00,
  0xc9, 0xdb, 0x00, 0x8b, 0xff, 0x00, 0x5d, 0x43, 0x00, 0x8b, 0xff, 0x00,
  0x55, 0x0f, 0x00, 0xff, 0x00, 0x22, 0xdd, 0x00, 0xff, 0x00, 0x40, 0x8d,
  0x00, 0xff, 0x00, 0x39, 0x85, 0x00, 0x08, 0x13, 0x5c, 0xff, 0x00, 0x40,
  0x74, 0x00, 0xff, 0xff, 0xc6, 0x94, 0x00, 0xff, 0x00, 0x54, 0xf6, 0x00,
  0xff, 0xff, 0xdd, 0x0a, 0x00, 0xff, 0x00, 0x5d, 0x11, 0x00, 0x8b, 0xff,
  0x00, 0x5b, 0x81, 0x00, 0x8b, 0xff, 0x00, 0x53, 0x66, 0x00, 0xff, 0x00,
  0x21, 0xe3, 0x00, 0xff, 0x00, 0x40, 0x10, 0x00, 0xff, 0x00, 0x37, 0xc3,
  0x00, 0xff, 0x00, 0x07, 0x6c, 0x00, 0xff, 0x00, 0x06, 0x72, 0x00, 0xff,
  0x00, 0x01, 0x2c, 0x00, 0xff, 0x00, 0x0b, 0x3b, 0x00, 0xff, 0xff, 0xfa,
  0x6f, 0x00, 0xff, 0x00, 0x08, 0x34, 0x00, 0x08, 0xff, 0xff, 0x95, 0xd9,
  0x00, 0xff, 0x00, 0x9c, 0x72, 0x00, 0x05, 0xff, 0xff, 0xf9, 0x75, 0x00,
  0xff, 0x00, 0x09, 0xab, 0x00, 0xff, 0xff, 0xf2, 0xd1, 0x00, 0xff, 0x00,
  0x01, 0x13, 0x00, 0xff, 0xff, 0xf7, 0x1d, 0x00, 0xff, 0xff, 0xf8, 0x7b,
  0x00, 0xff, 0xff, 0xe8, 0x90, 0x00, 0xff, 0xff, 0xec, 0x5f, 0x00, 0xff,
  0xff, 0xde, 0x81, 0x00, 0xff, 0xff, 0xf3, 0xe4, 0x00, 0xff, 0xff, 0xe0,
  0x8e, 0x00, 0x8b, 0xff, 0xff, 0xec, 0x2d, 0x00, 0x8b, 0xff, 0xff, 0xed,
  0x59, 0x00, 0xff, 0x00, 0x04, 0xe2, 0x00, 0xff, 0xff, 0xef, 0x66, 0x00,
  0xff, 0x00, 0x08, 0x7f, 0x00, 0x08, 0xff, 0x01, 0x82, 0x9f, 0x00, 0xff,
  0x00, 0x54, 0xdd, 0x00, 0x05, 0xff, 0x00, 0x09, 0x47, 0x00, 0xff, 0x00,
  0x02, 0x0d, 0x00, 0xff, 0x00, 0x06, 0xbd, 0x00, 0xff, 0x00, 0x08, 0x66,
  0x00, 0xff, 0xff, 0xff, 0xb5, 0x00, 0xff, 0x00, 0x09, 0x79, 0x00, 0x08,
  0xff, 0xff, 0xfd, 0xda, 0x00, 0xff, 0x00, 0x3e, 0xb2, 0x00, 0xff, 0xff,
  0xf1, 0x8c, 0x00, 0xff, 0x00, 0x38, 0x72, 0x00, 0xff, 0xff, 0xe8, 0x5e,
  0x00, 0xff, 0x00, 0x30, 0xed, 0x00, 0x08, 0x13, 0xac, 0xff, 0xfc, 0xd4,
  0xc5, 0x00, 0xff, 0xfe, 0xf5, 0x66, 0x00, 0x15, 0x4a, 0x0a, 0xff, 0x02,
  0x58, 0x7d, 0x00, 0xff, 0x00, 0xdc, 0x82, 0x00, 0x15, 0x4b, 0x0a, 0x13,
  0x1c, 0x4c, 0x0a, 0x0e, 0x34, 0xf8, 0xba, 0xf7, 0x8e, 0xff, 0xff, 0xc4,
  0x74, 0x40, 0xff, 0x00, 0x3b, 0x8b, 0xc0, 0x12, 0xd6, 0xff, 0x00, 0xbd,
  0xac, 0x40, 0xff, 0xff, 0x7e, 0x11, 0x80, 0xff, 0x00, 0x46, 0x30, 0xc0,
  0xff, 0x00, 0x42, 0x91, 0x80, 0xff, 0x00, 0x46, 0x30, 0xc0, 0xff, 0x00,
  0x12, 0x8e, 0x00, 0xff, 0x00, 0x48, 0x9b, 0x80, 0xff, 0x00, 0x12, 0x8e,
  0x00, 0xff, 0x00, 0x46, 0x30, 0xc0, 0x13, 0x8e, 0xff, 0x01, 0xc1, 0xf7,
  0x80, 0xff, 0x03, 0x1e, 0xa8, 0x40, 0x15, 0xff, 0xff, 0xe9, 0x19, 0x80,
  0xff, 0xff, 0xe9, 0x32, 0x80, 0xff, 0xff, 0xe1, 0x75, 0x40, 0xff, 0xff,
  0xac, 0x0a, 0x40, 0x8b, 0x8b, 0x8b, 0x8b, 0xff, 0xff, 0xe1, 0x75, 0x40,
  0xff, 0x00, 0x53, 0xf5, 0xc0, 0xff, 0xff, 0xe9, 0x19, 0x80, 0xff, 0x00,
  0x16, 0xcd, 0x80, 0xff, 0xff, 0xff, 0x18, 0xc0, 0xff, 0x00, 0x00, 0xe1,
  0x00, 0xff, 0xff, 0xfe, 0xc7, 0x80, 0xff, 0x00, 0x00, 0x76, 0xc0, 0xff,
  0xff, 0xfe, 0xc1, 0x40, 0x8b, 0x08, 0xff, 0xff, 0xc0, 0xab, 0x80, 0x06,
  0xff, 0xff, 0xfd, 0x4a, 0x40, 0xff, 0xff, 0xfd, 0xd3, 0xc0, 0xff, 0xff,
  0xfd, 0xd3, 0xc0, 0xff, 0xff, 0xfd, 0x4a, 0x40, 0x1f, 0xff, 0xff, 0x0f,
  0xc4, 0x00, 0x07, 0xff, 0xff, 0xfd, 0x50, 0x80, 0xff, 0x00, 0x02, 0x2c,
  0x40, 0xff, 0xff, 0xfd, 0xcd, 0x80, 0xff, 0x00, 0x02, 0xb5, 0xc0, 0x1e,
  0xff, 0x00, 0x3c, 0x6c, 0xc0, 0x06, 0xff, 0x00, 0x02, 0xaf, 0x80, 0xff,
  0x00, 0x02, 0x32, 0x80, 0xff, 0x00, 0x02, 0x2c, 0x40, 0xff, 0x00, 0x02,
  0xb5, 0xc0, 0x1f, 0x8b, 0xff, 0x00, 0x79, 0x7c, 0x00, 0xff, 0x00, 0x12,
  0x8e, 0x00, 0xff, 0xff, 0xb1, 0xa1, 0x80, 0x05, 0xff, 0x00, 0x00, 0x83,
  0x40, 0xff, 0xff, 0xfd, 0xcd, 0x80, 0xff, 0x00, 0x01, 0xfa, 0x40, 0xff,
  0xff, 0xfe, 0x70, 0x00, 0xff, 0x00, 0x02, 0x3f, 0x00, 0x8b, 0x08, 0xff,
  0x00, 0x3f, 0x22, 0x80, 0x06, 0xff, 0x00, 0x02, 0x3f, 0x00, 0x8b, 0xff,
  0x00, 0x01, 0xfa, 0x40, 0xff, 0x00, 0x01, 0x90, 0x00, 0xff, 0x00, 0x00,
  0x83, 0x40, 0xff, 0x00, 0x02, 0x32, 0x80, 0x08, 0xff, 0x00, 0x12, 0x8e,
  0x00, 0xff, 0x00, 0x4e, 0x5e, 0x80, 0x8b, 0xff, 0xff, 0x86, 0x84, 0x00,
  0x05, 0xff, 0xff, 0xfd, 0x50, 0x80, 0xff, 0x00, 0x02, 0x2c, 0x40, 0xff,
  0xff, 0xfd, 0xcd, 0x80, 0xff, 0x00, 0x02, 0xb5, 0xc0, 0x1e, 0xff, 0x00,
  0x3c, 0x6c, 0xc0, 0x06, 0xff, 0x00, 0x02, 0xaf, 0x80, 0xff, 0x00, 0x02,
  0x32, 0x80, 0xff, 0x00, 0x02, 0x2c, 0x40, 0xff, 0x00, 0x02, 0xb5, 0xc0,
  0x1f, 0xff, 0x00, 0xf0, 0x3c, 0x00, 0x07, 0xff, 0x00, 0x02, 0xaf, 0x80,
  0xff, 0xff, 0xfd, 0xd3, 0xc0, 0xff, 0x00, 0x02, 0x32, 0x80, 0xff, 0xff,
  0xfd, 0x4a, 0x40, 0x1e, 0xff, 0xff, 0xc0, 0x9f, 0x00, 0x06, 0xff, 0xff,
  0xfe, 0xc1, 0x40, 0x8b, 0xff, 0xff, 0xfe, 0xc1, 0x40, 0xff, 0xff, 0xff,
  0x8f, 0x80, 0xff, 0xff, 0xff, 0x1f, 0x00, 0xff, 0xff, 0xff, 0x18, 0xc0,
  0x08, 0x13, 0x6e, 0xff, 0xff, 0x46, 0xb4, 0xc0, 0xff, 0xff, 0xfc, 0x75,
  0xc0, 0x15, 0xff, 0x00, 0x02, 0xb5, 0xc0, 0xff, 0xff, 0xfd, 0xcd, 0x80,
  0xff, 0x00, 0x02, 0x2c, 0x40, 0xff, 0xff, 0xfd, 0x56, 0xc0, 0x1e, 0xff,
  0xff, 0x4c, 0x11, 0x80, 0x06, 0xff, 0xff, 0xfd, 0x4a, 0x40, 0xff, 0xff,
  0xfd, 0xd3, 0xc0, 0xff, 0xff, 0xfd, 0xd3, 0xc0, 0xff, 0xff, 0xfd, 0x4a,
  0x40, 0x1f, 0xff, 0xff, 0xce, 0x38, 0x40, 0x07, 0xff, 0xff, 0xfd, 0x4a,
  0x40, 0xff, 0x00, 0x02, 0x32, 0x80, 0xff, 0xff, 0xfd, 0xd3, 0xc0, 0xff,
  0x00, 0x02, 0xaf, 0x80, 0x1e, 0x13, 0x5e, 0xff, 0x00, 0x36, 0xdb, 0xc0,
  0xff, 0xff, 0x46, 0x6d, 0xc0, 0x06, 0x13, 0x9e, 0xff, 0xff, 0xfd, 0x4a,
  0x40, 0xff, 0x00, 0x02, 0x32, 0x80, 0xff, 0xff, 0xfd, 0xd3, 0xc0, 0xff,
  0x00, 0x02, 0xaf, 0x80, 0x1e, 0xff, 0x00, 0x3c, 0x6c, 0xc0, 0x06, 0xff,
  0x00, 0x02, 0xb5, 0xc0, 0xff, 0x00, 0x02, 0x2c, 0x40, 0xff, 0x00, 0x02,
  0x32, 0x80, 0xff, 0x00, 0x02, 0xaf, 0x80, 0x1f, 0xff, 0x00, 0xb9, 0x8c,
  0x00, 0xff, 0x00, 0x36, 0xdb, 0xc0, 0x07, 0x13, 0x6e, 0xff, 0x00, 0x02,
  0xb5, 0xc0, 0xff, 0x00, 0x02, 0x2c, 0x40, 0xff, 0x00, 0x02, 0x32, 0x80,
  0xff, 0x00, 0x02, 0xaf, 0x80, 0x1f, 0x0e, 0xf9, 0x9b, 0x14, 0xf9, 0x3f,
  0x15, 0xfb, 0x79, 0xa8, 0xf9, 0x34, 0x9a, 0xf7, 0xcd, 0x9a, 0x06, 0xfc,
  0xc6, 0x9f, 0x07, 0x1e, 0x0a, 0x03, 0x33, 0x33, 0x3f, 0x0c, 0x09, 0x8b,
  0x0c, 0x0a, 0xf7, 0x82, 0x0a, 0xf7, 0x7a, 0x93, 0x9a, 0x9a, 0x9a, 0x0c,
  0x0c, 0xf7, 0xac, 0x0b, 0xf7, 0xa0, 0x97, 0x92, 0x0c, 0x0d, 0x8c, 0x0c,
  0x0e, 0x1c, 0x00, 0x3a, 0x13, 0x00, 0x2d, 0x02, 0x00, 0x01, 0x00, 0xab,
  0x00, 0xfd, 0x01, 0x4f, 0x01, 0xed, 0x02, 0xc1, 0x03, 0x13, 0x03, 0x95,
  0x04, 0xb7, 0x04, 0xcd, 0x05, 0xba, 0x06, 0x27, 0x07, 0x22, 0x07, 0x74,
  0x07, 0xc6, 0x08, 0x9c, 0x09, 0xa0, 0x0a, 0x7d, 0x0b, 0x17, 0x0b, 0x1e,
  0x0b, 0xb6, 0x0b, 0xcc, 0x0b, 0xe2, 0x0c, 0x20, 0x0c, 0x72, 0x0d, 0xd5,
  0x0e, 0x53, 0x0e, 0xc0, 0x0f, 0xd3, 0x10, 0x2c, 0x11, 0x44, 0x12, 0x79,
  0x12, 0xbe, 0x13, 0x52, 0x13, 0xa3, 0x13, 0xf5, 0x14, 0x47, 0x14, 0xe1,
  0x15, 0x33, 0x16, 0x25, 0x16, 0x78, 0x17, 0x12, 0x17, 0xac, 0x17, 0xff,
  0x18, 0x2a, 0x18, 0x7e, 0xff, 0x00, 0x05, 0x46, 0x00, 0xff, 0x00, 0x22,
  0xf6, 0x00, 0xff, 0x00, 0x0a, 0xa5, 0x00, 0xff, 0x00, 0x5e, 0xa1, 0x00,
  0xff, 0x00, 0x00, 0xaf, 0x00, 0xff, 0x00, 0xc0, 0x62, 0x00, 0x08, 0xff,
  0x00, 0x0a, 0xbe, 0x00, 0xff, 0xff, 0xf7, 0x4f, 0x00, 0xff, 0x00, 0x08,
  0xfc, 0x00, 0xff, 0xff, 0xf5, 0x29, 0x00, 0x1e, 0xff, 0xff, 0x56, 0x14,
  0x00, 0x06, 0xff, 0xff, 0xf5, 0x42, 0x00, 0xff, 0xff, 0xf7, 0x36, 0x00,
  0xff, 0xff, 0xf7, 0x1d, 0x00, 0xff, 0xff, 0xf5, 0x29, 0x00, 0x1f, 0xff,
  0x00, 0x00, 0xaf, 0x00, 0xff, 0xff, 0x3f, 0x9e, 0x00, 0xff, 0x00, 0x0a,
  0xbe, 0x00, 0xff, 0xff, 0xa1, 0x5f, 0x00, 0xff, 0x00, 0x05, 0x2d, 0x00,
  0xff, 0xff, 0xdd, 0x0a, 0x00, 0xff, 0x00, 0x01, 0x77, 0x00, 0xff, 0xff,
  0xf6, 0x6e, 0x00, 0xff, 0x00, 0x08, 0x34, 0x00, 0xff, 0xff, 0xf9, 0x2a,
  0x00, 0xff, 0x00, 0x09, 0x92, 0x00, 0x8b, 0x08, 0xff, 0x00, 0x89, 0x35,
  0x00, 0x06, 0xff, 0x00, 0x09, 0xc4, 0x00, 0x8b, 0xff, 0x00, 0x08, 0x34,
  0x00, 0xff, 0x00, 0x06, 0xd6, 0x00, 0xff, 0x00, 0x01, 0x5e, 0x00, 0xff,
  0x00, 0x09, 0x92, 0x00, 0x08, 0x0b, 0xff, 0xff, 0x8e, 0xd1, 0x00, 0xff,
  0xff, 0xa4, 0x34, 0x00, 0xff, 0xff, 0xa6, 0x28, 0x00, 0xff, 0xff, 0x54,
  0xc2, 0x80, 0xff, 0xff, 0x54, 0xc2, 0x80, 0xff, 0x00, 0x5b, 0xcc, 0x00,
  0xff, 0xff, 0xa6, 0x34, 0x80, 0xff, 0x00, 0x71, 0x2f, 0x00, 0xff, 0x00,
  0x71, 0x3b, 0x80, 0xff, 0x00, 0x5b, 0xbf, 0x80, 0xff, 0x00, 0x59, 0xd8,
  0x00, 0xff, 0x00, 0xab, 0x31, 0x00, 0xff, 0x00, 0xab, 0x31, 0x00, 0xff,
  0xff, 0xa4, 0x40, 0x80, 0xff, 0x00, 0x59, 0xe4, 0x80, 0xff, 0xff, 0x8e,
  0xc4, 0x80, 0x1f, 0x0b, 0xff, 0xff, 0xdd, 0xac, 0x80, 0xff, 0xff, 0xe4,
  0x37, 0x80, 0xff, 0x00, 0x29, 0x4f, 0x00, 0xff, 0x00, 0x4e, 0xcf, 0x00,
  0xff, 0x00, 0x4e, 0xcf, 0x00, 0xff, 0x00, 0x1b, 0xd5, 0x00, 0xff, 0x00,
  0x29, 0x4f, 0x00, 0xff, 0x00, 0x22, 0x47, 0x00, 0xff, 0x00, 0x22, 0x53,
  0x80, 0xff, 0x00, 0x1b, 0xc8, 0x80, 0xff, 0xff, 0xd6, 0xb1, 0x00, 0xff,
  0xff, 0xb1, 0x31, 0x00, 0xff, 0xff, 0xb1, 0x31, 0x00, 0xff, 0xff, 0xe4,
  0x37, 0x80, 0xff, 0xff, 0xd6, 0xb1, 0x00, 0xff, 0xff, 0xdd, 0xac, 0x80,
  0x1f, 0x0b, 0xff, 0x00, 0x09, 0xf6, 0x00, 0xff, 0xff, 0xfb, 0xcd, 0x00,
  0xff, 0x00, 0x0b, 0x54, 0x00, 0xff, 0x00, 0x04, 0xb0, 0x00, 0xff, 0x00,
  0x04, 0x1a, 0x00, 0xff, 0x00, 0x09, 0xdd, 0x00, 0x08, 0xff, 0x01, 0x71,
  0xa1, 0x00, 0xff, 0x03, 0x76, 0xb8, 0x00, 0x05, 0xff, 0x00, 0x04, 0x33,
  0x00, 0xff, 0x00, 0x09, 0xf6, 0x00, 0xff, 0xff, 0xfb, 0x50, 0x00, 0xff,
  0x00, 0x0b, 0x6d, 0x00, 0xff, 0xff, 0xf6, 0x0a, 0x00, 0xff, 0x00, 0x04,
  0x1a, 0x00, 0x08, 0xff, 0xff, 0xcd, 0x6a, 0x00, 0xff, 0x00, 0x15, 0x18,
  0x00, 0x05, 0xff, 0xff, 0xf6, 0x0a, 0x00, 0xff, 0x00, 0x04, 0x33, 0x00,
  0xff, 0xff, 0xf4, 0x93, 0x00, 0xff, 0xff, 0xfb, 0x50, 0x00, 0xff, 0xff,
  0xfb, 0xe6, 0x00, 0xff, 0xff, 0xf6, 0x0a, 0x00, 0x08, 0xff, 0xfe, 0x8e,
  0x78, 0x00, 0xff, 0xfc, 0x89, 0x61, 0x00, 0x05, 0xff, 0xff, 0xfb, 0xcd,
  0x00, 0xff, 0xff, 0xf6, 0x0a, 0x00, 0xff, 0x00, 0x04, 0xb0, 0x00, 0xff,
  0xff, 0xf4, 0x93, 0x00, 0xff, 0x00, 0x09, 0xf6, 0x00, 0xff, 0xff, 0xfb,
  0xe6, 0x00, 0x08, 0x0b, 0x8b, 0xff, 0x00, 0x4f, 0x01, 0x00, 0xff, 0xff,
  0xbf, 0x41, 0x00, 0xff, 0x00, 0x3f, 0xde, 0x00, 0xff, 0xff, 0xb0, 0xb4,
  0x00, 0xff, 0xff, 0xfe, 0xa2, 0x00, 0xff, 0xff, 0xb2, 0xda, 0x00, 0xff,
  0xff, 0xfe, 0xa2, 0x00, 0xff, 0xff, 0xc0, 0x3b, 0x00, 0xff, 0xff, 0xbd,
  0x4d, 0x00, 0xff, 0x00, 0x01, 0xf4, 0x00, 0xff, 0xff, 0xb2, 0xc1, 0x00,
  0xff, 0x00, 0x01, 0xc2, 0x00, 0xff, 0xff, 0xbb, 0xd6, 0x00, 0xff, 0x00,
  0x32, 0x19, 0x00, 0xff, 0xff, 0xc7, 0xf2, 0x00, 0xff, 0x00, 0x41, 0x6e,
  0x00, 0xff, 0xff, 0xf4, 0xac, 0x00, 0xff, 0xff, 0xf4, 0xac, 0x00, 0xff,
  0xff, 0xe2, 0xff, 0x00, 0xff, 0xff, 0xef, 0xe3, 0x00, 0xff, 0xff, 0xe7,
  0x32, 0x00, 0xff, 0xff, 0xf4, 0xf7, 0x00, 0xff, 0xff, 0xf0, 0xc4, 0x00,
  0xff, 0xff, 0xf9, 0x8e, 0x00, 0xff, 0xff, 0xf7, 0x1d, 0x00, 0xff, 0x00,
  0x02, 0x3f, 0x00, 0xff, 0xff, 0xf3, 0x99, 0x00, 0xff, 0x00, 0x09, 0x15,
  0x00, 0xff, 0xff, 0xf9, 0xd9, 0x00, 0x08, 0xff, 0x00, 0x2d, 0x82, 0x00,
  0xff, 0xff, 0xe1, 0x24, 0x00, 0x05, 0xff, 0x00, 0x07, 0x3a, 0x00, 0xff,
  0xff, 0xfb, 0x1e, 0x00, 0xff, 0x00, 0x09, 0xc4, 0x00, 0xff, 0x00, 0x00,
  0x7d, 0x00, 0xff, 0x00, 0x06, 0xa4, 0x00, 0xff, 0x00, 0x05, 0xaa, 0x00,
  0xff, 0x00, 0x8f, 0xf2, 0x00, 0xff, 0x00, 0x7c, 0xce, 0x00, 0xff, 0xff,
  0xf2, 0x3b, 0x00, 0xff, 0x00, 0x8c, 0xa0, 0x00, 0x8b, 0x8b, 0x08, 0x0b,
  0xff, 0xff, 0xb1, 0xbd, 0xc0, 0xff, 0x00, 0x3f, 0x70, 0xc0, 0xff, 0xff,
  0xc0, 0x8f, 0x40, 0xff, 0x00, 0x4e, 0x42, 0x40, 0xff, 0x00, 0x4e, 0x42,
  0x40, 0xff, 0x00, 0x3f, 0x70, 0xc0, 0xff, 0x00, 0x3f, 0x70, 0xc0, 0xff,
  0x00, 0x4e, 0x42, 0x40, 0xff, 0x00, 0x4e, 0x42, 0x40, 0xff, 0xff, 0xc0,
  0x8f, 0x40, 0xff, 0x00, 0x3f, 0x70, 0xc0, 0xff, 0xff, 0xb1, 0xbd, 0xc0,
  0xff, 0xff, 0xb1, 0xbd, 0xc0, 0xff, 0xff, 0xc0, 0x8f, 0x40, 0xff, 0xff,
  0xc0, 0x8f, 0x40, 0xff, 0xff, 0xb1, 0xbd, 0xc0, 0x1e, 0x0b, 0xff, 0x02,
  0x56, 0xf2, 0x00, 0xff, 0x00, 0x00, 0x19, 0x00, 0x05, 0xff, 0x00, 0x0a,
  0xd1, 0x00, 0xff, 0x00, 0x00, 0x57, 0x00, 0xff, 0x00, 0x08, 0x6c, 0x00,
  0xff, 0x00, 0x08, 0x41, 0x00, 0x8b, 0xff, 0x00, 0x0a, 0xa5, 0x00, 0x08,
  0xff, 0x00, 0xc4, 0xe0, 0x00, 0x07, 0x8b, 0xff, 0x00, 0x0a, 0xa5, 0x00,
  0xff, 0xff, 0xf7, 0x94, 0x00, 0xff, 0x00, 0x08, 0x95, 0x00, 0xff, 0xff,
  0xf5, 0x2f, 0x00, 0xff, 0x00, 0x00, 0x03, 0x00, 0x08, 0xff, 0xfd, 0xa9,
  0x0e, 0x00, 0x06, 0xff, 0xff, 0xf5, 0xc3, 0x00, 0xff, 0xff, 0xff, 0xfd,
  0x00, 0x82, 0xff, 0xff, 0xf7, 0x6b, 0x00, 0x8b, 0xff, 0xff, 0xf5, 0x5b,
  0x00, 0x08, 0xff, 0xff, 0x3b, 0x07, 0x00, 0x07, 0x8b, 0xff, 0xff, 0xf5,
  0x5b, 0x00, 0x94, 0xff, 0xff, 0xf7, 0xd8, 0x00, 0xff, 0x00, 0x0a, 0x3d,
  0x00, 0xff, 0xff, 0xff, 0x90, 0x00, 0x08, 0x0b, 0xff, 0xff, 0x09, 0xb6,
  0x00, 0x06, 0xff, 0xff, 0xf7, 0xe5, 0x00, 0x8b, 0xff, 0xff, 0xf8, 0xad,
  0x00, 0xff, 0xff, 0xfa, 0xec, 0x00, 0xff, 0xff, 0xfd, 0x2b, 0x00, 0xff,
  0xff, 0xf8, 0x62, 0x00, 0x08, 0xff, 0xfe, 0x9e, 0x18, 0x00, 0xff, 0xfc,
  0x45, 0x37, 0x00, 0x05, 0xff, 0xff, 0xff, 0x38, 0x00, 0xff, 0xff, 0xfd,
  0xc1, 0x00, 0xff, 0xff, 0xff, 0x9c, 0x00, 0xff, 0xff, 0xfd, 0xc1, 0x00,
  0x8b, 0xff, 0xff, 0xfd, 0xa8, 0x00, 0x08, 0xff, 0xff, 0xf9, 0xc0, 0x00,
  0x07, 0xff, 0xff, 0xf5, 0x42, 0x00, 0xff, 0x00, 0x08, 0xb1, 0x00, 0xff,
  0xff, 0xf7, 0x36, 0x00, 0xff, 0x00, 0x0a, 0xd7, 0x00, 0x1e, 0xff, 0x00,
  0xf5, 0x9b, 0x00, 0x06, 0xff, 0x00, 0x08, 0x1b, 0x00, 0x8b, 0xff, 0x00,
  0x07, 0x53, 0x00, 0xff, 0x00, 0x05, 0x14, 0x00, 0xff, 0x00, 0x02, 0xd5,
  0x00, 0xff, 0x00, 0x07, 0x9e, 0x00, 0x08, 0xff, 0x00, 0x35, 0xcf, 0x00,
  0xff, 0x00, 0x8f, 0xc0, 0x00, 0xff, 0x01, 0x3f, 0x6f, 0x00, 0x8b, 0xff,
  0x00, 0x35, 0x20, 0x00, 0xff, 0xff, 0x70, 0x59, 0x00, 0x05, 0xff, 0x00,
  0x02, 0xd5, 0x00, 0xff, 0xff, 0xf8, 0x62, 0x00, 0xff, 0x00, 0x07, 0x53,
  0x00, 0xff, 0xff, 0xfa, 0xec, 0x00, 0xff, 0x00, 0x08, 0x1b, 0x00, 0x8b,
  0x08, 0xff, 0x00, 0xf5, 0x82, 0x00, 0x06, 0xff, 0x00, 0x0a, 0xbe, 0x00,
  0x8b, 0xff, 0x00, 0x08, 0xb1, 0x00, 0xff, 0x00, 0x08, 0xb1, 0x00, 0xff,
  0x00, 0x00, 0x19, 0x00, 0xff, 0x00, 0x0a, 0xbe, 0x00, 0x08, 0xff, 0x00,
  0x06, 0x40, 0x00, 0x07, 0x8b, 0xff, 0x00, 0x02, 0x58, 0x00, 0xff, 0xff,
  0xff, 0x9c, 0x00, 0xff, 0x00, 0x02, 0x3f, 0x00, 0xff, 0xff, 0xff, 0x38,
  0x00, 0xff, 0x00, 0x02, 0x26, 0x00, 0x08, 0xff, 0xfe, 0x9d, 0xff, 0x00,
  0xff, 0x03, 0xba, 0xe2, 0x00, 0x05, 0xff, 0xff, 0xfd, 0x2b, 0x00, 0xff,
  0x00, 0x07, 0x9e, 0x00, 0xff, 0xff, 0xf8, 0xad, 0x00, 0xff, 0x00, 0x05,
  0x14, 0x00, 0xff, 0xff, 0xf7, 0xe5, 0x00, 0x8b, 0x08, 0x0b, 0xff, 0x00,
  0x44, 0x75, 0x00, 0xff, 0x00, 0xb8, 0xab, 0x00, 0xff, 0x00, 0x45, 0x24,
  0x00, 0xff, 0xff, 0x47, 0x55, 0x00, 0x05, 0x0b, 0xff, 0x02, 0x4b, 0x99,
  0x00, 0x06, 0xff, 0x00, 0x0a, 0xd7, 0x00, 0xff, 0x00, 0x08, 0xb1, 0x00,
  0xff, 0x00, 0x08, 0xca, 0x00, 0xff, 0x00, 0x0a, 0xbe, 0x00, 0x1f, 0xff,
  0x00, 0xc7, 0x6a, 0x00, 0x07, 0xff, 0x00, 0x0a, 0xd7, 0x00, 0xff, 0xff,
  0xf7, 0x36, 0x00, 0xff, 0x00, 0x08, 0xb1, 0x00, 0xff, 0xff, 0xf5, 0x42,
  0x00, 0x1e, 0xff, 0xfe, 0xb9, 0x89, 0x00, 0xff, 0x00, 0x8e, 0x30, 0x00,
  0xff, 0x01, 0x19, 0xef, 0x00, 0x06, 0xff, 0x00, 0x0a, 0xd7, 0x00, 0xff,
  0x00, 0x08, 0xb1, 0x00, 0xff, 0x00, 0x08, 0xca, 0x00, 0xff, 0x00, 0x0a,
  0xbe, 0x00, 0x1f, 0xff, 0x00, 0xc7, 0x83, 0x00, 0x07, 0xff, 0x00, 0x0a,
  0xd7, 0x00, 0xff, 0xff, 0xf7, 0x36, 0x00, 0xff, 0x00, 0x08, 0xb1, 0x00,
  0xff, 0xff, 0xf5, 0x42, 0x00, 0x1e, 0xff, 0xfe, 0xe6, 0x11, 0x00, 0xff,
  0x00, 0x8e, 0x30, 0x00, 0xff, 0x01, 0x46, 0x77, 0x00, 0x06, 0xff, 0x00,
  0x0a, 0xd7, 0x00, 0xff, 0x00, 0x08, 0xb1, 0x00, 0xff, 0x00, 0x08, 0xca,
  0x00, 0xff, 0x00, 0x0a, 0xbe, 0x00, 0x1f, 0xff, 0x00, 0xc7, 0x83, 0x00,
  0x07, 0xff, 0x00, 0x0a, 0xd7, 0x00, 0xff, 0xff, 0xf7, 0x36, 0x00, 0xff,
  0x00, 0x08, 0xb1, 0x00, 0xff, 0xff, 0xf5, 0x42, 0x00, 0x1e, 0xff, 0xfd,
  0xb4, 0x67, 0x00, 0x06, 0xff, 0xff, 0xf5, 0x29, 0x00, 0xff, 0xff, 0xf7,
  0x4f, 0x00, 0xff, 0xff, 0xf7, 0x4f, 0x00, 0xff, 0xff, 0xf5, 0x29, 0x00,
  0x1f, 0xff, 0xfc, 0x3f, 0x10, 0x00, 0x07, 0xff, 0xff, 0xf5, 0x29, 0x00,
  0xff, 0x00, 0x08, 0xca, 0x00, 0xff, 0xff, 0xf7, 0x4f, 0x00, 0xff, 0x00,
  0x0a, 0xbe, 0x00, 0x1e, 0x0b, 0xff, 0x00, 0x0a, 0xbe, 0x00, 0x8b, 0xff,
  0x00, 0x08, 0xb1, 0x00, 0xff, 0x00, 0x08, 0xb1, 0x00, 0xff, 0x00, 0x00,
  0x19, 0x00, 0xff, 0x00, 0x0a, 0xd7, 0x00, 0x08, 0xff, 0x03, 0xc0, 0xf0,
  0x00, 0x07, 0xff, 0x00, 0x0a, 0xd7, 0x00, 0xff, 0xff, 0xf7, 0x36, 0x00,
  0xff, 0x00, 0x08, 0xb1, 0x00, 0xff, 0xff, 0xf5, 0x42, 0x00, 0x1e, 0xff,
  0xff, 0x0e, 0x4d, 0x00, 0x06, 0xff, 0xff, 0xf5, 0x29, 0x00, 0xff, 0xff,
  0xf7, 0x4f, 0x00, 0xff, 0xff, 0xf7, 0x4f, 0x00, 0xff, 0xff, 0xf5, 0x29,
  0x00, 0x1f, 0xff, 0xfc, 0x3f, 0x10, 0x00, 0x07, 0xff, 0xff, 0xf5, 0x29,
  0x00, 0xff, 0x00, 0x08, 0xca, 0x00, 0xff, 0xff, 0xf7, 0x4f, 0x00, 0xff,
  0x00, 0x0a, 0xbe, 0x00, 0x1e, 0x0b, 0x8b, 0xff, 0xfe, 0x11, 0x78, 0x00,
  0xff, 0xfe, 0xc6, 0x86, 0x00, 0xff, 0x01, 0xf8, 0xe2, 0x00, 0x05, 0xff,
  0xff, 0xfc, 0x7c, 0x00, 0xff, 0x00, 0x05, 0xc3, 0x00, 0xff, 0xff, 0xf9,
  0xc0, 0x00, 0xff, 0x00, 0x03, 0x6b, 0x00, 0xff, 0xff, 0xf9, 0x43, 0x00,
  0x8b, 0x08, 0xff, 0xff, 0x05, 0x9c, 0x00, 0x06, 0xff, 0xff, 0xf5, 0x29,
  0x00, 0xff, 0xff, 0xf7, 0x4f, 0x00, 0xff, 0xff, 0xf7, 0x4f, 0x00, 0xff,
  0xff, 0xf5, 0x29, 0x00, 0x1f, 0xff, 0xfc, 0x3f, 0x10, 0x00, 0x07, 0xff,
  0xff, 0xf5, 0x42, 0x00, 0xff, 0x00, 0x08, 0xb1, 0x00, 0xff, 0xff, 0xf7,
  0x36, 0x00, 0xff, 0x00, 0x0a, 0xd7, 0x00, 0x1e, 0xff, 0x00, 0xf1, 0xb3,
  0x00, 0x06, 0xff, 0x00, 0x0a, 0xbe, 0x00, 0xff, 0x00, 0x08, 0xca, 0x00,
  0xff, 0x00, 0x08, 0xb1, 0x00, 0xff, 0x00, 0x0a, 0xd7, 0x00, 0x1f, 0x8b,
  0xff, 0x02, 0x20, 0x6f, 0x00, 0xff, 0x01, 0x39, 0x93, 0x00, 0xff, 0xfd,
  0xd5, 0xff, 0x00, 0x05, 0xff, 0x00, 0x03, 0x6b, 0x00, 0xff, 0xff, 0xf9,
  0xd9, 0x00, 0xff, 0x00, 0x06, 0x8b, 0x00, 0xff, 0xff, 0xfc, 0x4a, 0x00,
  0xff, 0x00, 0x07, 0x08, 0x00, 0x8b, 0x08, 0xff, 0x00, 0xf9, 0xce, 0x00,
  0x06, 0xff, 0x00, 0x0a, 0xbe, 0x00, 0xff, 0x00, 0x08, 0xca, 0x00, 0xff,
  0x00, 0x08, 0xb1, 0x00, 0xff, 0x00, 0x0a, 0xd7, 0x00, 0x1f, 0xff, 0x03,
  0xc0, 0xd7, 0x00, 0x07, 0xff, 0x00, 0x0a, 0xbe, 0x00, 0xff, 0xff, 0xf7,
  0x4f, 0x00, 0xff, 0x00, 0x08, 0xca, 0x00, 0xff, 0xff, 0xf5, 0x29, 0x00,
  0x1e, 0xff, 0xff, 0x0e, 0x34, 0x00, 0x06, 0xff, 0xff, 0xf5, 0x42, 0x00,
  0xff, 0xff, 0xf7, 0x4f, 0x00, 0xff, 0xff, 0xf7, 0x4f, 0x00, 0xff, 0xff,
  0xf5, 0x29, 0x00, 0x1f, 0x0b, 0xff, 0xfe, 0xdb, 0x85, 0x00, 0xff, 0xff,
  0x12, 0xe4, 0x00, 0xff, 0xff, 0x16, 0x36, 0x00, 0xff, 0xfe, 0xdf, 0x9f,
  0x00, 0xff, 0xfe, 0xdf, 0x9f, 0x00, 0xff, 0x00, 0xed, 0x1c, 0x00, 0xff,
  0xff, 0x16, 0x4f, 0x00, 0xff, 0x01, 0x24, 0x7b, 0x00, 0xff, 0x01, 0x24,
  0x7b, 0x00, 0xff, 0x00, 0xed, 0x1c, 0x00, 0xff, 0x00, 0xe9, 0xca, 0x00,
  0xff, 0x01, 0x20, 0x48, 0x00, 0xff, 0x01, 0x20, 0x48, 0x00, 0xff, 0xff,
  0x12, 0xe4, 0x00, 0xff, 0x00, 0xe9, 0xe3, 0x00, 0xff, 0xfe, 0xdb, 0x85,
  0x00, 0x1f, 0x0b, 0xff, 0xff, 0x7a, 0x1d, 0x00, 0xff, 0xff, 0x93, 0x81,
  0x00, 0xff, 0x00, 0x6b, 0x08, 0x00, 0xff, 0x00, 0x83, 0xef, 0x00, 0xff,
  0x00, 0x83, 0xef, 0x00, 0xff, 0x00, 0x6c, 0x7f, 0x00, 0xff, 0x00, 0x6b,
  0x08, 0x00, 0xff, 0x00, 0x85, 0xe3, 0x00, 0xff, 0x00, 0x85, 0xe3, 0x00,
  0xff, 0x00, 0x6c, 0x7f, 0x00, 0xff, 0xff, 0x94, 0xf8, 0x00, 0xff, 0xff,
  0x7c, 0x11, 0x00, 0xff, 0xff, 0x7c, 0x11, 0x00, 0xff, 0xff, 0x93, 0x81,
  0x00, 0xff, 0xff, 0x94, 0xf8, 0x00, 0xff, 0xff, 0x7a, 0x1d, 0x00, 0x1f,
  0x0b, 0xff, 0xff, 0x0e, 0x66, 0x00, 0x06, 0xff, 0xff, 0xf5, 0x42, 0x00,
  0xff, 0xff, 0xf7, 0x4f, 0x00, 0xff, 0xff, 0xf7, 0x4f, 0x00, 0xff, 0xff,
  0xf5, 0x42, 0x00, 0x1f, 0xff, 0xfd, 0xa2, 0x3d, 0x00, 0x07, 0xff, 0xff,
  0xb4, 0x51, 0x00, 0xff, 0xff, 0xdb, 0x16, 0x00, 0xff, 0xff, 0xa6, 0xa5,
  0x00, 0xff, 0xff, 0x8c, 0xdd, 0x00, 0xff, 0xff, 0x8c, 0xdd, 0x00, 0xff,
  0xff, 0xdb, 0x16, 0x00, 0xff, 0x00, 0x59, 0x5b, 0x00, 0xff, 0x00, 0x4b,
  0xaf, 0x00, 0x1e, 0xff, 0xff, 0xff, 0xe7, 0x00, 0xff, 0x02, 0x5d, 0xc3,
  0x00, 0x05, 0xff, 0x00, 0x0a, 0xbe, 0x00, 0xff, 0xff, 0xf7, 0x4f, 0x00,
  0xff, 0x00, 0x08, 0xb1, 0x00, 0xff, 0xff, 0xf5, 0x42, 0x00, 0x1e, 0xff,
  0xff, 0x0e, 0x4d, 0x00, 0x06, 0xff, 0xff, 0xf5, 0x42, 0x00, 0xff, 0xff,
  0xf7, 0x4f, 0x00, 0xff, 0xff, 0xf7, 0x4f, 0x00, 0xff, 0xff, 0xf5, 0x42,
  0x00, 0x1f, 0xff, 0xfd, 0xa7, 0x9c, 0x00, 0x07, 0xff, 0xff, 0x44, 0x1c,
  0x00, 0xff, 0x00, 0x69, 0x2d, 0x00, 0xff, 0xff, 0x22, 0x6b, 0x00, 0xff,
  0x01, 0x47, 0x71, 0x00, 0xff, 0x01, 0x47, 0x71, 0x00, 0xff, 0x00, 0x69,
  0x2d, 0x00, 0xff, 0x00, 0xdd, 0x95, 0x00, 0xff, 0x00, 0xbb, 0xe4, 0x00,
  0x1e, 0xff, 0x02, 0x58, 0x64, 0x00, 0x07, 0xff, 0x00, 0x00, 0x19, 0x00,
  0xff, 0x00, 0x0a, 0xbe, 0x00, 0xff, 0xff, 0xf7, 0x4f, 0x00, 0xff, 0x00,
  0x08, 0xb1, 0x00, 0xff, 0xff, 0xf5, 0x29, 0x00, 0x8b, 0x08, 0x0b, 0xff,
  0xff, 0xf6, 0x0a, 0x00, 0x8b, 0xff, 0xff, 0x67, 0x2b, 0x00, 0xff, 0xff,
  0xf2, 0xd1, 0x00, 0xff, 0xff, 0xfa, 0xa1, 0x00, 0xff, 0x01, 0x7b, 0xfb,
  0x00, 0xff, 0xff, 0xff, 0xce, 0x00, 0xff, 0x00, 0x0a, 0xbe, 0x00, 0xff,
  0xff, 0xf7, 0x68, 0x00, 0xff, 0x00, 0x08, 0xb1, 0x00, 0xff, 0xff, 0xf5,
  0x5b, 0x00, 0x8b, 0x08, 0xff, 0xff, 0x09, 0x84, 0x00, 0x06, 0xff, 0xff,
  0xf5, 0x29, 0x00, 0xff, 0xff, 0xff, 0xe7, 0x00, 0xff, 0xff, 0xf7, 0x4f,
  0x00, 0xff, 0xff, 0xf7, 0x04, 0x00, 0x8b, 0xff, 0xff, 0xf5, 0x29, 0x00,
  0x08, 0xff, 0xfe, 0x04, 0x62, 0x00, 0xff, 0x01, 0x39, 0x2f, 0x00, 0xff,
  0xff, 0xc3, 0x10, 0x00, 0x8b, 0x1e, 0xff, 0xfe, 0x77, 0xe9, 0x00, 0x07,
  0xff, 0xff, 0xf5, 0x42, 0x00, 0xff, 0x00, 0x08, 0xb1, 0x00, 0xff, 0xff,
  0xf7, 0x36, 0x00, 0xff, 0x00, 0x0a, 0xd7, 0x00, 0x1e, 0xff, 0x00, 0xf1,
  0xb3, 0x00, 0x06, 0xff, 0x00, 0x0a, 0xbe, 0x00, 0xff, 0x00, 0x08, 0xca,
  0x00, 0xff, 0x00, 0x08, 0xb1, 0x00, 0xff, 0x00, 0x0a, 0xd7, 0x00, 0x1f,
  0xff, 0x01, 0x88, 0x30, 0x00, 0x07, 0x8b, 0xff, 0x01, 0x39, 0x2f, 0x00,
  0xff, 0x00, 0x3c, 0xf0, 0x00, 0xff, 0x01, 0xfb, 0x9e, 0x00, 0xff, 0x00,
  0x0a, 0xd7, 0x00, 0xff, 0xff, 0xf7, 0x4f, 0x00, 0xff, 0x00, 0x08, 0xfc,
  0x00, 0xff, 0xff, 0xf5, 0x29, 0x00, 0x1f, 0xff, 0xff, 0x09, 0x84, 0x00,
  0x06, 0xff, 0xff, 0xf5, 0x42, 0x00, 0x8b, 0xff, 0xff, 0xf7, 0x68, 0x00,
  0xff, 0xff, 0xf7, 0x4f, 0x00, 0xff, 0xff, 0xff, 0xe7, 0x00, 0xff, 0xff,
  0xf5, 0x42, 0x00, 0xff, 0xff, 0xfa, 0xa1, 0x00, 0xff, 0xfe, 0x84, 0x05,
  0x00, 0xff, 0xff, 0x67, 0x2b, 0x00, 0xff, 0x00, 0x0d, 0x2f, 0x00, 0xff,
  0xff, 0xf6, 0x23, 0x00, 0x8b, 0x08, 0x0b, 0xff, 0xff, 0x19, 0xec, 0x00,
  0xff, 0xff, 0x38, 0x19, 0x00, 0x05, 0xff, 0xff, 0xf8, 0x17, 0x00, 0xff,
  0xff, 0xf8, 0xf8, 0x00, 0xff, 0xff, 0xff, 0x1f, 0x00, 0xff, 0xff, 0xf3,
  0xe4, 0x00, 0xff, 0x00, 0x06, 0xd6, 0x00, 0xff, 0xff, 0xf7, 0xe5, 0x00,
  0x08, 0xff, 0x00, 0x53, 0x02, 0x00, 0xff, 0xff, 0x9d, 0xf4, 0x00, 0x05,
  0xff, 0x00, 0x06, 0x27, 0x00, 0xff, 0xff, 0xf8, 0xad, 0x00, 0xff, 0x00,
  0x0a, 0xa5, 0x00, 0xff, 0xff, 0xfe, 0x57, 0x00, 0xff, 0x00, 0x08, 0x34,
  0x00, 0xff, 0x00, 0x04, 0xfb, 0x00, 0x08, 0xff, 0x00, 0x87, 0x5a, 0x00,
  0xff, 0x00, 0x6a, 0x72, 0x00, 0xff, 0x00, 0x87, 0x5a, 0x00, 0xff, 0xff,
  0x95, 0x8e, 0x00, 0x05, 0xff, 0x00, 0x08, 0x34, 0x00, 0xff, 0xff, 0xfb,
  0x05, 0x00, 0xff, 0x00, 0x0a, 0x8c, 0x00, 0xff, 0x00, 0x01, 0xa9, 0x00,
  0xff, 0x00, 0x06, 0x40, 0x00, 0xff, 0x00, 0x07, 0x53, 0x00, 0x08, 0xff,
  0x00, 0x52, 0xd0, 0x00, 0xff, 0x00, 0x62, 0x0c, 0x00, 0x05, 0xff, 0x00,
  0x06, 0xef, 0x00, 0xff, 0x00, 0x08, 0x1b, 0x00, 0xff, 0xff, 0xff, 0x1f,
  0x00, 0xff, 0x00, 0x0c, 0x1c, 0x00, 0xff, 0xff, 0xf7, 0xfe, 0x00, 0xff,
  0x00, 0x07, 0x08, 0x00, 0x08, 0xff, 0xff, 0x1d, 0x25, 0x00, 0xff, 0x00,
  0xc7, 0xce, 0x00, 0x05, 0xff, 0xff, 0xf8, 0xad, 0x00, 0xff, 0x00, 0x06,
  0x72, 0x00, 0xff, 0xff, 0xf4, 0xf7, 0x00, 0xff, 0x00, 0x00, 0x19, 0x00,
  0xff, 0xff, 0xf8, 0xad, 0x00, 0xff, 0xff, 0xf9, 0x8e, 0x00, 0x08, 0x0b,
  0xff, 0xff, 0xf9, 0xc0, 0x00, 0xff, 0xff, 0xf8, 0xad, 0x00, 0xff, 0xff,
  0xf5, 0x5b, 0x00, 0xff, 0xff, 0xfe, 0x57, 0x00, 0xff, 0xff, 0xf7, 0xe5,
  0x00, 0xff, 0x00, 0x04, 0xfb, 0x00, 0x08, 0xff, 0xff, 0x0a, 0x7e, 0x00,
  0xff, 0x00, 0x9d, 0x9e, 0x00, 0x05, 0xff, 0xff, 0xf6, 0x55, 0x00, 0xff,
  0x00, 0x05, 0xf5, 0x00, 0xff, 0xff, 0xfd, 0x5d, 0x00, 0xff, 0x00, 0x0c,
  0xfd, 0x00, 0xff, 0x00, 0x06, 0xbd, 0x00, 0xff, 0x00, 0x09, 0x2e, 0x00,
  0x08, 0xef, 0xff, 0x00, 0x89, 0x35, 0x00, 0x05, 0xff, 0x00, 0x06, 0xbd,
  0x00, 0xff, 0x00, 0x09, 0x2e, 0x00, 0xff, 0x00, 0x0d, 0x48, 0x00, 0xff,
  0x00, 0x01, 0x77, 0x00, 0xff, 0x00, 0x08, 0x98, 0x00, 0xff, 0xff, 0xf8,
  0x7b, 0x00, 0x08, 0xff, 0x00, 0xe4, 0x52, 0x00, 0xff, 0xff, 0x3b, 0x20,
  0x00, 0x05, 0xff, 0x00, 0x07, 0xe9, 0x00, 0xff, 0xff, 0xf8, 0xf8, 0x00,
  0xff, 0x00, 0x00, 0xe1, 0x00, 0xff, 0xff, 0xf3, 0xe4, 0x00, 0xff, 0xff,
  0xf9, 0x2a, 0x00, 0xff, 0xff, 0xf7, 0xe5, 0x00, 0x08, 0x0b, 0xff, 0xff,
  0xfe, 0xbb, 0x00, 0x07, 0x0b, 0xff, 0xff, 0xd5, 0x08, 0x00, 0xff, 0x00,
  0x0d, 0x7a, 0x00, 0xff, 0xff, 0xd1, 0x9d, 0x00, 0xff, 0x00, 0x05, 0xaa,
  0x00, 0xff, 0xff, 0xcf, 0xc2, 0x00, 0xff, 0xff, 0xfb, 0xff, 0x00, 0xff,
  0xff, 0x56, 0xf5, 0x00, 0xff, 0xff, 0xf1, 0xf0, 0x00, 0xff, 0xff, 0x75,
  0x54, 0x00, 0xff, 0xff, 0x79, 0x23, 0x00, 0xff, 0xff, 0xee, 0x08, 0x00,
  0xff, 0xff, 0x57, 0x59, 0x00, 0xff, 0xff, 0xe9, 0x26, 0x00, 0xff, 0xff,
  0x28, 0xab, 0x00, 0xff, 0x00, 0xa8, 0x2a, 0x00, 0xff, 0xff, 0x4a, 0x11,
  0x00, 0xff, 0x00, 0xd2, 0xa5, 0x00, 0x8b, 0xff, 0x00, 0x25, 0x67, 0x00,
  0x8b, 0xff, 0x00, 0x23, 0xf0, 0x00, 0xff, 0x00, 0x05, 0xc3, 0x00, 0xff,
  0x00, 0x21, 0xe3, 0x00, 0xff, 0x00, 0x0a, 0xa5, 0x00, 0x08, 0xff, 0xff,
  0xfe, 0x89, 0x00, 0xff, 0x01, 0x05, 0x22, 0x00, 0x07, 0xff, 0x00, 0x0a,
  0xbe, 0x00, 0xff, 0x00, 0x08, 0xb1, 0x00, 0xff, 0x00, 0x08, 0xb1, 0x00,
  0xff, 0x00, 0x0a, 0xbe, 0x00, 0x1f, 0xff, 0x02, 0x87, 0x2b, 0x00, 0x07,
  0x0b, 0xff, 0x00, 0x0a, 0xbe, 0x00, 0xff, 0xff, 0xf7, 0x4f, 0x00, 0xff,
  0x00, 0x08, 0xb1, 0x00, 0xff, 0xff, 0xf5, 0x42, 0x00, 0x1e, 0x0b, 0xff,
  0xff, 0xc8, 0xa1, 0x00, 0xff, 0xff, 0xd3, 0x14, 0x00, 0xff, 0x00, 0x2c,
  0xec, 0x00, 0xff, 0x00, 0x37, 0x5f, 0x00, 0x1f, 0x0b, 0xff, 0x00, 0x37,
  0x5f, 0x00, 0xff, 0x00, 0x2c, 0xec, 0x00, 0xff, 0x00, 0x2c, 0xec, 0x00,
  0xff, 0x00, 0x37, 0x5f, 0x00, 0xff, 0x00, 0x37, 0x5f, 0x00, 0xff, 0x00,
  0x2c, 0xec, 0x00, 0xff, 0xff, 0xd3, 0x14, 0x00, 0xff, 0xff, 0xc8, 0xa1,
  0x00, 0xff, 0xff, 0xc8, 0xa1, 0x00, 0xff, 0xff, 0xd3, 0x14, 0x00, 0xff,
  0xff, 0xd3, 0x14, 0x00, 0xff, 0xff, 0xc8, 0xa1, 0x00, 0x1e, 0x0b, 0xff,
  0xff, 0xc8, 0xa1, 0x00, 0xff, 0xff, 0xd3, 0x14, 0x00, 0xff, 0x00, 0x2c,
  0xec, 0x00, 0xff, 0x00, 0x37, 0x5f, 0x00, 0xff, 0x00, 0x37, 0x5f, 0x00,
  0xff, 0x00, 0x2c, 0xec, 0x00, 0xff, 0x00, 0x2c, 0xec, 0x00, 0xff, 0x00,
  0x37, 0x5f, 0x00, 0xff, 0x00, 0x37, 0x5f, 0x00, 0xff, 0x00, 0x2c, 0xec,
  0x00, 0xff, 0xff, 0xd3, 0x14, 0x00, 0xff, 0xff, 0xc8, 0xa1, 0x00, 0xff,
  0xff, 0xc8, 0xa1, 0x00, 0xff, 0xff, 0xd3, 0x14, 0x00, 0xff, 0xff, 0xd3,
  0x14, 0x00, 0xff, 0xff, 0xc8, 0xa1, 0x00, 0x1f, 0x0b, 0xff, 0xff, 0xc4,
  0x3c, 0x00, 0xff, 0x00, 0x7b, 0x3e, 0x00, 0xff, 0xff, 0x87, 0x1a, 0x00,
  0xff, 0x00, 0x49, 0xd4, 0x00, 0xff, 0xff, 0x75, 0x54, 0x00, 0x8b, 0xff,
  0xff, 0x44, 0xfd, 0x00, 0x8b, 0xff, 0xff, 0x66, 0xc7, 0x00, 0xff, 0xff,
  0x70, 0x27, 0x00, 0xff, 0xff, 0xf0, 0x92, 0x00, 0xff, 0xff, 0x48, 0xfe,
  0x00, 0xff, 0xff, 0xff, 0x1f, 0x00, 0xff, 0xff, 0xf6, 0x3c, 0x00, 0xff,
  0xff, 0xff, 0x83, 0x00, 0xff, 0xff, 0xf6, 0x3c, 0x00, 0xff, 0xff, 0xff,
  0xe7, 0x00, 0xff, 0xff, 0xf6, 0x55, 0x00, 0x8b, 0xff, 0xff, 0xff, 0x9c,
  0x00, 0xff, 0xff, 0xff, 0xe7, 0x00, 0xff, 0xff, 0xff, 0x9c, 0x00, 0x8b,
  0xff, 0xff, 0xff, 0x9c, 0x00, 0xff, 0xff, 0xff, 0x1f, 0x00, 0xff, 0xff,
  0x39, 0xf4, 0x00, 0xff, 0x00, 0xa0, 0x41, 0x00, 0xff, 0xff, 0x5f, 0x29,
  0x00, 0xff, 0x00, 0xc5, 0xda, 0x00, 0x8b, 0xff, 0x00, 0x59, 0xa6, 0x00,
  0x8b, 0xff, 0x00, 0x51, 0xbd, 0x00, 0xff, 0x00, 0x21, 0x34, 0x00, 0xff,
  0x00, 0x3e, 0xb2, 0x00, 0xff, 0x00, 0x36, 0x97, 0x00, 0x08, 0xff, 0x00,
  0x07, 0x53, 0x00, 0xff, 0x00, 0x06, 0x59, 0x00, 0xff, 0x00, 0x01, 0x13,
  0x00, 0xff, 0x00, 0x0a, 0xf0, 0x00, 0xff, 0xff, 0xfa, 0xa1, 0x00, 0xff,
  0x00, 0x08, 0x02, 0x00, 0x08, 0xff, 0xff, 0x97, 0xff, 0x00, 0xff, 0x00,
  0x99, 0x52, 0x00, 0x05, 0xff, 0xff, 0xf9, 0x8e, 0x00, 0xff, 0x00, 0x09,
  0x79, 0x00, 0xff, 0xff, 0xf3, 0x1c, 0x00, 0xff, 0x00, 0x01, 0x13, 0x00,
  0xff, 0xff, 0xf7, 0x36, 0x00, 0xff, 0xff, 0xf8, 0xad, 0x00, 0xff, 0xff,
  0xe9, 0x0d, 0x00, 0xff, 0xff, 0xec, 0xc3, 0x00, 0xff, 0xff, 0xdf, 0x30,
  0x00, 0xff, 0xff, 0xf4, 0x2f, 0x00, 0xff, 0xff, 0xe1, 0x24, 0x00, 0x8b,
  0xff, 0xff, 0xec, 0x91, 0x00, 0x8b, 0xff, 0xff, 0xed, 0xa4, 0x00, 0xff,
  0x00, 0x04, 0xc9, 0x00, 0xff, 0xff, 0xef, 0xe3, 0x00, 0xff, 0x00, 0x08,
  0x4d, 0x00, 0x08, 0xff, 0x01, 0x7a, 0xe8, 0x00, 0xff, 0x00, 0x53, 0x34,
  0x00, 0x05, 0xff, 0x00, 0x09, 0x15, 0x00, 0xff, 0x00, 0x01, 0xf4, 0x00,
  0xff, 0x00, 0x06, 0xa4, 0x00, 0xff, 0x00, 0x08, 0x34, 0x00, 0xff, 0xff,
  0xff, 0x9c, 0x00, 0xff, 0x00, 0x09, 0x60, 0x00, 0xff, 0xff, 0xfd, 0xf3,
  0x00, 0xff, 0x00, 0x3d, 0x6d, 0x00, 0xff, 0xff, 0xf1, 0xd7, 0x00, 0xff,
  0x00, 0x37, 0x46, 0x00, 0xff, 0xff, 0xe8, 0xdb, 0x00, 0xff, 0x00, 0x2f,
  0xf3, 0x00, 0x08, 0x0b, 0xff, 0x00, 0x1b, 0xee, 0x00, 0x8b, 0xff, 0x00,
  0x17, 0xa2, 0x00, 0xff, 0xff, 0xf8, 0x30, 0x00, 0xff, 0x00, 0x12, 0x43,
  0x00, 0xff, 0xff, 0xf3, 0x03, 0x00, 0xff, 0x00, 0x03, 0x84, 0x00, 0xff,
  0xff, 0xfd, 0x76, 0x00, 0xff, 0xff, 0xff, 0x06, 0x00, 0xff, 0xff, 0xfa,
  0xa1, 0x00, 0xff, 0xff, 0xfb, 0xcd, 0x00, 0xff, 0xff, 0xff, 0x06, 0x00,
  0x08, 0xff, 0xff, 0x46, 0xbf, 0x00, 0xff, 0xff, 0xd7, 0x60, 0x00, 0x05,
  0xff, 0xff, 0xfb, 0xcd, 0x00, 0xff, 0xff, 0xff, 0x1f, 0x00, 0xff, 0xff,
  0xfc, 0xe0, 0x00, 0xff, 0x00, 0x04, 0x7e, 0x00, 0xff, 0x00, 0x02, 0x26,
  0x00, 0xff, 0x00, 0x03, 0xb6, 0x00, 0xff, 0x00, 0x14, 0xcd, 0x00, 0xff,
  0x00, 0x25, 0x03, 0x00, 0xff, 0x00, 0x32, 0x19, 0x00, 0xff, 0x00, 0x19,
  0xfa, 0x00, 0xff, 0x00, 0x33, 0x5e, 0x00, 0x8b, 0x08, 0x0b, 0xff, 0x00,
  0x0a, 0xbe, 0x00, 0x8b, 0xff, 0x00, 0x08, 0xb1, 0x00, 0xff, 0x00, 0x08,
  0xb1, 0x00, 0xff, 0x00, 0x00, 0x19, 0x00, 0xff, 0x00, 0x0a, 0xd7, 0x00,
  0x08, 0xff, 0x02, 0x78, 0x85, 0x00, 0x07, 0xff, 0x00, 0x0a, 0xd7, 0x00,
  0xff, 0xff, 0xf7, 0x36, 0x00, 0xff, 0x00, 0x08, 0xb1, 0x00, 0xff, 0xff,
  0xf5, 0x42, 0x00, 0x1e, 0xff, 0xff, 0x0e, 0x4d, 0x00, 0x06, 0xff, 0xff,
  0xf5, 0x29, 0x00, 0xff, 0xff, 0xf7, 0x4f, 0x00, 0xff, 0xff, 0xf7, 0x36,
  0x00, 0xff, 0xff, 0xf5, 0x42, 0x00, 0x1f, 0xff, 0xfd, 0x87, 0x7b, 0x00,
  0x07, 0xff, 0xff, 0xf5, 0x29, 0x00, 0xff, 0x00, 0x08, 0xca, 0x00, 0xff,
  0xff, 0xf7, 0x4f, 0x00, 0xff, 0x00, 0x0a, 0xbe, 0x00, 0x1e, 0x0b, 0xff,
  0x00, 0x0a, 0xbe, 0x00, 0xff, 0x00, 0x08, 0xca, 0x00, 0xff, 0x00, 0x08,
  0xb1, 0x00, 0xff, 0x00, 0x0a, 0xd7, 0x00, 0x1f, 0xff, 0x01, 0x82, 0xb8,
  0x00, 0x07, 0xff, 0x00, 0xa3, 0x16, 0x00, 0xff, 0xff, 0x8f, 0x4e, 0x00,
  0xff, 0x00, 0x84, 0x21, 0x00, 0xff, 0xff, 0x28, 0x60, 0x00, 0x1e, 0xff,
  0xff, 0xd5, 0x9e, 0x00, 0x8b, 0xff, 0xff, 0xd9, 0xb8, 0x00, 0xff, 0xff,
  0xfa, 0xba, 0x00, 0xff, 0xff, 0xdd, 0xa0, 0x00, 0xff, 0xff, 0xf6, 0x87,
  0x00, 0x08, 0xff, 0xff, 0x3e, 0x27, 0x00, 0x06, 0xff, 0xff, 0xf5, 0x42,
  0x00, 0xff, 0xff, 0xf7, 0x36, 0x00, 0xff, 0xff, 0xf7, 0x4f, 0x00, 0xff,
  0xff, 0xf5, 0x29, 0x00, 0x1f, 0xff, 0xfd, 0x78, 0x58, 0x00, 0x07, 0xff,
  0xff, 0xf5, 0x42, 0x00, 0xff, 0x00, 0x08, 0xb1, 0x00, 0xff, 0xff, 0xf7,
  0x36, 0x00, 0xff, 0x00, 0x0a, 0xd7, 0x00, 0x1e, 0xff, 0x01, 0x03, 0xab,
  0x00, 0xff, 0x00, 0x00, 0x19, 0x00, 0x05, 0xff, 0x00, 0x0a, 0xbe, 0x00,
  0xff, 0x00, 0x08, 0xca, 0x00, 0xff, 0x00, 0x08, 0xb1, 0x00, 0xff, 0x00,
  0x0a, 0xd7, 0x00, 0x1f, 0xff, 0x01, 0x8d, 0x8f, 0x00, 0x07, 0xff, 0x00,
  0x1a, 0x2c, 0x00, 0xff, 0x00, 0x14, 0x1e, 0x00, 0xff, 0x00, 0x15, 0x18,
  0x00, 0xff, 0x00, 0x18, 0xce, 0x00, 0x1e, 0xff, 0x00, 0x10, 0xfe, 0x00,
  0x8b, 0xff, 0x00, 0x0e, 0xf1, 0x00, 0xff, 0xff, 0xf5, 0xf1, 0x00, 0xff,
  0x00, 0x07, 0xe9, 0x00, 0xff, 0xff, 0xf1, 0x5a, 0x00, 0xff, 0x00, 0x03,
  0x9d, 0x00, 0xff, 0xff, 0xf9, 0x43, 0x00, 0xff, 0x00, 0x02, 0x3f, 0x00,
  0xff, 0xff, 0xf8, 0x62, 0x00, 0x8b, 0xff, 0xff, 0xf7, 0xcc, 0x00, 0x08,
  0xff, 0xfe, 0x72, 0x71, 0x00, 0x07, 0x8b, 0xff, 0xff, 0xf5, 0x74, 0x00,
  0xff, 0x00, 0x08, 0x66, 0x00, 0xff, 0xff, 0xf7, 0x9a, 0x00, 0xff, 0x00,
  0x0a, 0x5a, 0x00, 0xff, 0xff, 0xff, 0x9c, 0x00, 0x08, 0x0b, 0xff, 0xff,
  0x3a, 0x3f, 0x00, 0xff, 0xff, 0x5f, 0xbf, 0x00, 0xff, 0xff, 0x5f, 0xa6,
  0x00, 0xff, 0xff, 0x3a, 0x3f, 0x00, 0xff, 0xff, 0x3a, 0x3f, 0x00, 0xff,
  0x00, 0xa0, 0x41, 0x00, 0xff, 0xff, 0x5f, 0xbf, 0x00, 0xff, 0x00, 0xc5,
  0xc1, 0x00, 0xff, 0x00, 0xc5, 0xc1, 0x00, 0xff, 0x00, 0xa0, 0x41, 0x00,
  0xff, 0x00, 0xa0, 0x41, 0x00, 0xff, 0x00, 0xc5, 0xc1, 0x00, 0x1f, 0xff,
  0x00, 0x00, 0x19, 0x00, 0xff, 0x00, 0xc5, 0xc1, 0x00, 0xff, 0xff, 0x5f,
  0xa6, 0x00, 0xff, 0x00, 0xa0, 0x5a, 0x00, 0xff, 0xff, 0x3a, 0x3f, 0x00,
  0x8b, 0x08, 0x0b, 0xff, 0xff, 0xf5, 0x42, 0x00, 0xff, 0xff, 0xf7, 0x4f,
  0x00, 0xff, 0xff, 0xf7, 0x4f, 0x00, 0xff, 0xff, 0xf5, 0x42, 0x00, 0x1f,
  0xff, 0xfe, 0x7d, 0xc5, 0x00, 0x07, 0xff, 0xff, 0x5d, 0x35, 0x00, 0xff,
  0x00, 0x70, 0x80, 0x00, 0xff, 0xff, 0x7c, 0x11, 0x00, 0xff, 0x00, 0xd7,
  0x55, 0x00, 0x1e, 0xff, 0x00, 0x2a, 0x49, 0x00, 0x8b, 0xff, 0x00, 0x26,
  0x48, 0x00, 0xff, 0x00, 0x05, 0x46, 0x00, 0xff, 0x00, 0x22, 0x47, 0x00,
  0xff, 0x00, 0x09, 0x60, 0x00, 0x08, 0xff, 0x00, 0xb1, 0xbc, 0x00, 0xff,
  0x00, 0x00, 0xc8, 0x00, 0x05, 0xff, 0x00, 0x0a, 0xbe, 0x00, 0xff, 0x00,
  0x08, 0xb1, 0x00, 0xff, 0x00, 0x08, 0xb1, 0x00, 0xff, 0x00, 0x0a, 0xbe,
  0x00, 0x1f, 0xff, 0x02, 0x86, 0xae, 0x00, 0x07, 0xff, 0x00, 0x0a, 0xbe,
  0x00, 0xff, 0xff, 0xf7, 0x4f, 0x00, 0xff, 0x00, 0x08, 0xb1, 0x00, 0xff,
  0xff, 0xf5, 0x42, 0x00, 0x1e, 0xff, 0xff, 0x0c, 0x8b, 0x00, 0xff, 0xff,
  0xff, 0x1f, 0x00, 0x05, 0xff, 0xff, 0xf5, 0x42, 0x00, 0xff, 0xff, 0xf7,
  0x4f, 0x00, 0xff, 0xff, 0xf7, 0x4f, 0x00, 0xff, 0xff, 0xf5, 0x42, 0x00,
  0x1f, 0xff, 0xfe, 0x73, 0x39, 0x00, 0x07, 0xff, 0xff, 0xe5, 0xed, 0x00,
  0xff, 0xff, 0xeb, 0xe2, 0x00, 0xff, 0xff, 0xea, 0xcf, 0x00, 0xff, 0xff,
  0xe7, 0x4b, 0x00, 0x1e, 0xff, 0xff, 0xef, 0x1b, 0x00, 0x8b, 0xff, 0xff,
  0xf0, 0xf6, 0x00, 0xff, 0x00, 0x0a, 0x0f, 0x00, 0xff, 0xff, 0xf8, 0x30,
  0x00, 0xff, 0x00, 0x0e, 0xa6, 0x00, 0xff, 0xff, 0xfc, 0x63, 0x00, 0xff,
  0x00, 0x06, 0xbd, 0x00, 0xff, 0xff, 0xfd, 0xc1, 0x00, 0xff, 0x00, 0x07,
  0x9e, 0x00, 0x8b, 0xff, 0x00, 0x08, 0x34, 0x00, 0x08, 0xff, 0x01, 0x8c,
  0xf9, 0x00, 0x07, 0x8b, 0xff, 0x00, 0x0a, 0x73, 0x00, 0xff, 0xff, 0xf7,
  0xb3, 0x00, 0xff, 0x00, 0x08, 0x7f, 0x00, 0xff, 0xff, 0xf5, 0x8d, 0x00,
  0xff, 0x00, 0x00, 0x64, 0x00, 0x08, 0x0b, 0xff, 0xff, 0xfc, 0xf9, 0x00,
  0x8b, 0xff, 0xff, 0xa3, 0x9e, 0x00, 0xff, 0xff, 0xf4, 0x2f, 0x00, 0xff,
  0xff, 0xfd, 0x12, 0x00, 0xff, 0x01, 0x83, 0xcb, 0x00, 0xff, 0xff, 0xff,
  0xe7, 0x00, 0xff, 0x00, 0x0a, 0xbe, 0x00, 0xff, 0xff, 0xf7, 0x68, 0x00,
  0xff, 0x00, 0x08, 0xca, 0x00, 0xff, 0xff, 0xf5, 0x42, 0x00, 0x8b, 0x08,
  0xff, 0xff, 0x04, 0xa2, 0x00, 0x06, 0xff, 0xff, 0xf5, 0x29, 0x00, 0x8b,
  0xff, 0xff, 0xf7, 0x36, 0x00, 0xff, 0xff, 0xf7, 0x04, 0x00, 0xff, 0x00,
  0x00, 0x19, 0x00, 0xff, 0xff, 0xf5, 0x29, 0x00, 0xff, 0x00, 0x05, 0xc3,
  0x00, 0xff, 0xfd, 0x83, 0xac, 0x00, 0xff, 0x01, 0x1f, 0x4e, 0x00, 0xff,
  0x00, 0x29, 0x68, 0x00, 0x8b, 0x8b, 0x8b, 0xff, 0xff, 0xb0, 0x9b, 0x00,
  0xff, 0xff, 0x3e, 0x8b, 0x00, 0xff, 0xff, 0xc9, 0xb4, 0x00, 0xff, 0xff,
  0xc8, 0xa1, 0x00, 0xff, 0xff, 0xf2, 0x22, 0x00, 0xff, 0xff, 0xf7, 0x4f,
  0x00, 0xff, 0xff, 0xfd, 0xda, 0x00, 0xff, 0xff, 0xfa, 0x0b, 0x00, 0xff,
  0xff, 0xf8, 0x30, 0x00, 0x8b, 0xff, 0xff, 0xf7, 0x1d, 0x00, 0x08, 0xff,
  0xff, 0x20, 0x13, 0x00, 0x07, 0x8b, 0xff, 0xff, 0xf4, 0xc5, 0x00, 0xff,
  0x00, 0x09, 0x2e, 0x00, 0xff, 0xff, 0xf7, 0x1d, 0x00, 0xff, 0x00, 0x0b,
  0x22, 0x00, 0xff, 0x00, 0x00, 0x96, 0x00, 0xff, 0x00, 0x76, 0xf2, 0x00,
  0xff, 0x00, 0x06, 0x27, 0x00, 0xff, 0x02, 0x58, 0x19, 0x00, 0xff, 0x00,
  0x4c, 0xc2, 0x00, 0xff, 0x00, 0x08, 0x7f, 0x00, 0xff, 0x03, 0x99, 0xe0,
  0x00, 0xff, 0x00, 0x00, 0x19, 0x00, 0xff, 0x00, 0x0a, 0xd7, 0x00, 0xff,
  0xff, 0xf7, 0x1d, 0x00, 0xff, 0x00, 0x08, 0xfc, 0x00, 0xff, 0xff, 0xf5,
  0x29, 0x00, 0x8b, 0x08, 0xff, 0xff, 0x04, 0xbb, 0x00, 0x06, 0xff, 0xff,
  0xf5, 0x5b, 0x00, 0x8b, 0xff, 0xff, 0xf7, 0x4f, 0x00, 0xff, 0xff, 0xf7,
  0x36, 0x00, 0xff, 0xff, 0xff, 0xe7, 0x00, 0xff, 0xff, 0xf5, 0x42, 0x00,
  0xff, 0xff, 0xfc, 0xf9, 0x00, 0xff, 0xfe, 0x7c, 0x35, 0x00, 0xff, 0xff,
  0xa3, 0x9e, 0x00, 0xff, 0x00, 0x0b, 0xd1, 0x00, 0xff, 0xff, 0xfc, 0xf9,
  0x00, 0x8b, 0x08, 0x0b, 0xff, 0x00, 0x61, 0x44, 0x00, 0xff, 0xff, 0xac,
  0x04, 0x00, 0x05, 0xff, 0x00, 0x08, 0x7f, 0x00, 0xff, 0xff, 0xf8, 0xc6,
  0x00, 0xff, 0x00, 0x0c, 0xe4, 0x00, 0xff, 0x00, 0x01, 0x2c, 0x00, 0xff,
  0x00, 0x06, 0xbd, 0x00, 0xff, 0x00, 0x08, 0xe3, 0x00, 0xff, 0x00, 0x11,
  0x30, 0x00, 0xff, 0x00, 0x16, 0xa8, 0x00, 0xff, 0x00, 0x21, 0x98, 0x00,
  0xff, 0x00, 0x25, 0xfd, 0x00, 0xff, 0x00, 0x22, 0x15, 0x00, 0x8b, 0x08,
  0x0b, 0xff, 0x00, 0x2a, 0x30, 0x00, 0x8b, 0xff, 0x00, 0x2d, 0x82, 0x00,
  0xff, 0xff, 0xbb, 0xbd, 0x00, 0xff, 0x00, 0x53, 0x98, 0x00, 0x8b, 0xff,
  0x00, 0x6a, 0xbd, 0x00, 0x8b, 0xff, 0x00, 0x3f, 0xf7, 0x00, 0xff, 0x00,
  0x5c, 0x62, 0x00, 0xff, 0x00, 0x15, 0x18, 0x00, 0xff, 0x00, 0x24, 0x9f,
  0x00, 0xff, 0x00, 0x04, 0xc9, 0x00, 0xff, 0x00, 0x08, 0x4d, 0x00, 0xff,
  0xff, 0xfd, 0xf3, 0x00, 0xff, 0x00, 0x0a, 0x73, 0x00, 0xff, 0xff, 0xf8,
  0x94, 0x00, 0xff, 0x00, 0x06, 0x0e, 0x00, 0x08, 0xff, 0xff, 0x9f, 0x07,
  0x00, 0xff, 0x00, 0x50, 0xaa, 0x00, 0x05, 0xff, 0xff, 0xf7, 0x68, 0x00,
  0xff, 0x00, 0x06, 0xef, 0x00, 0xff, 0xff, 0xf3, 0x67, 0x00, 0xff, 0xff,
  0xfe, 0x70, 0x00, 0xff, 0xff, 0xf9, 0x75, 0x00, 0xff, 0xff, 0xf7, 0x36,
  0x00, 0xff, 0xff, 0xef, 0xfc, 0x00, 0xff, 0xff, 0xea, 0x9d, 0x00, 0xff,
  0xff, 0xe0, 0xa7, 0x00, 0xff, 0xff, 0xdb, 0x61, 0x00, 0xff, 0xff, 0xdb,
  0xc5, 0x00, 0x8b, 0x08, 0x0b, 0xff, 0xff, 0xd8, 0x41, 0x00, 0x8b, 0xff,
  0xff, 0xcb, 0xa8, 0x00, 0xff, 0x00, 0x41, 0xb9, 0x00, 0xff, 0xff, 0xb1,
  0x4a, 0x00, 0x8b, 0xff, 0xff, 0x9e, 0x0d, 0x00, 0x8b, 0xff, 0xff, 0xb9,
  0xb0, 0x00, 0xff, 0xff, 0xa6, 0xbe, 0x00, 0xff, 0xff, 0xe7, 0x64, 0x00,
  0xff, 0xff, 0xdd, 0x3c, 0x00, 0x08, 0xff, 0xff, 0xfa, 0x3d, 0x00, 0xff,
  0xff, 0xf7, 0xcc, 0x00, 0xff, 0x00, 0x01, 0x77, 0x00, 0xff, 0xff, 0xf4,
  0xc5, 0x00, 0xff, 0x00, 0x07, 0x9e, 0x00, 0xff, 0xff, 0xf9, 0x75, 0x00,
  0x08, 0x0b, 0xff, 0xff, 0xb5, 0xd7, 0x40, 0xff, 0x00, 0x3c, 0x1e, 0x40,
  0xff, 0xff, 0xc3, 0xe1, 0xc0, 0xff, 0x00, 0x4a, 0x28, 0xc0, 0xff, 0x00,
  0x4a, 0x28, 0xc0, 0xff, 0x00, 0x3c, 0x1e, 0x40, 0xff, 0x00, 0x3c, 0x1e,
  0x40, 0xff, 0x00, 0x4a, 0x28, 0xc0, 0xff, 0x00, 0x4a, 0x28, 0xc0, 0xff,
  0xff, 0xc3, 0xe1, 0xc0, 0xff, 0x00, 0x3c, 0x1e, 0x40, 0xff, 0xff, 0xb5,
  0xd7, 0x40, 0xff, 0xff, 0xb5, 0xd7, 0x40, 0xff, 0xff, 0xc3, 0xe1, 0xc0,
  0xff, 0xff, 0xc3, 0xe1, 0xc0, 0xff, 0xff, 0xb5, 0xd7, 0x40, 0x1e, 0x0b,
  0xff, 0xff, 0x37, 0x2b, 0x80, 0xff, 0xff, 0x5d, 0x41, 0x80, 0xff, 0x00,
  0xa0, 0x8c, 0x00, 0xff, 0x00, 0xc5, 0xe6, 0x80, 0xff, 0x00, 0xc5, 0xe6,
  0x80, 0xff, 0x00, 0xa2, 0xbe, 0x80, 0xff, 0x00, 0xa0, 0x8c, 0x00, 0xff,
  0x00, 0xc8, 0xd4, 0x80, 0xff, 0x00, 0xc8, 0xd4, 0x80, 0xff, 0x00, 0xa2,
  0xbe, 0x80, 0xff, 0xff, 0x5f, 0x74, 0x00, 0xff, 0xff, 0x3a, 0x19, 0x80,
  0xff, 0xff, 0x3a, 0x19, 0x80, 0xff, 0xff, 0x5d, 0x41, 0x80, 0xff, 0xff,
  0x5f, 0x74, 0x00, 0xff, 0xff, 0x37, 0x2b, 0x80, 0x1f, 0x0b, 0xff, 0x00,
  0x06, 0x40, 0x00, 0xff, 0xff, 0xf8, 0xad, 0x00, 0xff, 0x00, 0x0a, 0xa5,
  0x00, 0xff, 0xff, 0xfe, 0x57, 0x00, 0xff, 0x00, 0x08, 0x1b, 0x00, 0xff,
  0x00, 0x04, 0xfb, 0x00, 0x08, 0xff, 0x00, 0xf5, 0x82, 0x00, 0xff, 0x00,
  0x9d, 0x9e, 0x00, 0x05, 0xff, 0x00, 0x09, 0xab, 0x00, 0xff, 0x00, 0x05,
  0xf5, 0x00, 0xff, 0x00, 0x02, 0xa3, 0x00, 0xff, 0x00, 0x0c, 0xfd, 0x00,
  0xff, 0xff, 0xf9, 0x43, 0x00, 0xff, 0x00, 0x09, 0x2e, 0x00, 0x08, 0x27,
  0xff, 0x00, 0x89, 0x35, 0x00, 0x05, 0xff, 0xff, 0xf9, 0x43, 0x00, 0xff,
  0x00, 0x09, 0x2e, 0x00, 0xff, 0xff, 0xf2, 0xb8, 0x00, 0xff, 0x00, 0x01,
  0x77, 0x00, 0xff, 0xff, 0xf7, 0x68, 0x00, 0xff, 0xff, 0xf8, 0x7b, 0x00,
  0x08, 0xff, 0xff, 0x1b, 0xae, 0x00, 0xff, 0xff, 0x3b, 0x20, 0x00, 0x05,
  0xff, 0xff, 0xf8, 0x17, 0x00, 0xff, 0xff, 0xf8, 0xf8, 0x00, 0xff, 0xff,
  0xff, 0x1f, 0x00, 0xff, 0xff, 0xf3, 0xe4, 0x00, 0xff, 0x00, 0x06, 0xd6,
  0x00, 0xff, 0xff, 0xf7, 0xe5, 0x00, 0x08, 0x0b, 0xff, 0xff, 0xe6, 0xe0,
  0xc0, 0xff, 0xff, 0xeb, 0xb6, 0x40, 0xff, 0x00, 0x13, 0xa1, 0x00, 0xff,
  0x00, 0x18, 0x3e, 0x40, 0xff, 0x00, 0x18, 0x3e, 0x40, 0xff, 0x00, 0x14,
  0x5c, 0x80, 0xff, 0x00, 0x13, 0xa1, 0x00, 0xff, 0x00, 0x19, 0x0c, 0x80,
  0xff, 0x00, 0x19, 0x0c, 0x80, 0xff, 0x00, 0x14, 0x5c, 0x80, 0xff, 0xff,
  0xec, 0x5f, 0x00, 0xff, 0xff, 0xe7, 0xc1, 0xc0, 0xff, 0xff, 0xe7, 0xc1,
  0xc0, 0xff, 0xff, 0xeb, 0xa3, 0x80, 0xff, 0xff, 0xec, 0x5f, 0x00, 0xff,
  0xff, 0xe6, 0xf3, 0x80, 0x1f, 0x0b, 0xff, 0x00, 0x00, 0x32, 0x00, 0xff,
  0x02, 0x4b, 0x67, 0x00, 0x07, 0xff, 0x00, 0x0a, 0xbe, 0x00, 0xff, 0x00,
  0x08, 0xb1, 0x00, 0xff, 0x00, 0x08, 0xb1, 0x00, 0xff, 0x00, 0x0a, 0xbe,
  0x00, 0x1f, 0xff, 0x00, 0xc7, 0x6a, 0x00, 0x07, 0xff, 0x00, 0x0a, 0xbe,
  0x00, 0xff, 0xff, 0xf7, 0x4f, 0x00, 0xff, 0x00, 0x08, 0xb1, 0x00, 0xff,
  0xff, 0xf5, 0x42, 0x00, 0x1e, 0xff, 0xfe, 0xb9, 0xbb, 0x00, 0xff, 0x00,
  0x8e, 0x30, 0x00, 0xff, 0x01, 0x19, 0xd6, 0x00, 0x06, 0xff, 0x00, 0x0a,
  0xbe, 0x00, 0xff, 0x00, 0x08, 0xb1, 0x00, 0xff, 0x00, 0x08, 0xb1, 0x00,
  0xff, 0x00, 0x0a, 0xbe, 0x00, 0x1f, 0xff, 0x00, 0xc7, 0x6a, 0x00, 0x07,
  0xff, 0x00, 0x0a, 0xbe, 0x00, 0xff, 0xff, 0xf7, 0x4f, 0x00, 0xff, 0x00,
  0x08, 0xb1, 0x00, 0xff, 0xff, 0xf5, 0x42, 0x00, 0x1e, 0xff, 0xfe, 0xe6,
  0x2a, 0x00, 0xff, 0x00, 0x8e, 0x30, 0x00, 0xff, 0x01, 0x46, 0x2c, 0x00,
  0x06, 0xff, 0x00, 0x0a, 0xbe, 0x00, 0xff, 0x00, 0x08, 0xb1, 0x00, 0xff,
  0x00, 0x08, 0xb1, 0x00, 0xff, 0x00, 0x0a, 0xbe, 0x00, 0x1f, 0xff, 0x00,
  0xc7, 0x6a, 0x00, 0x07, 0xff, 0x00, 0x0a, 0xbe, 0x00, 0xff, 0xff, 0xf7,
  0x4f, 0x00, 0xff, 0x00, 0x08, 0xb1, 0x00, 0xff, 0xff, 0xf5, 0x42, 0x00,
  0x1e, 0xff, 0xfd, 0xb4, 0xb2, 0x00, 0x06, 0xff, 0xff, 0xf5, 0x42, 0x00,
  0xff, 0xff, 0xf7, 0x4f, 0x00, 0xff, 0xff, 0xf7, 0x4f, 0x00, 0xff, 0xff,
  0xf5, 0x42, 0x00, 0x1f, 0xff, 0xfc, 0x3f, 0x74, 0x00, 0x07, 0xff, 0xff,
  0xf5, 0x42, 0x00, 0xff, 0x00, 0x08, 0xb1, 0x00, 0xff, 0xff, 0xf7, 0x4f,
  0x00, 0xff, 0x00, 0x0a, 0xbe, 0x00, 0x1e, 0x0b, 0xff, 0xff, 0xb5, 0xd7,
  0x40, 0xff, 0x00, 0x3c, 0x1e, 0x40, 0xff, 0xff, 0xc3, 0xe1, 0xc0, 0xff,
  0x00, 0x4a, 0x28, 0xc0, 0xff, 0x00, 0x4a, 0x28, 0xc0, 0xff, 0x00, 0x3c,
  0x1e, 0x40, 0xff, 0x00, 0x3c, 0x1e, 0x40, 0xff, 0x00, 0x4a, 0x28, 0xc0,
  0xff, 0x00, 0x4a, 0x28, 0xc0, 0xff, 0xff, 0xc3, 0xe1, 0xc0, 0xff, 0x00,
  0x3c, 0x1e, 0x40, 0xff, 0xff, 0xb5, 0xd7, 0x40, 0x1e, 0xff, 0xff, 0xb5,
  0xd7, 0x40, 0xff, 0xff, 0xc3, 0xe1, 0xc0, 0xff, 0xff, 0xc3, 0xe1, 0xc0,
  0xff, 0xff, 0xb5, 0xd7, 0x40, 0x1f, 0x0b, 0xff, 0xff, 0xf9, 0xc0, 0x00,
  0xff, 0xff, 0xf8, 0xad, 0x00, 0xff, 0xff, 0xf5, 0x74, 0x00, 0xff, 0xff,
  0xfe, 0x3e, 0x00, 0xff, 0xff, 0xf7, 0xcc, 0x00, 0xff, 0x00, 0x05, 0x14,
  0x00, 0x08, 0xff, 0xff, 0x0a, 0x7e, 0x00, 0xff, 0x00, 0x9d, 0x9e, 0x00,
  0x05, 0xff, 0xff, 0xf6, 0x55, 0x00, 0xff, 0x00, 0x05, 0xf5, 0x00, 0xff,
  0xff, 0xfd, 0x5d, 0x00, 0xff, 0x00, 0x0c, 0xfd, 0x00, 0xff, 0x00, 0x06,
  0xbd, 0x00, 0xff, 0x00, 0x09, 0x2e, 0x00, 0x08, 0xef, 0xff, 0x00, 0x89,
  0x35, 0x00, 0x05, 0xff, 0x00, 0x06, 0xbd, 0x00, 0xff, 0x00, 0x09, 0x2e,
  0x00, 0xff, 0x00, 0x0d, 0x48, 0x00, 0xff, 0x00, 0x01, 0x77, 0x00, 0xff,
  0x00, 0x08, 0x98, 0x00, 0xff, 0xff, 0xf8, 0x7b, 0x00, 0x08, 0xff, 0x00,
  0xe4, 0x52, 0x00, 0xff, 0xff, 0x3b, 0x20, 0x00, 0x05, 0xff, 0x00, 0x07,
  0xe9, 0x00, 0xff, 0xff, 0xf8, 0xf8, 0x00, 0xff, 0x00, 0x00, 0xe1, 0x00,
  0xff, 0xff, 0xf3, 0xe4, 0x00, 0xff, 0xff, 0xf9, 0x2a, 0x00, 0xff, 0xff,
  0xf7, 0xe5, 0x00, 0x08, 0x0b, 0xff, 0x00, 0x06, 0x40, 0x00, 0xff, 0xff,
  0xf8, 0xad, 0x00, 0xff, 0x00, 0x0a, 0x8c, 0x00, 0xff, 0xff, 0xfe, 0x3e,
  0x00, 0xff, 0x00, 0x08, 0x34, 0x00, 0xff, 0x00, 0x05, 0x14, 0x00, 0x08,
  0xff, 0x00, 0xf5, 0x82, 0x00, 0xff, 0x00, 0x9d, 0x9e, 0x00, 0x05, 0xff,
  0x00, 0x09, 0xab, 0x00, 0xff, 0x00, 0x05, 0xf5, 0x00, 0xff, 0x00, 0x02,
  0xa3, 0x00, 0xff, 0x00, 0x0c, 0xfd, 0x00, 0xff, 0xff, 0xf9, 0x43, 0x00,
  0xff, 0x00, 0x09, 0x2e, 0x00, 0x08, 0x27, 0xff, 0x00, 0x89, 0x35, 0x00,
  0x05, 0xff, 0xff, 0xf9, 0x43, 0x00, 0xff, 0x00, 0x09, 0x2e, 0x00, 0xff,
  0xff, 0xf2, 0xb8, 0x00, 0xff, 0x00, 0x01, 0x77, 0x00, 0xff, 0xff, 0xf7,
  0x68, 0x00, 0xff, 0xff, 0xf8, 0x7b, 0x00, 0x08, 0xff, 0xff, 0x1b, 0xae,
  0x00, 0xff, 0xff, 0x3b, 0x20, 0x00, 0x05, 0xff, 0xff, 0xf8, 0x17, 0x00,
  0xff, 0xff, 0xf8, 0xf8, 0x00, 0xff, 0xff, 0xff, 0x1f, 0x00, 0xff, 0xff,
  0xf3, 0xe4, 0x00, 0xff, 0x00, 0x06, 0xd6, 0x00, 0xff, 0xff, 0xf7, 0xe5,
  0x00, 0x08, 0x0b, 0xff, 0xff, 0xc7, 0x75, 0x00, 0xff, 0xff, 0xd2, 0x33,
  0x00, 0xff, 0x00, 0x2d, 0xcd, 0x00, 0xff, 0x00, 0x38, 0x8b, 0x00, 0xff,
  0x00, 0x38, 0x8b, 0x00, 0xff, 0x00, 0x2d, 0xcd, 0x00, 0xff, 0x00, 0x2d,
  0xcd, 0x00, 0xff, 0x00, 0x38, 0x8b, 0x00, 0xff, 0x00, 0x38, 0x8b, 0x00,
  0xff, 0x00, 0x2d, 0xcd, 0x00, 0xff, 0xff, 0xd2, 0x1a, 0x00, 0xff, 0xff,
  0xc7, 0x8e, 0x00, 0x1f, 0xff, 0xff, 0xc7, 0x8e, 0x00, 0xff, 0xff, 0xd2,
  0x33, 0x00, 0xff, 0xff, 0xd2, 0x1a, 0x00, 0xff, 0xff, 0xc7, 0x75, 0x00,
  0x1e, 0x0b, 0xff, 0xff, 0x42, 0xf0, 0x00, 0xff, 0xff, 0xd6, 0x7f, 0x00,
  0x05, 0xff, 0xff, 0xfb, 0xb4, 0x00, 0xff, 0xff, 0xff, 0x06, 0x00, 0xff,
  0xff, 0xfc, 0xe0, 0x00, 0xff, 0x00, 0x04, 0x97, 0x00, 0xff, 0x00, 0x02,
  0x26, 0x00, 0xff, 0x00, 0x03, 0xe8, 0x00, 0x08, 0x0b, 0xff, 0x00, 0x15,
  0x31, 0x00, 0xff, 0x00, 0x25, 0xb2, 0x00, 0xff, 0x00, 0x33, 0x2c, 0x00,
  0xff, 0x00, 0x1a, 0x90, 0x00, 0xff, 0x00, 0x34, 0x71, 0x00, 0x8b, 0xff,
  0x00, 0x1c, 0x84, 0x00, 0x8b, 0xff, 0x00, 0x18, 0x1f, 0x00, 0xff, 0xff,
  0xf7, 0xfe, 0x00, 0xff, 0x00, 0x12, 0xa7, 0x00, 0xff, 0xff, 0xf2, 0xd1,
  0x00, 0xff, 0x00, 0x03, 0x84, 0x00, 0xff, 0xff, 0xfd, 0x5d, 0x00, 0xff,
  0xff, 0xff, 0x06, 0x00, 0xff, 0xff, 0xfa, 0x6f, 0x00, 0xff, 0xff, 0xfb,
  0xb4, 0x00, 0xff, 0xff, 0xff, 0x1f, 0x00, 0x08, 0x0b, 0x00, 0x00, 0x00,
  0x00, 0x01, 0x00, 0x00, 0x00, 0x00, 0x00, 0x00, 0x00, 0x0c, 0x00, 0x14,
  0x00, 0x04, 0x00, 0x00, 0x00, 0x02, 0x00, 0x00, 0x00, 0x01, 0x00, 0x00,
  0x00, 0x01, 0x00, 0x00, 0x00, 0x01, 0x00, 0x00, 0x00, 0x0a, 0x00, 0x2c,
  0x00, 0x2e, 0x00, 0x02, 0x44, 0x46, 0x4c, 0x54, 0x00, 0x0e, 0x6c, 0x61,
  0x74, 0x6e, 0x00, 0x18, 0x00, 0x04, 0x00, 0x00, 0x00, 0x00, 0xff, 0xff,
  0x00, 0x00, 0x00, 0x04, 0x00, 0x00, 0x00, 0x00, 0xff, 0xff, 0x00, 0x00,
  0x00, 0x00, 0x00, 0x00, 0x00, 0x01, 0x00, 0x00, 0x00, 0x0a, 0x00, 0x30,
  0x00, 0x3e, 0x00, 0x02, 0x44, 0x46, 0x4c, 0x54, 0x00, 0x0e, 0x6c, 0x61,
  0x74, 0x6e, 0x00, 0x1a, 0x00, 0x04, 0x00, 0x00, 0x00, 0x00, 0xff, 0xff,
  0x00, 0x01, 0x00, 0x00, 0x00, 0x04, 0x00, 0x00, 0x00, 0x00, 0xff, 0xff,
  0x00, 0x01, 0x00, 0x00, 0x00, 0x01, 0x6b, 0x65, 0x72, 0x6e, 0x00, 0x08,
  0x00, 0x00, 0x00, 0x01, 0x00, 0x00, 0x00, 0x01, 0x00, 0x04, 0x00, 0x02,
  0x00, 0x00, 0x00, 0x01, 0x00, 0x08, 0x00, 0x01, 0x1f, 0x78, 0x00, 0x04,
  0x00, 0x00, 0x00, 0x64, 0x00, 0xd2, 0x01, 0xb0, 0x02, 0x4e, 0x03, 0x54,
  0x03, 0xa2, 0x04, 0x54, 0x05, 0x52, 0x05, 0xa4, 0x05, 0xb6, 0x05, 0xc8,
  0x05, 0xfe, 0x06, 0xc0, 0x07, 0x2e, 0x07, 0x40, 0x07, 0x52, 0x07, 0xa0,
  0x08, 0x4e, 0x08, 0x7c, 0x08, 0xfe, 0x09, 0x9c, 0x0a, 0xa6, 0x0a, 0xe0,
  0x0b, 0xea, 0x0c, 0xf4, 0x0d, 0xaa, 0x0e, 0xb4, 0x0f, 0x0a, 0x0f, 0x24,
  0x0f, 0x92, 0x10, 0x14, 0x10, 0x1a, 0x10, 0x8c, 0x11, 0x8a, 0x11, 0xa0,
  0x11, 0xc2, 0x11, 0xc8, 0x11, 0xce, 0x12, 0x48, 0x11, 0xa0, 0x11, 0xa0,
  0x0f, 0x24, 0x0f, 0x24, 0x11, 0x8a, 0x12, 0x4e, 0x12, 0xf4, 0x13, 0xf6,
  0x14, 0xa0, 0x14, 0xba, 0x15, 0x64, 0x11, 0xce, 0x16, 0x0e, 0x16, 0xb8,
  0x00, 0xd2, 0x00, 0xd2, 0x00, 0xd2, 0x00, 0xd2, 0x00, 0xd2, 0x00, 0xd2,
  0x00, 0xd2, 0x17, 0x36, 0x18, 0x30, 0x18, 0x30, 0x18, 0x30, 0x18, 0x30,
  0x18, 0xd6, 0x18, 0xd6, 0x18, 0xd6, 0x19, 0x20, 0x19, 0x20, 0x19, 0x20,
  0x19, 0x4e, 0x01, 0xb0, 0x1a, 0x4c, 0x1a, 0x66, 0x1a, 0x80, 0x1a, 0x9a,
  0x1a, 0x80, 0x1a, 0xb4, 0x0f, 0x0a, 0x1a, 0xce, 0x1b, 0x50, 0x1b, 0xc2,
  0x1c, 0x34, 0x1c, 0xa6, 0x12, 0x48, 0x1d, 0x18, 0x1d, 0x18, 0x1d, 0x72,
  0x1d, 0xe0, 0x1e, 0x4e, 0x1e, 0xbc, 0x1e, 0xbc, 0x1f, 0x2a, 0x1f, 0x44,
  0x1f, 0x5e, 0x1f, 0x5e, 0x16, 0x0e, 0x16, 0x0e, 0x03, 0xa2, 0x10, 0x1a,
  0x00, 0x37, 0x00, 0x24, 0xff, 0x8f, 0x00, 0x28, 0xff, 0x8f, 0x00, 0x30,
  0xff, 0x8f, 0x00, 0x32, 0xff, 0x8f, 0x00, 0x35, 0xff, 0x3c, 0x00, 0x36,
  0xff, 0xae, 0x00, 0x37, 0xfe, 0xe8, 0x00, 0x38, 0xff, 0x97, 0x00, 0x3a,
  0xff, 0x19, 0x00, 0x42, 0xff, 0xb7, 0x00, 0x44, 0xff, 0xbc, 0x00, 0x45,
  0xff, 0xbc, 0x00, 0x46, 0xff, 0xbc, 0x00, 0x47, 0xff, 0x9c, 0x00, 0x48,
  0xff, 0xbc, 0x00, 0x4b, 0xff, 0x65, 0x00, 0x50, 0xff, 0xbc, 0x00, 0x52,
  0xff, 0xbc, 0x00, 0x55, 0xff, 0x8c, 0x00, 0x56, 0xff, 0xbf, 0x00, 0x57,
  0xff, 0x39, 0x00, 0x58, 0xff, 0x63, 0x00, 0x5a, 0xff, 0x89, 0x00, 0x6d,
  0xff, 0x8f, 0x00, 0x77, 0xff, 0x8f, 0x00, 0x78, 0xff, 0x8f, 0x00, 0x7b,
  0xff, 0x8f, 0x00, 0x7d, 0xff, 0xae, 0x00, 0x7e, 0xff, 0xae, 0x00, 0x80,
  0xff, 0xae, 0x00, 0x81, 0xff, 0x19, 0x00, 0x83, 0xff, 0xb7, 0x00, 0x84,
  0xff, 0xb7, 0x00, 0x85, 0xff, 0xb7, 0x00, 0x86, 0xff, 0xb7, 0x00, 0x87,
  0xff, 0xb7, 0x00, 0x88, 0xff, 0xb7, 0x00, 0x89, 0xff, 0xbc, 0x00, 0x8a,
  0xff, 0xbc, 0x00, 0x8b, 0xff, 0xbc, 0x00, 0x8c, 0xff, 0xbc, 0x00, 0x8d,
  0xff, 0xbc, 0x00, 0x8e, 0xff, 0xbc, 0x00, 0x94, 0xff, 0xbc, 0x00, 0x95,
  0xff, 0xbc, 0x00, 0x96, 0xff, 0xbc, 0x00, 0x98, 0xff, 0xbc, 0x00, 0x9b,
  0xff, 0xbf, 0x00, 0x9c, 0xff, 0xbf, 0x00, 0x9d, 0xff, 0xbf, 0x00, 0x9e,
  0xff, 0xbf, 0x00, 0x9f, 0xff, 0x89, 0x00, 0xa0, 0xff, 0x89, 0x00, 0xa1,
  0xff, 0x8f, 0x00, 0xa2, 0xff, 0xbc, 0x00, 0x27, 0x00, 0x22, 0xff, 0xc3,
  0x00, 0x24, 0xff, 0xed, 0x00, 0x28, 0xff, 0xed, 0x00, 0x30, 0xff, 0xed,
  0x00, 0x32, 0xff, 0xed, 0x00, 0x34, 0xff, 0xd7, 0x00, 0x35, 0xff, 0xd2,
  0x00, 0x37, 0xff, 0x98, 0x00, 0x38, 0xff, 0xba, 0x00, 0x39, 0xff, 0xe6,
  0x00, 0x3a, 0xff, 0xc3, 0x00, 0x3b, 0xff, 0xce, 0x00, 0x47, 0xff, 0xea,
  0x00, 0x4b, 0xff, 0x1e, 0x00, 0x54, 0xff, 0xe9, 0x00, 0x55, 0xff, 0xe7,
  0x00, 0x57, 0xff, 0xd5, 0x00, 0x58, 0xff, 0xd4, 0x00, 0x59, 0xff, 0xe2,
  0x00, 0x5a, 0xff, 0xeb, 0x00, 0x5b, 0xff, 0xdd, 0x00, 0x66, 0xff, 0xc3,
  0x00, 0x67, 0xff, 0xc3, 0x00, 0x68, 0xff, 0xc3, 0x00, 0x69, 0xff, 0xc3,
  0x00, 0x6a, 0xff, 0xc3, 0x00, 0x6b, 0xff, 0xc3, 0x00, 0x6c, 0xff, 0xc3,
  0x00, 0x6d, 0xff, 0xed, 0x00, 0x77, 0xff, 0xed, 0x00, 0x78, 0xff, 0xed,
  0x00, 0x7b, 0xff, 0xed, 0x00, 0x81, 0xff, 0xc3, 0x00, 0x8f, 0x00, 0x25,
  0x00, 0x91, 0x00, 0x25, 0x00, 0x92, 0x00, 0x4e, 0x00, 0x9f, 0xff, 0xeb,
  0x00, 0xa0, 0xff, 0xeb, 0x00, 0xa1, 0xff, 0xed, 0x00, 0x41, 0x00, 0x22,
  0xff, 0xd5, 0x00, 0x24, 0xff, 0xb2, 0x00, 0x28, 0xff, 0xb2, 0x00, 0x30,
  0xff, 0xb2, 0x00, 0x32, 0xff, 0xb2, 0x00, 0x37, 0xff, 0xcc, 0x00, 0x38,
  0xff, 0xe9, 0x00, 0x39, 0xff, 0xf0, 0x00, 0x3a, 0xff, 0xf4, 0x00, 0x42,
  0xff, 0xe0, 0x00, 0x44, 0xff, 0xe4, 0x00, 0x45, 0xff, 0xe4, 0x00, 0x46,
  0xff, 0xe4, 0x00, 0x47, 0xff, 0x8a, 0x00, 0x48, 0xff, 0xe4, 0x00, 0x4b,
  0xff, 0x27, 0x00, 0x50, 0xff, 0xe4, 0x00, 0x52, 0xff, 0xe4, 0x00, 0x54,
  0xff, 0xe6, 0x00, 0x55, 0xff, 0x88, 0x00, 0x56, 0xff, 0xf8, 0x00, 0x57,
  0xff, 0x7d, 0x00, 0x58, 0xff, 0x8a, 0x00, 0x59, 0xff, 0xf2, 0x00, 0x5a,
  0xff, 0xb3, 0x00, 0x5b, 0xff, 0xc2, 0x00, 0x66, 0xff, 0xd5, 0x00, 0x67,
  0xff, 0xd5, 0x00, 0x68, 0xff, 0xd5, 0x00, 0x69, 0xff, 0xd5, 0x00, 0x6a,
  0xff, 0xd5, 0x00, 0x6b, 0xff, 0xd5, 0x00, 0x6c, 0xff, 0xd5, 0x00, 0x6d,
  0xff, 0xb2, 0x00, 0x77, 0xff, 0xb2, 0x00, 0x78, 0xff, 0xb2, 0x00, 0x7b,
  0xff, 0xb2, 0x00, 0x81, 0xff, 0xf4, 0x00, 0x83, 0xff, 0xe0, 0x00, 0x84,
  0xff, 0xe0, 0x00, 0x85, 0xff, 0xe0, 0x00, 0x86, 0xff, 0xe0, 0x00, 0x87,
  0xff, 0xe0, 0x00, 0x88, 0xff, 0xe0, 0x00, 0x89, 0xff, 0xe4, 0x00, 0x8a,
  0xff, 0xe4, 0x00, 0x8b, 0xff, 0xe4, 0x00, 0x8c, 0xff, 0xe4, 0x00, 0x8d,
  0xff, 0xe4, 0x00, 0x8e, 0xff, 0xe4, 0x00, 0x8f, 0x00, 0x50, 0x00, 0x91,
  0x00, 0x50, 0x00, 0x92, 0x00, 0x80, 0x00, 0x94, 0xff, 0xe4, 0x00, 0x95,
  0xff, 0xe4, 0x00, 0x96, 0xff, 0xe4, 0x00, 0x98, 0xff, 0xe4, 0x00, 0x9b,
  0xff, 0xf8, 0x00, 0x9c, 0xff, 0xf8, 0x00, 0x9d, 0xff, 0xf8, 0x00, 0x9e,
  0xff, 0xf8, 0x00, 0x9f, 0xff, 0xb3, 0x00, 0xa0, 0xff, 0xb3, 0x00, 0xa1,
  0xff, 0xb2, 0x00, 0xa2, 0xff, 0xe4, 0x00, 0x13, 0x00, 0x22, 0xff, 0x9c,
  0x00, 0x2b, 0xff, 0xd2, 0x00, 0x34, 0xff, 0xef, 0x00, 0x35, 0xff, 0xd0,
  0x00, 0x37, 0xff, 0x95, 0x00, 0x38, 0xff, 0xd0, 0x00, 0x39, 0xff, 0xc7,
  0x00, 0x3a, 0xff, 0xcc, 0x00, 0x3b, 0xff, 0xcc, 0x00, 0x4b, 0xff, 0x25,
  0x00, 0x66, 0xff, 0x9c, 0x00, 0x67, 0xff, 0x9c, 0x00, 0x68, 0xff, 0x9c,
  0x00, 0x69, 0xff, 0x9c, 0x00, 0x6a, 0xff, 0x9c, 0x00, 0x6b, 0xff, 0x9c,
  0x00, 0x6c, 0xff, 0x9c, 0x00, 0x81, 0xff, 0xcc, 0x00, 0x92, 0x00, 0x48,
  0x00, 0x2c, 0x00, 0x24, 0xff, 0xd7, 0x00, 0x28, 0xff, 0xd7, 0x00, 0x30,
  0xff, 0xd7, 0x00, 0x32, 0xff, 0xd7, 0x00, 0x42, 0xff, 0xed, 0x00, 0x44,
  0xff, 0xed, 0x00, 0x45, 0xff, 0xed, 0x00, 0x46, 0xff, 0xed, 0x00, 0x47,
  0xff, 0xdd, 0x00, 0x48, 0xff, 0xed, 0x00, 0x4b, 0xff, 0x58, 0x00, 0x50,
  0xff, 0xed, 0x00, 0x52, 0xff, 0xed, 0x00, 0x55, 0xff, 0xdd, 0x00, 0x57,
  0xff, 0xd5, 0x00, 0x58, 0xff, 0xd4, 0x00, 0x5a, 0xff, 0xd4, 0x00, 0x6d,
  0xff, 0xd7, 0x00, 0x77, 0xff, 0xd7, 0x00, 0x78, 0xff, 0xd7, 0x00, 0x7b,
  0xff, 0xd7, 0x00, 0x83, 0xff, 0xed, 0x00, 0x84, 0xff, 0xed, 0x00, 0x85,
  0xff, 0xed, 0x00, 0x86, 0xff, 0xed, 0x00, 0x87, 0xff, 0xed, 0x00, 0x88,
  0xff, 0xed, 0x00, 0x89, 0xff, 0xed, 0x00, 0x8a, 0xff, 0xed, 0x00, 0x8b,
  0xff, 0xed, 0x00, 0x8c, 0xff, 0xed, 0x00, 0x8d, 0xff, 0xed, 0x00, 0x8e,
  0xff, 0xed, 0x00, 0x8f, 0x00, 0x67, 0x00, 0x91, 0x00, 0x67, 0x00, 0x92,
  0x00, 0x8c, 0x00, 0x94, 0xff, 0xed, 0x00, 0x95, 0xff, 0xed, 0x00, 0x96,
  0xff, 0xed, 0x00, 0x98, 0xff, 0xed, 0x00, 0x9f, 0xff, 0xd4, 0x00, 0xa0,
  0xff, 0xd4, 0x00, 0xa1, 0xff, 0xd7, 0x00, 0xa2, 0xff, 0xed, 0x00, 0x3f,
  0x00, 0x22, 0xff, 0x6b, 0x00, 0x24, 0xff, 0xd7, 0x00, 0x28, 0xff, 0xd7,
  0x00, 0x2b, 0xff, 0x19, 0x00, 0x30, 0xff, 0xd7, 0x00, 0x32, 0xff, 0xd7,
  0x00, 0x42, 0xff, 0xcf, 0x00, 0x44, 0xff, 0xcf, 0x00, 0x45, 0xff, 0xcf,
  0x00, 0x46, 0xff, 0xcf, 0x00, 0x47, 0xff, 0xdd, 0x00, 0x48, 0xff, 0xcf,
  0x00, 0x4b, 0xff, 0x1b, 0x00, 0x4e, 0xff, 0xd4, 0x00, 0x4f, 0xff, 0xd4,
  0x00, 0x50, 0xff, 0xcf, 0x00, 0x51, 0xff, 0xd4, 0x00, 0x52, 0xff, 0xcf,
  0x00, 0x53, 0xff, 0xd4, 0x00, 0x54, 0xff, 0xcb, 0x00, 0x55, 0xff, 0xdd,
  0x00, 0x56, 0xff, 0xd4, 0x00, 0x57, 0xff, 0xd5, 0x00, 0x58, 0xff, 0xd4,
  0x00, 0x59, 0xff, 0xd2, 0x00, 0x5a, 0xff, 0xd4, 0x00, 0x5b, 0xff, 0xce,
  0x00, 0x66, 0xff, 0x6b, 0x00, 0x67, 0xff, 0x6b, 0x00, 0x68, 0xff, 0x6b,
  0x00, 0x69, 0xff, 0x6b, 0x00, 0x6a, 0xff, 0x6b, 0x00, 0x6b, 0xff, 0x6b,
  0x00, 0x6c, 0xff, 0x6b, 0x00, 0x6d, 0xff, 0xd7, 0x00, 0x77, 0xff, 0xd7,
  0x00, 0x78, 0xff, 0xd7, 0x00, 0x7b, 0xff, 0xd7, 0x00, 0x83, 0xff, 0xcf,
  0x00, 0x84, 0xff, 0xcf, 0x00, 0x85, 0xff, 0xcf, 0x00, 0x86, 0xff, 0xcf,
  0x00, 0x87, 0xff, 0xcf, 0x00, 0x88, 0xff, 0xcf, 0x00, 0x89, 0xff, 0xcf,
  0x00, 0x8a, 0xff, 0xcf, 0x00, 0x8b, 0xff, 0xcf, 0x00, 0x8c, 0xff, 0xcf,
  0x00, 0x8d, 0xff, 0xcf, 0x00, 0x8e, 0xff, 0xcf, 0x00, 0x8f, 0x00, 0x67,
  0x00, 0x91, 0x00, 0x67, 0x00, 0x92, 0x00, 0x8c, 0x00, 0x94, 0xff, 0xcf,
  0x00, 0x95, 0xff, 0xcf, 0x00, 0x96, 0xff, 0xcf, 0x00, 0x98, 0xff, 0xcf,
  0x00, 0x9b, 0xff, 0xd4, 0x00, 0x9c, 0xff, 0xd4, 0x00, 0x9f, 0xff, 0xd4,
  0x00, 0xa0, 0xff, 0xd4, 0x00, 0xa1, 0xff, 0xd7, 0x00, 0xa2, 0xff, 0xcf,
  0x00, 0x14, 0x00, 0x22, 0xff, 0x8f, 0x00, 0x2b, 0xff, 0xc7, 0x00, 0x34,
  0xff, 0xf0, 0x00, 0x35, 0xff, 0xac, 0x00, 0x37, 0xff, 0x8f, 0x00, 0x38,
  0xff, 0xd4, 0x00, 0x39, 0xff, 0xbc, 0x00, 0x3a, 0xff, 0xc2, 0x00, 0x3b,
  0xff, 0xa3, 0x00, 0x4b, 0xff, 0x1e, 0x00, 0x54, 0xff, 0xf4, 0x00, 0x66,
  0xff, 0x8f, 0x00, 0x67, 0xff, 0x8f, 0x00, 0x68, 0xff, 0x8f, 0x00, 0x69,
  0xff, 0x8f, 0x00, 0x6a, 0xff, 0x8f, 0x00, 0x6b, 0xff, 0x8f, 0x00, 0x6c,
  0xff, 0x8f, 0x00, 0x81, 0xff, 0xc2, 0x00, 0x92, 0x00, 0x2b, 0x00, 0x04,
  0x00, 0x4b, 0xff, 0x5a, 0x00, 0x8f, 0x00, 0x67, 0x00, 0x91, 0x00, 0x67,
  0x00, 0x92, 0x00, 0x8c, 0x00, 0x04, 0x00, 0x4b, 0xff, 0x54, 0x00, 0x8f,
  0x00, 0x67, 0x00, 0x91, 0x00, 0x67, 0x00, 0x92, 0x00, 0x8c, 0x00, 0x0d,
  0x00, 0x22, 0xff, 0x98, 0x00, 0x2b, 0xff, 0xd7, 0x00, 0x4b, 0xff, 0x1b,
  0x00, 0x66, 0xff, 0x98, 0x00, 0x67, 0xff, 0x98, 0x00, 0x68, 0xff, 0x98,
  0x00, 0x69, 0xff, 0x98, 0x00, 0x6a, 0xff, 0x98, 0x00, 0x6b, 0xff, 0x98,
  0x00, 0x6c, 0xff, 0x98, 0x00, 0x8f, 0x00, 0x67, 0x00, 0x91, 0x00, 0x67,
  0x00, 0x92, 0x00, 0x8c, 0x00, 0x30, 0x00, 0x24, 0xff, 0xb7, 0x00, 0x28,
  0xff, 0xb7, 0x00, 0x30, 0xff, 0xb7, 0x00, 0x32, 0xff, 0xb7, 0x00, 0x34,
  0xff, 0xe0, 0x00, 0x42, 0xff, 0xdb, 0x00, 0x44, 0xff, 0xdb, 0x00, 0x45,
  0xff, 0xdb, 0x00, 0x46, 0xff, 0xdb, 0x00, 0x47, 0xff, 0xb9, 0x00, 0x48,
  0xff, 0xdb, 0x00, 0x4b, 0xff, 0x57, 0x00, 0x50, 0xff, 0xdb, 0x00, 0x52,
  0xff, 0xdb, 0x00, 0x55, 0xff, 0xb9, 0x00, 0x56, 0xff, 0xdb, 0x00, 0x57,
  0xff, 0xbb, 0x00, 0x58, 0xff, 0xb9, 0x00, 0x5a, 0xff, 0xb9, 0x00, 0x6d,
  0xff, 0xb7, 0x00, 0x77, 0xff, 0xb7, 0x00, 0x78, 0xff, 0xb7, 0x00, 0x7b,
  0xff, 0xb7, 0x00, 0x83, 0xff, 0xdb, 0x00, 0x84, 0xff, 0xdb, 0x00, 0x85,
  0xff, 0xdb, 0x00, 0x86, 0xff, 0xdb, 0x00, 0x87, 0xff, 0xdb, 0x00, 0x88,
  0xff, 0xdb, 0x00, 0x89, 0xff, 0xdb, 0x00, 0x8a, 0xff, 0xdb, 0x00, 0x8b,
  0xff, 0xdb, 0x00, 0x8c, 0xff, 0xdb, 0x00, 0x8d, 0xff, 0xdb, 0x00, 0x8e,
  0xff, 0xdb, 0x00, 0x8f, 0x00, 0x67, 0x00, 0x91, 0x00, 0x67, 0x00, 0x92,
  0x00, 0x8c, 0x00, 0x94, 0xff, 0xdb, 0x00, 0x95, 0xff, 0xdb, 0x00, 0x96,
  0xff, 0xdb, 0x00, 0x98, 0xff, 0xdb, 0x00, 0x9b, 0xff, 0xdb, 0x00, 0x9c,
  0xff, 0xdb, 0x00, 0x9f, 0xff, 0xb9, 0x00, 0xa0, 0xff, 0xb9, 0x00, 0xa1,
  0xff, 0xb7, 0x00, 0xa2, 0xff, 0xdb, 0x00, 0x1b, 0x00, 0x24, 0xff, 0xbf,
  0x00, 0x28, 0xff, 0xbf, 0x00, 0x30, 0xff, 0xbf, 0x00, 0x32, 0xff, 0xbf,
  0x00, 0x34, 0xff, 0xd1, 0x00, 0x35, 0xff, 0x39, 0x00, 0x36, 0xff, 0xe8,
  0x00, 0x37, 0xff, 0x18, 0x00, 0x38, 0xff, 0xa6, 0x00, 0x3a, 0xfe, 0xfe,
  0x00, 0x47, 0xff, 0x8e, 0x00, 0x4b, 0xff, 0x59, 0x00, 0x55, 0xff, 0x84,
  0x00, 0x57, 0xff, 0x71, 0x00, 0x58, 0xff, 0x90, 0x00, 0x5a, 0xff, 0xc9,
  0x00, 0x6d, 0xff, 0xbf, 0x00, 0x77, 0xff, 0xbf, 0x00, 0x78, 0xff, 0xbf,
  0x00, 0x7b, 0xff, 0xbf, 0x00, 0x7d, 0xff, 0xe8, 0x00, 0x7e, 0xff, 0xe8,
  0x00, 0x80, 0xff, 0xe8, 0x00, 0x81, 0xfe, 0xfe, 0x00, 0x9f, 0xff, 0xc9,
  0x00, 0xa0, 0xff, 0xc9, 0x00, 0xa1, 0xff, 0xbf, 0x00, 0x04, 0x00, 0x4b,
  0xff, 0x5d, 0x00, 0x8f, 0x00, 0x67, 0x00, 0x91, 0x00, 0x67, 0x00, 0x92,
  0x00, 0x8c, 0x00, 0x04, 0x00, 0x4b, 0xff, 0x61, 0x00, 0x8f, 0x00, 0x67,
  0x00, 0x91, 0x00, 0x67, 0x00, 0x92, 0x00, 0x8c, 0x00, 0x13, 0x00, 0x22,
  0xff, 0x8c, 0x00, 0x2b, 0xff, 0xc8, 0x00, 0x34, 0xff, 0xe7, 0x00, 0x35,
  0xff, 0xb9, 0x00, 0x37, 0xff, 0x86, 0x00, 0x38, 0xff, 0xcf, 0x00, 0x39,
  0xff, 0xc1, 0x00, 0x3a, 0xff, 0xc1, 0x00, 0x3b, 0xff, 0xbf, 0x00, 0x4b,
  0xff, 0x24, 0x00, 0x66, 0xff, 0x8c, 0x00, 0x67, 0xff, 0x8c, 0x00, 0x68,
  0xff, 0x8c, 0x00, 0x69, 0xff, 0x8c, 0x00, 0x6a, 0xff, 0x8c, 0x00, 0x6b,
  0xff, 0x8c, 0x00, 0x6c, 0xff, 0x8c, 0x00, 0x81, 0xff, 0xc1, 0x00, 0x92,
  0x00, 0x2d, 0x00, 0x2b, 0x00, 0x22, 0xff, 0x64, 0x00, 0x2b, 0xff, 0x20,
  0x00, 0x37, 0xff, 0xb8, 0x00, 0x38, 0xff, 0xdd, 0x00, 0x39, 0xff, 0xe1,
  0x00, 0x3a, 0xff, 0xe1, 0x00, 0x42, 0xff, 0xd7, 0x00, 0x44, 0xff, 0xd7,
  0x00, 0x45, 0xff, 0xd7, 0x00, 0x46, 0xff, 0xd7, 0x00, 0x48, 0xff, 0xd7,
  0x00, 0x4b, 0xff, 0x1f, 0x00, 0x50, 0xff, 0xd7, 0x00, 0x52, 0xff, 0xd7,
  0x00, 0x54, 0xff, 0xe7, 0x00, 0x66, 0xff, 0x64, 0x00, 0x67, 0xff, 0x64,
  0x00, 0x68, 0xff, 0x64, 0x00, 0x69, 0xff, 0x64, 0x00, 0x6a, 0xff, 0x64,
  0x00, 0x6b, 0xff, 0x64, 0x00, 0x6c, 0xff, 0x64, 0x00, 0x81, 0xff, 0xe1,
  0x00, 0x83, 0xff, 0xd7, 0x00, 0x84, 0xff, 0xd7, 0x00, 0x85, 0xff, 0xd7,
  0x00, 0x86, 0xff, 0xd7, 0x00, 0x87, 0xff, 0xd7, 0x00, 0x88, 0xff, 0xd7,
  0x00, 0x89, 0xff, 0xd7, 0x00, 0x8a, 0xff, 0xd7, 0x00, 0x8b, 0xff, 0xd7,
  0x00, 0x8c, 0xff, 0xd7, 0x00, 0x8d, 0xff, 0xd7, 0x00, 0x8e, 0xff, 0xd7,
  0x00, 0x8f, 0x00, 0x38, 0x00, 0x91, 0x00, 0x38, 0x00, 0x92, 0x00, 0x6a,
  0x00, 0x94, 0xff, 0xd7, 0x00, 0x95, 0xff, 0xd7, 0x00, 0x96, 0xff, 0xd7,
  0x00, 0x98, 0xff, 0xd7, 0x00, 0xa2, 0xff, 0xd7, 0x00, 0x0b, 0x00, 0x34,
  0xff, 0xed, 0x00, 0x35, 0xff, 0xc1, 0x00, 0x37, 0xff, 0x88, 0x00, 0x38,
  0xff, 0xc4, 0x00, 0x39, 0xff, 0xed, 0x00, 0x3a, 0xff, 0xbd, 0x00, 0x3b,
  0xff, 0xf1, 0x00, 0x4b, 0xff, 0x53, 0x00, 0x54, 0xff, 0xf3, 0x00, 0x81,
  0xff, 0xbd, 0x00, 0x92, 0x00, 0x2f, 0x00, 0x20, 0x00, 0x37, 0xff, 0xb8,
  0x00, 0x38, 0xff, 0xdd, 0x00, 0x3a, 0xff, 0xe1, 0x00, 0x42, 0xff, 0xd7,
  0x00, 0x44, 0xff, 0xd7, 0x00, 0x45, 0xff, 0xd7, 0x00, 0x46, 0xff, 0xd7,
  0x00, 0x48, 0xff, 0xd7, 0x00, 0x4b, 0xff, 0x5c, 0x00, 0x50, 0xff, 0xd7,
  0x00, 0x52, 0xff, 0xd7, 0x00, 0x81, 0xff, 0xe1, 0x00, 0x83, 0xff, 0xd7,
  0x00, 0x84, 0xff, 0xd7, 0x00, 0x85, 0xff, 0xd7, 0x00, 0x86, 0xff, 0xd7,
  0x00, 0x87, 0xff, 0xd7, 0x00, 0x88, 0xff, 0xd7, 0x00, 0x89, 0xff, 0xd7,
  0x00, 0x8a, 0xff, 0xd7, 0x00, 0x8b, 0xff, 0xd7, 0x00, 0x8c, 0xff, 0xd7,
  0x00, 0x8d, 0xff, 0xd7, 0x00, 0x8e, 0xff, 0xd7, 0x00, 0x8f, 0x00, 0x36,
  0x00, 0x91, 0x00, 0x36, 0x00, 0x92, 0x00, 0x61, 0x00, 0x94, 0xff, 0xd7,
  0x00, 0x95, 0xff, 0xd7, 0x00, 0x96, 0xff, 0xd7, 0x00, 0x98, 0xff, 0xd7,
  0x00, 0xa2, 0xff, 0xd7, 0x00, 0x27, 0x00, 0x22, 0xff, 0xd5, 0x00, 0x24,
  0xff, 0xe9, 0x00, 0x28, 0xff, 0xe9, 0x00, 0x30, 0xff, 0xe9, 0x00, 0x32,
  0xff, 0xe9, 0x00, 0x34, 0xff, 0xc5, 0x00, 0x35, 0xff, 0xd9, 0x00, 0x37,
  0xff, 0xd9, 0x00, 0x38, 0xff, 0xdb, 0x00, 0x39, 0xff, 0xed, 0x00, 0x3a,
  0xff, 0xdd, 0x00, 0x3b, 0xff, 0xe1, 0x00, 0x47, 0xff, 0xd7, 0x00, 0x4b,
  0xff, 0x20, 0x00, 0x54, 0xff, 0xe9, 0x00, 0x55, 0xff, 0xd9, 0x00, 0x57,
  0xff, 0x98, 0x00, 0x58, 0xff, 0xb2, 0x00, 0x59, 0xff, 0xed, 0x00, 0x5a,
  0xff, 0xdd, 0x00, 0x5b, 0xff, 0xcf, 0x00, 0x66, 0xff, 0xd5, 0x00, 0x67,
  0xff, 0xd5, 0x00, 0x68, 0xff, 0xd5, 0x00, 0x69, 0xff, 0xd5, 0x00, 0x6a,
  0xff, 0xd5, 0x00, 0x6b, 0xff, 0xd5, 0x00, 0x6c, 0xff, 0xd5, 0x00, 0x6d,
  0xff, 0xe9, 0x00, 0x77, 0xff, 0xe9, 0x00, 0x78, 0xff, 0xe9, 0x00, 0x7b,
  0xff, 0xe9, 0x00, 0x81, 0xff, 0xdd, 0x00, 0x8f, 0x00, 0x40, 0x00, 0x91,
  0x00, 0x40, 0x00, 0x92, 0x00, 0x66, 0x00, 0x9f, 0xff, 0xdd, 0x00, 0xa0,
  0xff, 0xdd, 0x00, 0xa1, 0xff, 0xe9, 0x00, 0x42, 0x00, 0x22, 0xff, 0x3c,
  0x00, 0x24, 0xff, 0xbd, 0x00, 0x28, 0xff, 0xbd, 0x00, 0x2b, 0xff, 0x39,
  0x00, 0x30, 0xff, 0xbd, 0x00, 0x32, 0xff, 0xbd, 0x00, 0x34, 0xff, 0xf9,
  0x00, 0x42, 0xff, 0x35, 0x00, 0x44, 0xff, 0x35, 0x00, 0x45, 0xff, 0x35,
  0x00, 0x46, 0xff, 0x35, 0x00, 0x47, 0xff, 0x80, 0x00, 0x48, 0xff, 0x35,
  0x00, 0x4b, 0xff, 0x20, 0x00, 0x4e, 0xff, 0x3b, 0x00, 0x4f, 0xff, 0x3b,
  0x00, 0x50, 0xff, 0x35, 0x00, 0x51, 0xff, 0x3b, 0x00, 0x52, 0xff, 0x35,
  0x00, 0x53, 0xff, 0x3b, 0x00, 0x54, 0xff, 0x3b, 0x00, 0x55, 0xff, 0x82,
  0x00, 0x56, 0xff, 0x3b, 0x00, 0x57, 0xff, 0x3b, 0x00, 0x58, 0xff, 0x3b,
  0x00, 0x59, 0xff, 0x3b, 0x00, 0x5a, 0xff, 0x3b, 0x00, 0x5b, 0xff, 0x3b,
  0x00, 0x66, 0xff, 0x3c, 0x00, 0x67, 0xff, 0x3c, 0x00, 0x68, 0xff, 0x3c,
  0x00, 0x69, 0xff, 0x3c, 0x00, 0x6a, 0xff, 0x3c, 0x00, 0x6b, 0xff, 0x3c,
  0x00, 0x6c, 0xff, 0x3c, 0x00, 0x6d, 0xff, 0xbd, 0x00, 0x77, 0xff, 0xbd,
  0x00, 0x78, 0xff, 0xbd, 0x00, 0x7b, 0xff, 0xbd, 0x00, 0x83, 0xff, 0x70,
  0x00, 0x84, 0xff, 0x6c, 0x00, 0x85, 0xff, 0xad, 0x00, 0x86, 0xff, 0xad,
  0x00, 0x87, 0xff, 0xad, 0x00, 0x88, 0xff, 0x41, 0x00, 0x89, 0xff, 0x35,
  0x00, 0x8a, 0xff, 0x35, 0x00, 0x8b, 0xff, 0x6a, 0x00, 0x8c, 0xff, 0x6e,
  0x00, 0x8d, 0xff, 0xaa, 0x00, 0x8e, 0xff, 0xcf, 0x00, 0x8f, 0x00, 0x67,
  0x00, 0x91, 0x00, 0x67, 0x00, 0x92, 0x00, 0x8c, 0x00, 0x94, 0xff, 0x6e,
  0x00, 0x95, 0xff, 0x6c, 0x00, 0x96, 0xff, 0xcf, 0x00, 0x98, 0xff, 0xcf,
  0x00, 0x9b, 0xff, 0x76, 0x00, 0x9c, 0xff, 0x6e, 0x00, 0x9d, 0xff, 0xf0,
  0x00, 0x9e, 0xff, 0xf0, 0x00, 0x9f, 0xff, 0x3b, 0x00, 0xa0, 0xff, 0x3b,
  0x00, 0xa1, 0xff, 0xbd, 0x00, 0xa2, 0xff, 0x35, 0x00, 0x0e, 0x00, 0x22,
  0xff, 0xae, 0x00, 0x2b, 0xff, 0xe9, 0x00, 0x4b, 0xff, 0x1e, 0x00, 0x54,
  0xff, 0xf3, 0x00, 0x66, 0xff, 0xae, 0x00, 0x67, 0xff, 0xae, 0x00, 0x68,
  0xff, 0xae, 0x00, 0x69, 0xff, 0xae, 0x00, 0x6a, 0xff, 0xae, 0x00, 0x6b,
  0xff, 0xae, 0x00, 0x6c, 0xff, 0xae, 0x00, 0x8f, 0x00, 0x67, 0x00, 0x91,
  0x00, 0x67, 0x00, 0x92, 0x00, 0x8c, 0x00, 0x42, 0x00, 0x22, 0xfe, 0xe8,
  0x00, 0x24, 0xff, 0x96, 0x00, 0x28, 0xff, 0x96, 0x00, 0x2b, 0xff, 0x26,
  0x00, 0x30, 0xff, 0x96, 0x00, 0x32, 0xff, 0x96, 0x00, 0x34, 0xff, 0xc3,
  0x00, 0x42, 0xff, 0x4d, 0x00, 0x44, 0xff, 0x4d, 0x00, 0x45, 0xff, 0x4d,
  0x00, 0x46, 0xff, 0x4d, 0x00, 0x47, 0xff, 0xa0, 0x00, 0x48, 0xff, 0x4d,
  0x00, 0x4b, 0xff, 0x28, 0x00, 0x4e, 0xff, 0xad, 0x00, 0x4f, 0xff, 0xad,
  0x00, 0x50, 0xff, 0x4d, 0x00, 0x51, 0xff, 0xad, 0x00, 0x52, 0xff, 0x4d,
  0x00, 0x53, 0xff, 0xad, 0x00, 0x54, 0xff, 0x6e, 0x00, 0x55, 0xff, 0x9e,
  0x00, 0x56, 0xff, 0xad, 0x00, 0x57, 0xff, 0xad, 0x00, 0x58, 0xff, 0xad,
  0x00, 0x59, 0xff, 0xad, 0x00, 0x5a, 0xff, 0xad, 0x00, 0x5b, 0xff, 0xad,
  0x00, 0x66, 0xfe, 0xe8, 0x00, 0x67, 0xfe, 0xe8, 0x00, 0x68, 0xfe, 0xe8,
  0x00, 0x69, 0xfe, 0xe8, 0x00, 0x6a, 0xfe, 0xe8, 0x00, 0x6b, 0xfe, 0xe8,
  0x00, 0x6c, 0xfe, 0xe8, 0x00, 0x6d, 0xff, 0x96, 0x00, 0x77, 0xff, 0x96,
  0x00, 0x78, 0xff, 0x96, 0x00, 0x7b, 0xff, 0x96, 0x00, 0x83, 0xff, 0x4d,
  0x00, 0x84, 0xff, 0x4d, 0x00, 0x85, 0xff, 0xa1, 0x00, 0x86, 0xff, 0x4d,
  0x00, 0x87, 0xff, 0xa1, 0x00, 0x88, 0xff, 0x4d, 0x00, 0x89, 0xff, 0x4d,
  0x00, 0x8a, 0xff, 0x4d, 0x00, 0x8b, 0xff, 0x4d, 0x00, 0x8c, 0xff, 0x4d,
  0x00, 0x8d, 0xff, 0x79, 0x00, 0x8e, 0xff, 0xc1, 0x00, 0x8f, 0x00, 0x67,
  0x00, 0x91, 0x00, 0x67, 0x00, 0x92, 0x00, 0x8c, 0x00, 0x94, 0xff, 0x4d,
  0x00, 0x95, 0xff, 0x4d, 0x00, 0x96, 0xff, 0xc1, 0x00, 0x98, 0xff, 0xc1,
  0x00, 0x9b, 0xff, 0xad, 0x00, 0x9c, 0xff, 0xad, 0x00, 0x9d, 0xff, 0xdc,
  0x00, 0x9e, 0xff, 0xdc, 0x00, 0x9f, 0xff, 0xad, 0x00, 0xa0, 0xff, 0xad,
  0x00, 0xa1, 0xff, 0x96, 0x00, 0xa2, 0xff, 0x4d, 0x00, 0x42, 0x00, 0x22,
  0xff, 0x97, 0x00, 0x24, 0xff, 0xcd, 0x00, 0x28, 0xff, 0xcd, 0x00, 0x2b,
  0xff, 0xa6, 0x00, 0x30, 0xff, 0xcd, 0x00, 0x32, 0xff, 0xcd, 0x00, 0x34,
  0xff, 0xe3, 0x00, 0x42, 0xff, 0xb9, 0x00, 0x44, 0xff, 0xb9, 0x00, 0x45,
  0xff, 0xb9, 0x00, 0x46, 0xff, 0xb9, 0x00, 0x47, 0xff, 0xd5, 0x00, 0x48,
  0xff, 0xb9, 0x00, 0x4b, 0xff, 0x26, 0x00, 0x4e, 0xff, 0xe5, 0x00, 0x4f,
  0xff, 0xe5, 0x00, 0x50, 0xff, 0xb9, 0x00, 0x51, 0xff, 0xe5, 0x00, 0x52,
  0xff, 0xb9, 0x00, 0x53, 0xff, 0xe5, 0x00, 0x54, 0xff, 0xc1, 0x00, 0x55,
  0xff, 0xd8, 0x00, 0x56, 0xff, 0xe5, 0x00, 0x57, 0xff, 0xe5, 0x00, 0x58,
  0xff, 0xe5, 0x00, 0x59, 0xff, 0xe5, 0x00, 0x5a, 0xff, 0xe5, 0x00, 0x5b,
  0xff, 0xce, 0x00, 0x66, 0xff, 0x97, 0x00, 0x67, 0xff, 0x97, 0x00, 0x68,
  0xff, 0x97, 0x00, 0x69, 0xff, 0x97, 0x00, 0x6a, 0xff, 0x97, 0x00, 0x6b,
  0xff, 0x97, 0x00, 0x6c, 0xff, 0x97, 0x00, 0x6d, 0xff, 0xcd, 0x00, 0x77,
  0xff, 0xcd, 0x00, 0x78, 0xff, 0xcd, 0x00, 0x7b, 0xff, 0xcd, 0x00, 0x83,
  0xff, 0xb9, 0x00, 0x84, 0xff, 0xb9, 0x00, 0x85, 0xff, 0xb9, 0x00, 0x86,
  0xff, 0xb9, 0x00, 0x87, 0xff, 0xb9, 0x00, 0x88, 0xff, 0xb9, 0x00, 0x89,
  0xff, 0xb9, 0x00, 0x8a, 0xff, 0xb9, 0x00, 0x8b, 0xff, 0xb9, 0x00, 0x8c,
  0xff, 0xb9, 0x00, 0x8d, 0xff, 0xc9, 0x00, 0x8e, 0xff, 0xc9, 0x00, 0x8f,
  0x00, 0x67, 0x00, 0x91, 0x00, 0x67, 0x00, 0x92, 0x00, 0x8c, 0x00, 0x94,
  0xff, 0xb9, 0x00, 0x95, 0xff, 0xb9, 0x00, 0x96, 0xff, 0xc9, 0x00, 0x98,
  0xff, 0xc9, 0x00, 0x9b, 0xff, 0xe5, 0x00, 0x9c, 0xff, 0xe5, 0x00, 0x9d,
  0xff, 0xe9, 0x00, 0x9e, 0xff, 0xe9, 0x00, 0x9f, 0xff, 0xe5, 0x00, 0xa0,
  0xff, 0xe5, 0x00, 0xa1, 0xff, 0xcd, 0x00, 0xa2, 0xff, 0xb9, 0x00, 0x2d,
  0x00, 0x24, 0xff, 0xc3, 0x00, 0x28, 0xff, 0xc3, 0x00, 0x30, 0xff, 0xc3,
  0x00, 0x32, 0xff, 0xc3, 0x00, 0x34, 0xff, 0xeb, 0x00, 0x42, 0xff, 0xe3,
  0x00, 0x44, 0xff, 0xe3, 0x00, 0x45, 0xff, 0xe3, 0x00, 0x46, 0xff, 0xe3,
  0x00, 0x47, 0xff, 0xcd, 0x00, 0x48, 0xff, 0xe3, 0x00, 0x4b, 0xff, 0x53,
  0x00, 0x50, 0xff, 0xe3, 0x00, 0x52, 0xff, 0xe3, 0x00, 0x55, 0xff, 0xd1,
  0x00, 0x57, 0xff, 0xcc, 0x00, 0x58, 0xff, 0xcb, 0x00, 0x5a, 0xff, 0xc9,
  0x00, 0x6d, 0xff, 0xc3, 0x00, 0x77, 0xff, 0xc3, 0x00, 0x78, 0xff, 0xc3,
  0x00, 0x7b, 0xff, 0xc3, 0x00, 0x83, 0xff, 0xe3, 0x00, 0x84, 0xff, 0xe3,
  0x00, 0x85, 0xff, 0xe3, 0x00, 0x86, 0xff, 0xe3, 0x00, 0x87, 0xff, 0xe3,
  0x00, 0x88, 0xff, 0xe3, 0x00, 0x89, 0xff, 0xe3, 0x00, 0x8a, 0xff, 0xe3,
  0x00, 0x8b, 0xff, 0xe3, 0x00, 0x8c, 0xff, 0xe3, 0x00, 0x8d, 0xff, 0xe3,
  0x00, 0x8e, 0xff, 0xe3, 0x00, 0x8f, 0x00, 0x67, 0x00, 0x91, 0x00, 0x67,
  0x00, 0x92, 0x00, 0x8c, 0x00, 0x94, 0xff, 0xe3, 0x00, 0x95, 0xff, 0xe3,
  0x00, 0x96, 0xff, 0xe3, 0x00, 0x98, 0xff, 0xe3, 0x00, 0x9f, 0xff, 0xc9,
  0x00, 0xa0, 0xff, 0xc9, 0x00, 0xa1, 0xff, 0xc3, 0x00, 0xa2, 0xff, 0xe3,
  0x00, 0x42, 0x00, 0x22, 0xff, 0x19, 0x00, 0x24, 0xff, 0xc3, 0x00, 0x28,
  0xff, 0xc3, 0x00, 0x2b, 0xff, 0x1e, 0x00, 0x30, 0xff, 0xc3, 0x00, 0x32,
  0xff, 0xc3, 0x00, 0x34, 0xff, 0xeb, 0x00, 0x42, 0xff, 0x67, 0x00, 0x44,
  0xff, 0x67, 0x00, 0x45, 0xff, 0x67, 0x00, 0x46, 0xff, 0x67, 0x00, 0x47,
  0xff, 0xcd, 0x00, 0x48, 0xff, 0x67, 0x00, 0x4b, 0xff, 0x22, 0x00, 0x4e,
  0xff, 0xd3, 0x00, 0x4f, 0xff, 0xd3, 0x00, 0x50, 0xff, 0x67, 0x00, 0x51,
  0xff, 0xd3, 0x00, 0x52, 0xff, 0x67, 0x00, 0x53, 0xff, 0xd3, 0x00, 0x54,
  0xff, 0x92, 0x00, 0x55, 0xff, 0xd1, 0x00, 0x56, 0xff, 0xd3, 0x00, 0x57,
  0xff, 0xcc, 0x00, 0x58, 0xff, 0xcb, 0x00, 0x59, 0xff, 0xd3, 0x00, 0x5a,
  0xff, 0xcc, 0x00, 0x5b, 0xff, 0xc6, 0x00, 0x66, 0xff, 0x19, 0x00, 0x67,
  0xff, 0x19, 0x00, 0x68, 0xff, 0x19, 0x00, 0x69, 0xff, 0x19, 0x00, 0x6a,
  0xff, 0x19, 0x00, 0x6b, 0xff, 0x19, 0x00, 0x6c, 0xff, 0x19, 0x00, 0x6d,
  0xff, 0xc3, 0x00, 0x77, 0xff, 0xc3, 0x00, 0x78, 0xff, 0xc3, 0x00, 0x7b,
  0xff, 0xc3, 0x00, 0x83, 0xff, 0x67, 0x00, 0x84, 0xff, 0x67, 0x00, 0x85,
  0xff, 0xb3, 0x00, 0x86, 0xff, 0xb3, 0x00, 0x87, 0xff, 0xb3, 0x00, 0x88,
  0xff, 0x67, 0x00, 0x89, 0xff, 0x67, 0x00, 0x8a, 0xff, 0x67, 0x00, 0x8b,
  0xff, 0x67, 0x00, 0x8c, 0xff, 0x67, 0x00, 0x8d, 0xff, 0xa0, 0x00, 0x8e,
  0xff, 0xcb, 0x00, 0x8f, 0x00, 0x67, 0x00, 0x91, 0x00, 0x67, 0x00, 0x92,
  0x00, 0x8c, 0x00, 0x94, 0xff, 0x67, 0x00, 0x95, 0xff, 0x67, 0x00, 0x96,
  0xff, 0xcb, 0x00, 0x98, 0xff, 0xcb, 0x00, 0x9b, 0xff, 0xd3, 0x00, 0x9c,
  0xff, 0xd3, 0x00, 0x9d, 0xff, 0xf4, 0x00, 0x9e, 0xff, 0xf4, 0x00, 0x9f,
  0xff, 0xcc, 0x00, 0xa0, 0xff, 0xcc, 0x00, 0xa1, 0xff, 0xc3, 0x00, 0xa2,
  0xff, 0x67, 0x00, 0x15, 0x00, 0x24, 0xff, 0xbd, 0x00, 0x28, 0xff, 0xbd,
  0x00, 0x30, 0xff, 0xbd, 0x00, 0x32, 0xff, 0xbd, 0x00, 0x34, 0xff, 0xd3,
  0x00, 0x47, 0xff, 0x8c, 0x00, 0x4b, 0xff, 0x5d, 0x00, 0x55, 0xff, 0x84,
  0x00, 0x57, 0xff, 0x84, 0x00, 0x58, 0xff, 0x9a, 0x00, 0x5a, 0xff, 0xc1,
  0x00, 0x6d, 0xff, 0xbd, 0x00, 0x77, 0xff, 0xbd, 0x00, 0x78, 0xff, 0xbd,
  0x00, 0x7b, 0xff, 0xbd, 0x00, 0x8f, 0x00, 0x67, 0x00, 0x91, 0x00, 0x67,
  0x00, 0x92, 0x00, 0x8c, 0x00, 0x9f, 0xff, 0xc1, 0x00, 0xa0, 0xff, 0xc1,
  0x00, 0xa1, 0xff, 0xbd, 0x00, 0x06, 0x00, 0x35, 0xff, 0x3e, 0x00, 0x37,
  0xff, 0xa0, 0x00, 0x38, 0xff, 0xdb, 0x00, 0x3a, 0xff, 0xcb, 0x00, 0x4b,
  0xff, 0x61, 0x00, 0x81, 0xff, 0xcb, 0x00, 0x1b, 0x00, 0x22, 0xff, 0xbb,
  0x00, 0x34, 0xff, 0xb0, 0x00, 0x35, 0xff, 0x39, 0x00, 0x37, 0xff, 0x49,
  0x00, 0x38, 0xff, 0xb8, 0x00, 0x39, 0xff, 0xdf, 0x00, 0x3a, 0xff, 0x6d,
  0x00, 0x3b, 0xff, 0xb0, 0x00, 0x47, 0xff, 0xf1, 0x00, 0x4b, 0xff, 0x1a,
  0x00, 0x54, 0xff, 0xed, 0x00, 0x55, 0xff, 0xeb, 0x00, 0x57, 0xff, 0xae,
  0x00, 0x58, 0xff, 0xbd, 0x00, 0x59, 0xff, 0xdf, 0x00, 0x5a, 0xff, 0xe9,
  0x00, 0x5b, 0xff, 0xdb, 0x00, 0x66, 0xff, 0xbb, 0x00, 0x67, 0xff, 0xbb,
  0x00, 0x68, 0xff, 0xbb, 0x00, 0x69, 0xff, 0xbb, 0x00, 0x6a, 0xff, 0xbb,
  0x00, 0x6b, 0xff, 0xbb, 0x00, 0x6c, 0xff, 0xbb, 0x00, 0x81, 0xff, 0x6d,
  0x00, 0x9f, 0xff, 0xe9, 0x00, 0xa0, 0xff, 0xe9, 0x00, 0x20, 0x00, 0x34,
  0xff, 0xef, 0x00, 0x35, 0xff, 0x35, 0x00, 0x37, 0xff, 0x8a, 0x00, 0x38,
  0xff, 0xcd, 0x00, 0x3a, 0xff, 0xb4, 0x00, 0x42, 0xff, 0xb4, 0x00, 0x44,
  0xff, 0xb4, 0x00, 0x45, 0xff, 0xb4, 0x00, 0x46, 0xff, 0xb4, 0x00, 0x48,
  0xff, 0xb4, 0x00, 0x4b, 0xff, 0x3b, 0x00, 0x50, 0xff, 0xb4, 0x00, 0x52,
  0xff, 0xb4, 0x00, 0x54, 0xff, 0xf7, 0x00, 0x81, 0xff, 0xb4, 0x00, 0x83,
  0xff, 0xb4, 0x00, 0x84, 0xff, 0xb4, 0x00, 0x85, 0xff, 0xb4, 0x00, 0x86,
  0xff, 0xb4, 0x00, 0x87, 0xff, 0xb4, 0x00, 0x88, 0xff, 0xb4, 0x00, 0x89,
  0xff, 0xb4, 0x00, 0x8a, 0xff, 0xb4, 0x00, 0x8b, 0xff, 0xb4, 0x00, 0x8c,
  0xff, 0xb4, 0x00, 0x8d, 0xff, 0xb4, 0x00, 0x8e, 0xff, 0xb4, 0x00, 0x94,
  0xff, 0xb4, 0x00, 0x95, 0xff, 0xb4, 0x00, 0x96, 0xff, 0xb4, 0x00, 0x98,
  0xff, 0xb4, 0x00, 0xa2, 0xff, 0xb4, 0x00, 0x01, 0x00, 0x4b, 0xff, 0x63,
  0x00, 0x1c, 0x00, 0x22, 0xff, 0xa6, 0x00, 0x2b, 0xff, 0x9a, 0x00, 0x34,
  0xff, 0xae, 0x00, 0x35, 0xff, 0x35, 0x00, 0x37, 0xff, 0x4d, 0x00, 0x38,
  0xff, 0xb9, 0x00, 0x39, 0xff, 0xd4, 0x00, 0x3a, 0xff, 0x67, 0x00, 0x3b,
  0xff, 0x9c, 0x00, 0x47, 0xff, 0xe9, 0x00, 0x4b, 0xff, 0x22, 0x00, 0x54,
  0xff, 0xee, 0x00, 0x55, 0xff, 0xe9, 0x00, 0x57, 0xff, 0xa8, 0x00, 0x58,
  0xff, 0xbb, 0x00, 0x59, 0xff, 0xd3, 0x00, 0x5a, 0xff, 0xe5, 0x00, 0x5b,
  0xff, 0xe1, 0x00, 0x66, 0xff, 0xa6, 0x00, 0x67, 0xff, 0xa6, 0x00, 0x68,
  0xff, 0xa6, 0x00, 0x69, 0xff, 0xa6, 0x00, 0x6a, 0xff, 0xa6, 0x00, 0x6b,
  0xff, 0xa6, 0x00, 0x6c, 0xff, 0xa6, 0x00, 0x81, 0xff, 0x67, 0x00, 0x9f,
  0xff, 0xe5, 0x00, 0xa0, 0xff, 0xe5, 0x00, 0x3f, 0x00, 0x22, 0xff, 0x75,
  0x00, 0x24, 0xff, 0xe5, 0x00, 0x28, 0xff, 0xe5, 0x00, 0x2b, 0xff, 0x6d,
  0x00, 0x30, 0xff, 0xe5, 0x00, 0x32, 0xff, 0xe5, 0x00, 0x34, 0xff, 0xf9,
  0x00, 0x42, 0xff, 0xdb, 0x00, 0x44, 0xff, 0xdb, 0x00, 0x45, 0xff, 0xdb,
  0x00, 0x46, 0xff, 0xdb, 0x00, 0x47, 0xff, 0xe7, 0x00, 0x48, 0xff, 0xdb,
  0x00, 0x4b, 0xff, 0x1e, 0x00, 0x4e, 0xff, 0xe3, 0x00, 0x4f, 0xff, 0xe3,
  0x00, 0x50, 0xff, 0xdb, 0x00, 0x51, 0xff, 0xe3, 0x00, 0x52, 0xff, 0xdb,
  0x00, 0x53, 0xff, 0xe3, 0x00, 0x54, 0xff, 0xd7, 0x00, 0x55, 0xff, 0xe3,
  0x00, 0x56, 0xff, 0xe3, 0x00, 0x57, 0xff, 0xe3, 0x00, 0x58, 0xff, 0xe3,
  0x00, 0x59, 0xff, 0xe3, 0x00, 0x5a, 0xff, 0xe3, 0x00, 0x5b, 0xff, 0xe3,
  0x00, 0x66, 0xff, 0x75, 0x00, 0x67, 0xff, 0x75, 0x00, 0x68, 0xff, 0x75,
  0x00, 0x69, 0xff, 0x75, 0x00, 0x6a, 0xff, 0x75, 0x00, 0x6b, 0xff, 0x75,
  0x00, 0x6c, 0xff, 0x75, 0x00, 0x6d, 0xff, 0xe5, 0x00, 0x77, 0xff, 0xe5,
  0x00, 0x78, 0xff, 0xe5, 0x00, 0x7b, 0xff, 0xe5, 0x00, 0x83, 0xff, 0xdb,
  0x00, 0x84, 0xff, 0xdb, 0x00, 0x85, 0xff, 0xdb, 0x00, 0x86, 0xff, 0xdb,
  0x00, 0x87, 0xff, 0xdb, 0x00, 0x88, 0xff, 0xdb, 0x00, 0x89, 0xff, 0xdb,
  0x00, 0x8a, 0xff, 0xdb, 0x00, 0x8b, 0xff, 0xdb, 0x00, 0x8c, 0xff, 0xdb,
  0x00, 0x8d, 0xff, 0xdb, 0x00, 0x8e, 0xff, 0xdb, 0x00, 0x94, 0xff, 0xdb,
  0x00, 0x95, 0xff, 0xdb, 0x00, 0x96, 0xff, 0xdb, 0x00, 0x98, 0xff, 0xdb,
  0x00, 0x9b, 0xff, 0xe3, 0x00, 0x9c, 0xff, 0xe3, 0x00, 0x9d, 0xff, 0xe3,
  0x00, 0x9e, 0xff, 0xe3, 0x00, 0x9f, 0xff, 0xe3, 0x00, 0xa0, 0xff, 0xe3,
  0x00, 0xa1, 0xff, 0xe5, 0x00, 0xa2, 0xff, 0xdb, 0x00, 0x05, 0x00, 0x35,
  0xff, 0x3e, 0x00, 0x37, 0xff, 0xa0, 0x00, 0x38, 0xff, 0xdb, 0x00, 0x3a,
  0xff, 0xcb, 0x00, 0x81, 0xff, 0xcb, 0x00, 0x08, 0x00, 0x35, 0xff, 0x3d,
  0x00, 0x37, 0xff, 0x63, 0x00, 0x38, 0xff, 0xc3, 0x00, 0x3a, 0xff, 0x84,
  0x00, 0x4b, 0xff, 0x53, 0x00, 0x57, 0xff, 0xc3, 0x00, 0x58, 0xff, 0xcb,
  0x00, 0x81, 0xff, 0x84, 0x00, 0x01, 0x00, 0x4b, 0xff, 0x53, 0x00, 0x01,
  0x00, 0x4b, 0xff, 0xd3, 0x00, 0x1e, 0x00, 0x35, 0xff, 0x39, 0x00, 0x37,
  0xff, 0xa0, 0x00, 0x38, 0xff, 0xd9, 0x00, 0x3a, 0xff, 0xd7, 0x00, 0x42,
  0xff, 0xd3, 0x00, 0x44, 0xff, 0xd3, 0x00, 0x45, 0xff, 0xd3, 0x00, 0x46,
  0xff, 0xd3, 0x00, 0x48, 0xff, 0xd3, 0x00, 0x4b, 0xff, 0x53, 0x00, 0x50,
  0xff, 0xd3, 0x00, 0x52, 0xff, 0xd3, 0x00, 0x81, 0xff, 0xd7, 0x00, 0x83,
  0xff, 0xd3, 0x00, 0x84, 0xff, 0xd3, 0x00, 0x85, 0xff, 0xd3, 0x00, 0x86,
  0xff, 0xd3, 0x00, 0x87, 0xff, 0xd3, 0x00, 0x88, 0xff, 0xd3, 0x00, 0x89,
  0xff, 0xd3, 0x00, 0x8a, 0xff, 0xd3, 0x00, 0x8b, 0xff, 0xd3, 0x00, 0x8c,
  0xff, 0xd3, 0x00, 0x8d, 0xff, 0xd3, 0x00, 0x8e, 0xff, 0xd3, 0x00, 0x94,
  0xff, 0xd3, 0x00, 0x95, 0xff, 0xd3, 0x00, 0x96, 0xff, 0xd3, 0x00, 0x98,
  0xff, 0xd3, 0x00, 0xa2, 0xff, 0xd3, 0x00, 0x01, 0x00, 0x4b, 0xff, 0x5d,
  0x00, 0x29, 0x00, 0x22, 0xff, 0x88, 0x00, 0x2b, 0xff, 0x55, 0x00, 0x35,
  0xff, 0x3b, 0x00, 0x37, 0xff, 0xad, 0x00, 0x38, 0xff, 0xe5, 0x00, 0x39,
  0xff, 0xd3, 0x00, 0x3a, 0xff, 0xd3, 0x00, 0x3b, 0xff, 0x5d, 0x00, 0x42,
  0xff, 0xed, 0x00, 0x44, 0xff, 0xed, 0x00, 0x45, 0xff, 0xed, 0x00, 0x46,
  0xff, 0xed, 0x00, 0x48, 0xff, 0xed, 0x00, 0x4b, 0xff, 0x26, 0x00, 0x50,
  0xff, 0xed, 0x00, 0x52, 0xff, 0xed, 0x00, 0x66, 0xff, 0x88, 0x00, 0x67,
  0xff, 0x88, 0x00, 0x68, 0xff, 0x88, 0x00, 0x69, 0xff, 0x88, 0x00, 0x6a,
  0xff, 0x88, 0x00, 0x6b, 0xff, 0x88, 0x00, 0x6c, 0xff, 0x88, 0x00, 0x81,
  0xff, 0xd3, 0x00, 0x83, 0xff, 0xed, 0x00, 0x84, 0xff, 0xed, 0x00, 0x85,
  0xff, 0xed, 0x00, 0x86, 0xff, 0xed, 0x00, 0x87, 0xff, 0xed, 0x00, 0x88,
  0xff, 0xed, 0x00, 0x89, 0xff, 0xed, 0x00, 0x8a, 0xff, 0xed, 0x00, 0x8b,
  0xff, 0xed, 0x00, 0x8c, 0xff, 0xed, 0x00, 0x8d, 0xff, 0xed, 0x00, 0x8e,
  0xff, 0xed, 0x00, 0x94, 0xff, 0xed, 0x00, 0x95, 0xff, 0xed, 0x00, 0x96,
  0xff, 0xed, 0x00, 0x98, 0xff, 0xed, 0x00, 0xa2, 0xff, 0xed, 0x00, 0x40,
  0x00, 0x22, 0xff, 0xd7, 0x00, 0x24, 0xff, 0xdf, 0x00, 0x28, 0xff, 0xdf,
  0x00, 0x30, 0xff, 0xdf, 0x00, 0x32, 0xff, 0xdf, 0x00, 0x34, 0xff, 0xe7,
  0x00, 0x35, 0xff, 0x3b, 0x00, 0x36, 0xff, 0xeb, 0x00, 0x37, 0xff, 0x8f,
  0x00, 0x38, 0xff, 0xc7, 0x00, 0x39, 0xff, 0xf1, 0x00, 0x3a, 0xff, 0xb9,
  0x00, 0x3b, 0xff, 0xd9, 0x00, 0x42, 0xff, 0xef, 0x00, 0x44, 0xff, 0xef,
  0x00, 0x45, 0xff, 0xef, 0x00, 0x46, 0xff, 0xef, 0x00, 0x47, 0xff, 0xe5,
  0x00, 0x48, 0xff, 0xef, 0x00, 0x4b, 0xff, 0x24, 0x00, 0x50, 0xff, 0xef,
  0x00, 0x52, 0xff, 0xef, 0x00, 0x54, 0xff, 0xe8, 0x00, 0x55, 0xff, 0xe5,
  0x00, 0x57, 0xff, 0xe9, 0x00, 0x58, 0xff, 0xed, 0x00, 0x59, 0xff, 0xef,
  0x00, 0x5a, 0xff, 0xe9, 0x00, 0x5b, 0xff, 0xda, 0x00, 0x66, 0xff, 0xd7,
  0x00, 0x67, 0xff, 0xd7, 0x00, 0x68, 0xff, 0xd7, 0x00, 0x69, 0xff, 0xd7,
  0x00, 0x6a, 0xff, 0xd7, 0x00, 0x6b, 0xff, 0xd7, 0x00, 0x6c, 0xff, 0xd7,
  0x00, 0x6d, 0xff, 0xdf, 0x00, 0x77, 0xff, 0xdf, 0x00, 0x78, 0xff, 0xdf,
  0x00, 0x7b, 0xff, 0xdf, 0x00, 0x7d, 0xff, 0xeb, 0x00, 0x7e, 0xff, 0xeb,
  0x00, 0x80, 0xff, 0xeb, 0x00, 0x81, 0xff, 0xb9, 0x00, 0x83, 0xff, 0xef,
  0x00, 0x84, 0xff, 0xef, 0x00, 0x85, 0xff, 0xef, 0x00, 0x86, 0xff, 0xef,
  0x00, 0x87, 0xff, 0xef, 0x00, 0x88, 0xff, 0xef, 0x00, 0x89, 0xff, 0xef,
  0x00, 0x8a, 0xff, 0xef, 0x00, 0x8b, 0xff, 0xef, 0x00, 0x8c, 0xff, 0xef,
  0x00, 0x8d, 0xff, 0xef, 0x00, 0x8e, 0xff, 0xef, 0x00, 0x94, 0xff, 0xef,
  0x00, 0x95, 0xff, 0xef, 0x00, 0x96, 0xff, 0xef, 0x00, 0x98, 0xff, 0xef,
  0x00, 0x9f, 0xff, 0xe9, 0x00, 0xa0, 0xff, 0xe9, 0x00, 0xa1, 0xff, 0xdf,
  0x00, 0xa2, 0xff, 0xef, 0x00, 0x2a, 0x00, 0x22, 0xff, 0x8c, 0x00, 0x2b,
  0xff, 0x80, 0x00, 0x35, 0xff, 0x82, 0x00, 0x37, 0xff, 0x9e, 0x00, 0x38,
  0xff, 0xd8, 0x00, 0x39, 0xff, 0xd1, 0x00, 0x3a, 0xff, 0xd1, 0x00, 0x3b,
  0xff, 0x84, 0x00, 0x42, 0xff, 0xef, 0x00, 0x44, 0xff, 0xef, 0x00, 0x45,
  0xff, 0xef, 0x00, 0x46, 0xff, 0xef, 0x00, 0x48, 0xff, 0xef, 0x00, 0x4b,
  0xff, 0x1e, 0x00, 0x50, 0xff, 0xef, 0x00, 0x52, 0xff, 0xef, 0x00, 0x54,
  0xff, 0xef, 0x00, 0x66, 0xff, 0x8c, 0x00, 0x67, 0xff, 0x8c, 0x00, 0x68,
  0xff, 0x8c, 0x00, 0x69, 0xff, 0x8c, 0x00, 0x6a, 0xff, 0x8c, 0x00, 0x6b,
  0xff, 0x8c, 0x00, 0x6c, 0xff, 0x8c, 0x00, 0x81, 0xff, 0xd1, 0x00, 0x83,
  0xff, 0xef, 0x00, 0x84, 0xff, 0xef, 0x00, 0x85, 0xff, 0xef, 0x00, 0x86,
  0xff, 0xef, 0x00, 0x87, 0xff, 0xef, 0x00, 0x88, 0xff, 0xef, 0x00, 0x89,
  0xff, 0xef, 0x00, 0x8a, 0xff, 0xef, 0x00, 0x8b, 0xff, 0xef, 0x00, 0x8c,
  0xff, 0xef, 0x00, 0x8d, 0xff, 0xef, 0x00, 0x8e, 0xff, 0xef, 0x00, 0x94,
  0xff, 0xef, 0x00, 0x95, 0xff, 0xef, 0x00, 0x96, 0xff, 0xef, 0x00, 0x98,
  0xff, 0xef, 0x00, 0xa2, 0xff, 0xef, 0x00, 0x06, 0x00, 0x35, 0xff, 0x3e,
  0x00, 0x37, 0xff, 0xa0, 0x00, 0x38, 0xff, 0xdb, 0x00, 0x3a, 0xff, 0xcb,
  0x00, 0x4b, 0xff, 0x74, 0x00, 0x81, 0xff, 0xcb, 0x00, 0x2a, 0x00, 0x22,
  0xff, 0x39, 0x00, 0x2b, 0xff, 0x6f, 0x00, 0x35, 0xff, 0x3b, 0x00, 0x37,
  0xff, 0xad, 0x00, 0x38, 0xff, 0xe5, 0x00, 0x39, 0xff, 0xcc, 0x00, 0x3a,
  0xff, 0xcc, 0x00, 0x3b, 0xff, 0x2b, 0x00, 0x42, 0xff, 0xb8, 0x00, 0x44,
  0xff, 0xb8, 0x00, 0x45, 0xff, 0xb8, 0x00, 0x46, 0xff, 0xb8, 0x00, 0x48,
  0xff, 0xb8, 0x00, 0x4b, 0xff, 0x24, 0x00, 0x50, 0xff, 0xb8, 0x00, 0x52,
  0xff, 0xb8, 0x00, 0x54, 0xff, 0xcd, 0x00, 0x66, 0xff, 0x39, 0x00, 0x67,
  0xff, 0x39, 0x00, 0x68, 0xff, 0x39, 0x00, 0x69, 0xff, 0x39, 0x00, 0x6a,
  0xff, 0x39, 0x00, 0x6b, 0xff, 0x39, 0x00, 0x6c, 0xff, 0x39, 0x00, 0x81,
  0xff, 0xcc, 0x00, 0x83, 0xff, 0xb8, 0x00, 0x84, 0xff, 0xb8, 0x00, 0x85,
  0xff, 0xb8, 0x00, 0x86, 0xff, 0xb8, 0x00, 0x87, 0xff, 0xb8, 0x00, 0x88,
  0xff, 0xb8, 0x00, 0x89, 0xff, 0xb8, 0x00, 0x8a, 0xff, 0xb8, 0x00, 0x8b,
  0xff, 0xb8, 0x00, 0x8c, 0xff, 0xb8, 0x00, 0x8d, 0xff, 0xb8, 0x00, 0x8e,
  0xff, 0xb8, 0x00, 0x94, 0xff, 0xb8, 0x00, 0x95, 0xff, 0xb8, 0x00, 0x96,
  0xff, 0xb8, 0x00, 0x98, 0xff, 0xb8, 0x00, 0xa2, 0xff, 0xb8, 0x00, 0x2a,
  0x00, 0x22, 0xff, 0x63, 0x00, 0x2b, 0xff, 0x8a, 0x00, 0x35, 0xff, 0x3b,
  0x00, 0x37, 0xff, 0xad, 0x00, 0x38, 0xff, 0xe5, 0x00, 0x39, 0xff, 0xcc,
  0x00, 0x3a, 0xff, 0xcc, 0x00, 0x3b, 0xff, 0x68, 0x00, 0x42, 0xff, 0xb8,
  0x00, 0x44, 0xff, 0xb8, 0x00, 0x45, 0xff, 0xb8, 0x00, 0x46, 0xff, 0xb8,
  0x00, 0x48, 0xff, 0xb8, 0x00, 0x4b, 0xff, 0x24, 0x00, 0x50, 0xff, 0xb8,
  0x00, 0x52, 0xff, 0xb8, 0x00, 0x54, 0xff, 0xcd, 0x00, 0x66, 0xff, 0x63,
  0x00, 0x67, 0xff, 0x63, 0x00, 0x68, 0xff, 0x63, 0x00, 0x69, 0xff, 0x63,
  0x00, 0x6a, 0xff, 0x63, 0x00, 0x6b, 0xff, 0x63, 0x00, 0x6c, 0xff, 0x63,
  0x00, 0x81, 0xff, 0xcc, 0x00, 0x83, 0xff, 0xb8, 0x00, 0x84, 0xff, 0xb8,
  0x00, 0x85, 0xff, 0xb8, 0x00, 0x86, 0xff, 0xb8, 0x00, 0x87, 0xff, 0xb8,
  0x00, 0x88, 0xff, 0xb8, 0x00, 0x89, 0xff, 0xb8, 0x00, 0x8a, 0xff, 0xb8,
  0x00, 0x8b, 0xff, 0xb8, 0x00, 0x8c, 0xff, 0xb8, 0x00, 0x8d, 0xff, 0xb8,
  0x00, 0x8e, 0xff, 0xb8, 0x00, 0x94, 0xff, 0xb8, 0x00, 0x95, 0xff, 0xb8,
  0x00, 0x96, 0xff, 0xb8, 0x00, 0x98, 0xff, 0xb8, 0x00, 0xa2, 0xff, 0xb8,
  0x00, 0x2a, 0x00, 0x22, 0xff, 0x9a, 0x00, 0x2b, 0xff, 0xcd, 0x00, 0x35,
  0xff, 0x3b, 0x00, 0x37, 0xff, 0xad, 0x00, 0x38, 0xff, 0xe5, 0x00, 0x39,
  0xff, 0xc9, 0x00, 0x3a, 0xff, 0xcc, 0x00, 0x3b, 0xff, 0x96, 0x00, 0x42,
  0xff, 0xe5, 0x00, 0x44, 0xff, 0xe5, 0x00, 0x45, 0xff, 0xe5, 0x00, 0x46,
  0xff, 0xe5, 0x00, 0x48, 0xff, 0xe5, 0x00, 0x4b, 0xff, 0x43, 0x00, 0x50,
  0xff, 0xe5, 0x00, 0x52, 0xff, 0xe5, 0x00, 0x54, 0xff, 0xea, 0x00, 0x66,
  0xff, 0x9a, 0x00, 0x67, 0xff, 0x9a, 0x00, 0x68, 0xff, 0x9a, 0x00, 0x69,
  0xff, 0x9a, 0x00, 0x6a, 0xff, 0x9a, 0x00, 0x6b, 0xff, 0x9a, 0x00, 0x6c,
  0xff, 0x9a, 0x00, 0x81, 0xff, 0xcc, 0x00, 0x83, 0xff, 0xe5, 0x00, 0x84,
  0xff, 0xe5, 0x00, 0x85, 0xff, 0xe5, 0x00, 0x86, 0xff, 0xe5, 0x00, 0x87,
  0xff, 0xe5, 0x00, 0x88, 0xff, 0xe5, 0x00, 0x89, 0xff, 0xe5, 0x00, 0x8a,
  0xff, 0xe5, 0x00, 0x8b, 0xff, 0xe5, 0x00, 0x8c, 0xff, 0xe5, 0x00, 0x8d,
  0xff, 0xe5, 0x00, 0x8e, 0xff, 0xe5, 0x00, 0x94, 0xff, 0xe5, 0x00, 0x95,
  0xff, 0xe5, 0x00, 0x96, 0xff, 0xe5, 0x00, 0x98, 0xff, 0xe5, 0x00, 0xa2,
  0xff, 0xe5, 0x00, 0x1f, 0x00, 0x35, 0xff, 0x3b, 0x00, 0x37, 0xff, 0xad,
  0x00, 0x38, 0xff, 0xce, 0x00, 0x3a, 0xff, 0xc6, 0x00, 0x42, 0xff, 0xe7,
  0x00, 0x44, 0xff, 0xe7, 0x00, 0x45, 0xff, 0xe7, 0x00, 0x46, 0xff, 0xe7,
  0x00, 0x48, 0xff, 0xe7, 0x00, 0x4b, 0xff, 0x51, 0x00, 0x50, 0xff, 0xe7,
  0x00, 0x52, 0xff, 0xe7, 0x00, 0x54, 0xff, 0xf5, 0x00, 0x81, 0xff, 0xc6,
  0x00, 0x83, 0xff, 0xe7, 0x00, 0x84, 0xff, 0xe7, 0x00, 0x85, 0xff, 0xe7,
  0x00, 0x86, 0xff, 0xe7, 0x00, 0x87, 0xff, 0xe7, 0x00, 0x88, 0xff, 0xe7,
  0x00, 0x89, 0xff, 0xe7, 0x00, 0x8a, 0xff, 0xe7, 0x00, 0x8b, 0xff, 0xe7,
  0x00, 0x8c, 0xff, 0xe7, 0x00, 0x8d, 0xff, 0xe7, 0x00, 0x8e, 0xff, 0xe7,
  0x00, 0x94, 0xff, 0xe7, 0x00, 0x95, 0xff, 0xe7, 0x00, 0x96, 0xff, 0xe7,
  0x00, 0x98, 0xff, 0xe7, 0x00, 0xa2, 0xff, 0xe7, 0x00, 0x3e, 0x00, 0x22,
  0xff, 0xd5, 0x00, 0x24, 0xff, 0xb2, 0x00, 0x28, 0xff, 0xb2, 0x00, 0x30,
  0xff, 0xb2, 0x00, 0x32, 0xff, 0xb2, 0x00, 0x37, 0xff, 0xcc, 0x00, 0x38,
  0xff, 0xe9, 0x00, 0x39, 0xff, 0xf0, 0x00, 0x3a, 0xff, 0xf4, 0x00, 0x42,
  0xff, 0xe0, 0x00, 0x44, 0xff, 0xe4, 0x00, 0x45, 0xff, 0xe4, 0x00, 0x46,
  0xff, 0xe4, 0x00, 0x47, 0xff, 0x8a, 0x00, 0x48, 0xff, 0xe4, 0x00, 0x4b,
  0xff, 0x27, 0x00, 0x50, 0xff, 0xe4, 0x00, 0x52, 0xff, 0xe4, 0x00, 0x54,
  0xff, 0xe6, 0x00, 0x55, 0xff, 0x88, 0x00, 0x56, 0xff, 0xf8, 0x00, 0x57,
  0xff, 0x7d, 0x00, 0x58, 0xff, 0x8a, 0x00, 0x59, 0xff, 0xf2, 0x00, 0x5a,
  0xff, 0xb3, 0x00, 0x5b, 0xff, 0xc2, 0x00, 0x66, 0xff, 0xd5, 0x00, 0x67,
  0xff, 0xd5, 0x00, 0x68, 0xff, 0xd5, 0x00, 0x69, 0xff, 0xd5, 0x00, 0x6a,
  0xff, 0xd5, 0x00, 0x6b, 0xff, 0xd5, 0x00, 0x6c, 0xff, 0xd5, 0x00, 0x6d,
  0xff, 0xb2, 0x00, 0x77, 0xff, 0xb2, 0x00, 0x78, 0xff, 0xb2, 0x00, 0x7b,
  0xff, 0xb2, 0x00, 0x81, 0xff, 0xf4, 0x00, 0x83, 0xff, 0xe0, 0x00, 0x84,
  0xff, 0xe0, 0x00, 0x85, 0xff, 0xe0, 0x00, 0x86, 0xff, 0xe0, 0x00, 0x87,
  0xff, 0xe0, 0x00, 0x88, 0xff, 0xe0, 0x00, 0x89, 0xff, 0xe4, 0x00, 0x8a,
  0xff, 0xe4, 0x00, 0x8b, 0xff, 0xe4, 0x00, 0x8c, 0xff, 0xe4, 0x00, 0x8d,
  0xff, 0xe4, 0x00, 0x8e, 0xff, 0xe4, 0x00, 0x94, 0xff, 0xe4, 0x00, 0x95,
  0xff, 0xe4, 0x00, 0x96, 0xff, 0xe4, 0x00, 0x98, 0xff, 0xe4, 0x00, 0x9b,
  0xff, 0xf8, 0x00, 0x9c, 0xff, 0xf8, 0x00, 0x9d, 0xff, 0xf8, 0x00, 0x9e,
  0xff, 0xf8, 0x00, 0x9f, 0xff, 0xb3, 0x00, 0xa0, 0xff, 0xb3, 0x00, 0xa1,
  0xff, 0xb2, 0x00, 0xa2, 0xff, 0xe4, 0x00, 0x29, 0x00, 0x24, 0xff, 0xd7,
  0x00, 0x28, 0xff, 0xd7, 0x00, 0x30, 0xff, 0xd7, 0x00, 0x32, 0xff, 0xd7,
  0x00, 0x42, 0xff, 0xed, 0x00, 0x44, 0xff, 0xed, 0x00, 0x45, 0xff, 0xed,
  0x00, 0x46, 0xff, 0xed, 0x00, 0x47, 0xff, 0xdd, 0x00, 0x48, 0xff, 0xed,
  0x00, 0x4b, 0xff, 0x58, 0x00, 0x50, 0xff, 0xed, 0x00, 0x52, 0xff, 0xed,
  0x00, 0x55, 0xff, 0xdd, 0x00, 0x57, 0xff, 0xd5, 0x00, 0x58, 0xff, 0xd4,
  0x00, 0x5a, 0xff, 0xd4, 0x00, 0x6d, 0xff, 0xd7, 0x00, 0x77, 0xff, 0xd7,
  0x00, 0x78, 0xff, 0xd7, 0x00, 0x7b, 0xff, 0xd7, 0x00, 0x83, 0xff, 0xed,
  0x00, 0x84, 0xff, 0xed, 0x00, 0x85, 0xff, 0xed, 0x00, 0x86, 0xff, 0xed,
  0x00, 0x87, 0xff, 0xed, 0x00, 0x88, 0xff, 0xed, 0x00, 0x89, 0xff, 0xed,
  0x00, 0x8a, 0xff, 0xed, 0x00, 0x8b, 0xff, 0xed, 0x00, 0x8c, 0xff, 0xed,
  0x00, 0x8d, 0xff, 0xed, 0x00, 0x8e, 0xff, 0xed, 0x00, 0x94, 0xff, 0xed,
  0x00, 0x95, 0xff, 0xed, 0x00, 0x96, 0xff, 0xed, 0x00, 0x98, 0xff, 0xed,
  0x00, 0x9f, 0xff, 0xd4, 0x00, 0xa0, 0xff, 0xd4, 0x00, 0xa1, 0xff, 0xd7,
  0x00, 0xa2, 0xff, 0xed, 0x00, 0x12, 0x00, 0x22, 0xff, 0x8c, 0x00, 0x2b,
  0xff, 0xc8, 0x00, 0x34, 0xff, 0xe7, 0x00, 0x35, 0xff, 0xb9, 0x00, 0x37,
  0xff, 0x86, 0x00, 0x38, 0xff, 0xcf, 0x00, 0x39, 0xff, 0xc1, 0x00, 0x3a,
  0xff, 0xc1, 0x00, 0x3b, 0xff, 0xbf, 0x00, 0x4b, 0xff, 0x24, 0x00, 0x66,
  0xff, 0x8c, 0x00, 0x67, 0xff, 0x8c, 0x00, 0x68, 0xff, 0x8c, 0x00, 0x69,
  0xff, 0x8c, 0x00, 0x6a, 0xff, 0x8c, 0x00, 0x6b, 0xff, 0x8c, 0x00, 0x6c,
  0xff, 0x8c, 0x00, 0x81, 0xff, 0xc1, 0x00, 0x0b, 0x00, 0x22, 0xff, 0xae,
  0x00, 0x2b, 0xff, 0xe9, 0x00, 0x4b, 0xff, 0x1e, 0x00, 0x54, 0xff, 0xf3,
  0x00, 0x66, 0xff, 0xae, 0x00, 0x67, 0xff, 0xae, 0x00, 0x68, 0xff, 0xae,
  0x00, 0x69, 0xff, 0xae, 0x00, 0x6a, 0xff, 0xae, 0x00, 0x6b, 0xff, 0xae,
  0x00, 0x6c, 0xff, 0xae, 0x00, 0x3f, 0x00, 0x22, 0xff, 0x19, 0x00, 0x24,
  0xff, 0xc3, 0x00, 0x28, 0xff, 0xc3, 0x00, 0x2b, 0xff, 0x1e, 0x00, 0x30,
  0xff, 0xc3, 0x00, 0x32, 0xff, 0xc3, 0x00, 0x34, 0xff, 0xeb, 0x00, 0x42,
  0xff, 0x67, 0x00, 0x44, 0xff, 0x67, 0x00, 0x45, 0xff, 0x67, 0x00, 0x46,
  0xff, 0x67, 0x00, 0x47, 0xff, 0xcd, 0x00, 0x48, 0xff, 0x67, 0x00, 0x4b,
  0xff, 0x22, 0x00, 0x4e, 0xff, 0xd3, 0x00, 0x4f, 0xff, 0xd3, 0x00, 0x50,
  0xff, 0x67, 0x00, 0x51, 0xff, 0xd3, 0x00, 0x52, 0xff, 0x67, 0x00, 0x53,
  0xff, 0xd3, 0x00, 0x54, 0xff, 0x92, 0x00, 0x55, 0xff, 0xd1, 0x00, 0x56,
  0xff, 0xd3, 0x00, 0x57, 0xff, 0xcc, 0x00, 0x58, 0xff, 0xcb, 0x00, 0x59,
  0xff, 0xd3, 0x00, 0x5a, 0xff, 0xcc, 0x00, 0x5b, 0xff, 0xc6, 0x00, 0x66,
  0xff, 0x19, 0x00, 0x67, 0xff, 0x19, 0x00, 0x68, 0xff, 0x19, 0x00, 0x69,
  0xff, 0x19, 0x00, 0x6a, 0xff, 0x19, 0x00, 0x6b, 0xff, 0x19, 0x00, 0x6c,
  0xff, 0x19, 0x00, 0x6d, 0xff, 0xc3, 0x00, 0x77, 0xff, 0xc3, 0x00, 0x78,
  0xff, 0xc3, 0x00, 0x7b, 0xff, 0xc3, 0x00, 0x83, 0xff, 0x67, 0x00, 0x84,
  0xff, 0x67, 0x00, 0x85, 0xff, 0xb3, 0x00, 0x86, 0xff, 0xb3, 0x00, 0x87,
  0xff, 0xb3, 0x00, 0x88, 0xff, 0x67, 0x00, 0x89, 0xff, 0x67, 0x00, 0x8a,
  0xff, 0x67, 0x00, 0x8b, 0xff, 0x67, 0x00, 0x8c, 0xff, 0x67, 0x00, 0x8d,
  0xff, 0xa0, 0x00, 0x8e, 0xff, 0xcb, 0x00, 0x94, 0xff, 0x67, 0x00, 0x95,
  0xff, 0x67, 0x00, 0x96, 0xff, 0xcb, 0x00, 0x98, 0xff, 0xcb, 0x00, 0x9b,
  0xff, 0xd3, 0x00, 0x9c, 0xff, 0xd3, 0x00, 0x9d, 0xff, 0xf4, 0x00, 0x9e,
  0xff, 0xf4, 0x00, 0x9f, 0xff, 0xcc, 0x00, 0xa0, 0xff, 0xcc, 0x00, 0xa1,
  0xff, 0xc3, 0x00, 0xa2, 0xff, 0x67, 0x00, 0x06, 0x00, 0x35, 0xff, 0x53,
  0x00, 0x37, 0xff, 0xa0, 0x00, 0x38, 0xff, 0xdb, 0x00, 0x3a, 0xff, 0xcb,
  0x00, 0x4b, 0xff, 0x61, 0x00, 0x81, 0xff, 0xcb, 0x00, 0x06, 0x00, 0x35,
  0xff, 0x55, 0x00, 0x37, 0xff, 0xa0, 0x00, 0x38, 0xff, 0xdb, 0x00, 0x3a,
  0xff, 0xcb, 0x00, 0x4b, 0xff, 0x61, 0x00, 0x81, 0xff, 0xcb, 0x00, 0x06,
  0x00, 0x35, 0xff, 0xd8, 0x00, 0x37, 0xff, 0xc5, 0x00, 0x38, 0xff, 0xdb,
  0x00, 0x3a, 0xff, 0xe2, 0x00, 0x4b, 0xff, 0x61, 0x00, 0x81, 0xff, 0xe2,
  0x00, 0x06, 0x00, 0x35, 0xff, 0xc7, 0x00, 0x37, 0xff, 0xc5, 0x00, 0x38,
  0xff, 0xdb, 0x00, 0x3a, 0xff, 0xcb, 0x00, 0x4b, 0xff, 0x61, 0x00, 0x81,
  0xff, 0xcb, 0x00, 0x06, 0x00, 0x35, 0xff, 0x61, 0x00, 0x37, 0xff, 0xa0,
  0x00, 0x38, 0xff, 0xdb, 0x00, 0x3a, 0xff, 0xcb, 0x00, 0x4b, 0xff, 0x61,
  0x00, 0x81, 0xff, 0xcb, 0x00, 0x20, 0x00, 0x34, 0xff, 0xef, 0x00, 0x35,
  0xff, 0x35, 0x00, 0x37, 0xff, 0x8a, 0x00, 0x38, 0xff, 0xcd, 0x00, 0x3a,
  0xff, 0xb4, 0x00, 0x42, 0xff, 0xb4, 0x00, 0x44, 0xff, 0xb4, 0x00, 0x45,
  0xff, 0xb4, 0x00, 0x46, 0xff, 0xb4, 0x00, 0x48, 0xff, 0xb4, 0x00, 0x4b,
  0xff, 0xad, 0x00, 0x50, 0xff, 0xb4, 0x00, 0x52, 0xff, 0xb4, 0x00, 0x54,
  0xff, 0xf7, 0x00, 0x81, 0xff, 0xb4, 0x00, 0x83, 0xff, 0xb4, 0x00, 0x84,
  0xff, 0xb4, 0x00, 0x85, 0xff, 0xb4, 0x00, 0x86, 0xff, 0xb4, 0x00, 0x87,
  0xff, 0xb4, 0x00, 0x88, 0xff, 0xb4, 0x00, 0x89, 0xff, 0xb4, 0x00, 0x8a,
  0xff, 0xb4, 0x00, 0x8b, 0xff, 0xb4, 0x00, 0x8c, 0xff, 0xb4, 0x00, 0x8d,
  0xff, 0xb4, 0x00, 0x8e, 0xff, 0xb4, 0x00, 0x94, 0xff, 0xb4, 0x00, 0x95,
  0xff, 0xb4, 0x00, 0x96, 0xff, 0xb4, 0x00, 0x98, 0xff, 0xb4, 0x00, 0xa2,
  0xff, 0xb4, 0x00, 0x1c, 0x00, 0x22, 0xff, 0xa6, 0x00, 0x2b, 0xff, 0x9a,
  0x00, 0x34, 0xff, 0xae, 0x00, 0x35, 0xff, 0x74, 0x00, 0x37, 0xff, 0x4d,
  0x00, 0x38, 0xff, 0xb9, 0x00, 0x39, 0xff, 0xd4, 0x00, 0x3a, 0xff, 0x67,
  0x00, 0x3b, 0xff, 0x9c, 0x00, 0x47, 0xff, 0xe9, 0x00, 0x4b, 0xff, 0x22,
  0x00, 0x54, 0xff, 0xee, 0x00, 0x55, 0xff, 0xe9, 0x00, 0x57, 0xff, 0xa8,
  0x00, 0x58, 0xff, 0xbb, 0x00, 0x59, 0xff, 0xd3, 0x00, 0x5a, 0xff, 0xe5,
  0x00, 0x5b, 0xff, 0xe1, 0x00, 0x66, 0xff, 0xa6, 0x00, 0x67, 0xff, 0xa6,
  0x00, 0x68, 0xff, 0xa6, 0x00, 0x69, 0xff, 0xa6, 0x00, 0x6a, 0xff, 0xa6,
  0x00, 0x6b, 0xff, 0xa6, 0x00, 0x6c, 0xff, 0xa6, 0x00, 0x81, 0xff, 0x67,
  0x00, 0x9f, 0xff, 0xe5, 0x00, 0xa0, 0xff, 0xe5, 0x00, 0x1c, 0x00, 0x22,
  0xff, 0xa6, 0x00, 0x2b, 0xff, 0x9a, 0x00, 0x34, 0xff, 0xae, 0x00, 0x35,
  0xff, 0x6a, 0x00, 0x37, 0xff, 0x4d, 0x00, 0x38, 0xff, 0xb9, 0x00, 0x39,
  0xff, 0xd4, 0x00, 0x3a, 0xff, 0x67, 0x00, 0x3b, 0xff, 0x9c, 0x00, 0x47,
  0xff, 0xe9, 0x00, 0x4b, 0xff, 0x22, 0x00, 0x54, 0xff, 0xee, 0x00, 0x55,
  0xff, 0xe9, 0x00, 0x57, 0xff, 0xa8, 0x00, 0x58, 0xff, 0xbb, 0x00, 0x59,
  0xff, 0xd3, 0x00, 0x5a, 0xff, 0xe5, 0x00, 0x5b, 0xff, 0xe1, 0x00, 0x66,
  0xff, 0xa6, 0x00, 0x67, 0xff, 0xa6, 0x00, 0x68, 0xff, 0xa6, 0x00, 0x69,
  0xff, 0xa6, 0x00, 0x6a, 0xff, 0xa6, 0x00, 0x6b, 0xff, 0xa6, 0x00, 0x6c,
  0xff, 0xa6, 0x00, 0x81, 0xff, 0x67, 0x00, 0x9f, 0xff, 0xe5, 0x00, 0xa0,
  0xff, 0xe5, 0x00, 0x1c, 0x00, 0x22, 0xff, 0xa6, 0x00, 0x2b, 0xff, 0x9a,
  0x00, 0x34, 0xff, 0xae, 0x00, 0x35, 0xff, 0xa5, 0x00, 0x37, 0xff, 0x72,
  0x00, 0x38, 0xff, 0xb9, 0x00, 0x39, 0xff, 0xd4, 0x00, 0x3a, 0xff, 0x9a,
  0x00, 0x3b, 0xff, 0x9c, 0x00, 0x47, 0xff, 0xe9, 0x00, 0x4b, 0xff, 0x22,
  0x00, 0x54, 0xff, 0xee, 0x00, 0x55, 0xff, 0xe9, 0x00, 0x57, 0xff, 0xa8,
  0x00, 0x58, 0xff, 0xbb, 0x00, 0x59, 0xff, 0xd3, 0x00, 0x5a, 0xff, 0xe5,
  0x00, 0x5b, 0xff, 0xe1, 0x00, 0x66, 0xff, 0xa6, 0x00, 0x67, 0xff, 0xa6,
  0x00, 0x68, 0xff, 0xa6, 0x00, 0x69, 0xff, 0xa6, 0x00, 0x6a, 0xff, 0xa6,
  0x00, 0x6b, 0xff, 0xa6, 0x00, 0x6c, 0xff, 0xa6, 0x00, 0x81, 0xff, 0x9a,
  0x00, 0x9f, 0xff, 0xe5, 0x00, 0xa0, 0xff, 0xe5, 0x00, 0x1c, 0x00, 0x22,
  0xff, 0xbb, 0x00, 0x2b, 0xff, 0xa2, 0x00, 0x34, 0xff, 0xbd, 0x00, 0x35,
  0xff, 0xcf, 0x00, 0x37, 0xff, 0xc1, 0x00, 0x38, 0xff, 0xc9, 0x00, 0x39,
  0xff, 0xdf, 0x00, 0x3a, 0xff, 0xcb, 0x00, 0x3b, 0xff, 0xcf, 0x00, 0x47,
  0xff, 0xf1, 0x00, 0x4b, 0xff, 0x1a, 0x00, 0x54, 0xff, 0xed, 0x00, 0x55,
  0xff, 0xeb, 0x00, 0x57, 0xff, 0xae, 0x00, 0x58, 0xff, 0xbd, 0x00, 0x59,
  0xff, 0xdf, 0x00, 0x5a, 0xff, 0xe9, 0x00, 0x5b, 0xff, 0xdb, 0x00, 0x66,
  0xff, 0xbb, 0x00, 0x67, 0xff, 0xbb, 0x00, 0x68, 0xff, 0xbb, 0x00, 0x69,
  0xff, 0xbb, 0x00, 0x6a, 0xff, 0xbb, 0x00, 0x6b, 0xff, 0xbb, 0x00, 0x6c,
  0xff, 0xbb, 0x00, 0x81, 0xff, 0xcb, 0x00, 0x9f, 0xff, 0xe9, 0x00, 0xa0,
  0xff, 0xe9, 0x00, 0x16, 0x00, 0x23, 0x00, 0x5e, 0x00, 0x25, 0x00, 0x5e,
  0x00, 0x26, 0x00, 0x5e, 0x00, 0x27, 0x00, 0x5e, 0x00, 0x29, 0x00, 0x5e,
  0x00, 0x2a, 0x00, 0x5e, 0x00, 0x2c, 0x00, 0x5e, 0x00, 0x2d, 0x00, 0x5e,
  0x00, 0x2e, 0x00, 0x5e, 0x00, 0x2f, 0x00, 0x5e, 0x00, 0x31, 0x00, 0x5e,
  0x00, 0x33, 0x00, 0x5e, 0x00, 0x34, 0x00, 0x5e, 0x00, 0x35, 0x00, 0x5e,
  0x00, 0x36, 0x00, 0x5e, 0x00, 0x37, 0x00, 0x5e, 0x00, 0x38, 0x00, 0x5e,
  0x00, 0x39, 0x00, 0x5e, 0x00, 0x3a, 0x00, 0x5e, 0x00, 0x3b, 0x00, 0x5e,
  0x00, 0x4b, 0xff, 0x7a, 0x00, 0x82, 0x00, 0x5e, 0x00, 0x1b, 0x00, 0x23,
  0x00, 0x8c, 0x00, 0x24, 0x00, 0x2b, 0x00, 0x25, 0x00, 0x8c, 0x00, 0x26,
  0x00, 0x8c, 0x00, 0x27, 0x00, 0x8c, 0x00, 0x28, 0x00, 0x2b, 0x00, 0x29,
  0x00, 0x8c, 0x00, 0x2a, 0x00, 0x8c, 0x00, 0x2c, 0x00, 0x8c, 0x00, 0x2d,
  0x00, 0x8c, 0x00, 0x2e, 0x00, 0x8c, 0x00, 0x2f, 0x00, 0x8c, 0x00, 0x30,
  0x00, 0x2b, 0x00, 0x31, 0x00, 0x8c, 0x00, 0x32, 0x00, 0x23, 0x00, 0x33,
  0x00, 0x8c, 0x00, 0x34, 0x00, 0x78, 0x00, 0x35, 0x00, 0x8c, 0x00, 0x36,
  0x00, 0x8c, 0x00, 0x37, 0x00, 0x8c, 0x00, 0x38, 0x00, 0x8c, 0x00, 0x39,
  0x00, 0x8c, 0x00, 0x3a, 0x00, 0x8c, 0x00, 0x3b, 0x00, 0x8c, 0x00, 0x4b,
  0xff, 0xac, 0x00, 0x82, 0x00, 0x8c, 0x00, 0xa1, 0x00, 0x2b, 0x00, 0x1b,
  0x00, 0x22, 0xff, 0xbb, 0x00, 0x34, 0xff, 0xb0, 0x00, 0x35, 0xff, 0x66,
  0x00, 0x37, 0xff, 0x49, 0x00, 0x38, 0xff, 0xb8, 0x00, 0x39, 0xff, 0xdf,
  0x00, 0x3a, 0xff, 0x6d, 0x00, 0x3b, 0xff, 0xb0, 0x00, 0x47, 0xff, 0xf1,
  0x00, 0x4b, 0xff, 0x1a, 0x00, 0x54, 0xff, 0xed, 0x00, 0x55, 0xff, 0xeb,
  0x00, 0x57, 0xff, 0xae, 0x00, 0x58, 0xff, 0xbd, 0x00, 0x59, 0xff, 0xdf,
  0x00, 0x5a, 0xff, 0xe9, 0x00, 0x5b, 0xff, 0xdb, 0x00, 0x66, 0xff, 0xbb,
  0x00, 0x67, 0xff, 0xbb, 0x00, 0x68, 0xff, 0xbb, 0x00, 0x69, 0xff, 0xbb,
  0x00, 0x6a, 0xff, 0xbb, 0x00, 0x6b, 0xff, 0xbb, 0x00, 0x6c, 0xff, 0xbb,
  0x00, 0x81, 0xff, 0x6d, 0x00, 0x9f, 0xff, 0xe9, 0x00, 0xa0, 0xff, 0xe9,
  0x00, 0x1b, 0x00, 0x22, 0xff, 0xbb, 0x00, 0x34, 0xff, 0xb0, 0x00, 0x35,
  0xff, 0x67, 0x00, 0x37, 0xff, 0x49, 0x00, 0x38, 0xff, 0xb8, 0x00, 0x39,
  0xff, 0xdf, 0x00, 0x3a, 0xff, 0x6d, 0x00, 0x3b, 0xff, 0xb0, 0x00, 0x47,
  0xff, 0xf1, 0x00, 0x4b, 0xff, 0x1a, 0x00, 0x54, 0xff, 0xed, 0x00, 0x55,
  0xff, 0xeb, 0x00, 0x57, 0xff, 0xae, 0x00, 0x58, 0xff, 0xbd, 0x00, 0x59,
  0xff, 0xdf, 0x00, 0x5a, 0xff, 0xe9, 0x00, 0x5b, 0xff, 0xdb, 0x00, 0x66,
  0xff, 0xbb, 0x00, 0x67, 0xff, 0xbb, 0x00, 0x68, 0xff, 0xbb, 0x00, 0x69,
  0xff, 0xbb, 0x00, 0x6a, 0xff, 0xbb, 0x00, 0x6b, 0xff, 0xbb, 0x00, 0x6c,
  0xff, 0xbb, 0x00, 0x81, 0xff, 0x6d, 0x00, 0x9f, 0xff, 0xe9, 0x00, 0xa0,
  0xff, 0xe9, 0x00, 0x1b, 0x00, 0x22, 0xff, 0xbb, 0x00, 0x34, 0xff, 0xbd,
  0x00, 0x35, 0xff, 0xcf, 0x00, 0x37, 0xff, 0xc1, 0x00, 0x38, 0xff, 0xc9,
  0x00, 0x39, 0xff, 0xdf, 0x00, 0x3a, 0xff, 0xcb, 0x00, 0x3b, 0xff, 0xcf,
  0x00, 0x47, 0xff, 0xf1, 0x00, 0x4b, 0xff, 0x1a, 0x00, 0x54, 0xff, 0xed,
  0x00, 0x55, 0xff, 0xeb, 0x00, 0x57, 0xff, 0xae, 0x00, 0x58, 0xff, 0xbd,
  0x00, 0x59, 0xff, 0xdf, 0x00, 0x5a, 0xff, 0xe9, 0x00, 0x5b, 0xff, 0xdb,
  0x00, 0x66, 0xff, 0xbb, 0x00, 0x67, 0xff, 0xbb, 0x00, 0x68, 0xff, 0xbb,
  0x00, 0x69, 0xff, 0xbb, 0x00, 0x6a, 0xff, 0xbb, 0x00, 0x6b, 0xff, 0xbb,
  0x00, 0x6c, 0xff, 0xbb, 0x00, 0x81, 0xff, 0xcb, 0x00, 0x9f, 0xff, 0xe9,
  0x00, 0xa0, 0xff, 0xe9, 0x00, 0x06, 0x00, 0x35, 0xff, 0xb4, 0x00, 0x37,
  0xff, 0xa0, 0x00, 0x38, 0xff, 0xdb, 0x00, 0x3a, 0xff, 0xcb, 0x00, 0x4b,
  0xff, 0x74, 0x00, 0x81, 0xff, 0xcb, 0x00, 0x06, 0x00, 0x35, 0xff, 0xae,
  0x00, 0x37, 0xff, 0xa0, 0x00, 0x38, 0xff, 0xdb, 0x00, 0x3a, 0xff, 0xcb,
  0x00, 0x4b, 0xff, 0x74, 0x00, 0x81, 0xff, 0xcb, 0x00, 0x06, 0x00, 0x35,
  0xff, 0xf1, 0x00, 0x37, 0xff, 0xe5, 0x00, 0x38, 0xff, 0xea, 0x00, 0x3a,
  0xff, 0xee, 0x00, 0x4b, 0xff, 0x74, 0x00, 0x81, 0xff, 0xee, 0x00, 0x02,
  0x00, 0x0a, 0x00, 0x22, 0x00, 0x3b, 0x00, 0x00, 0x00, 0x42, 0x00, 0x5b,
  0x00, 0x1a, 0x00, 0x66, 0x00, 0x71, 0x00, 0x34, 0x00, 0x77, 0x00, 0x78,
  0x00, 0x40, 0x00, 0x7b, 0x00, 0x7b, 0x00, 0x42, 0x00, 0x7d, 0x00, 0x7e,
  0x00, 0x43, 0x00, 0x80, 0x00, 0x92, 0x00, 0x45, 0x00, 0x94, 0x00, 0x96,
  0x00, 0x58, 0x00, 0x98, 0x00, 0x98, 0x00, 0x5b, 0x00, 0x9b, 0x00, 0xa2,
  0x00, 0x5c, 0x00, 0x00, 0x00, 0x00, 0x00, 0x01, 0x00, 0x00, 0x00, 0x00,
  0xd5, 0xa4, 0x98, 0xdb, 0x00, 0x00, 0x00, 0x00, 0xd6, 0xb6, 0x44, 0x5b,
  0x00, 0x00, 0x00, 0x00, 0xd6, 0xb9, 0x0f, 0x60, 0x00, 0x00, 0x00, 0x01,
  0x00, 0x00, 0x43, 0x1c, 0x00, 0x01, 0x0b, 0x2d, 0x30, 0x00, 0x00, 0x0b,
  0x13, 0x0e, 0x00, 0x22, 0x00, 0x24, 0xff, 0x8f, 0x00, 0x22, 0x00, 0x28,
  0xff, 0x8f, 0x00, 0x22, 0x00, 0x30, 0xff, 0x8f, 0x00, 0x22, 0x00, 0x32,
  0xff, 0x8f, 0x00, 0x22, 0x00, 0x35, 0xff, 0x3c, 0x00, 0x22, 0x00, 0x36,
  0xff, 0xae, 0x00, 0x22, 0x00, 0x37, 0xfe, 0xe8, 0x00, 0x22, 0x00, 0x38,
  0xff, 0x97, 0x00, 0x22, 0x00, 0x3a, 0xff, 0x19, 0x00, 0x22, 0x00, 0x42,
  0xff, 0xb7, 0x00, 0x22, 0x00, 0x44, 0xff, 0xbc, 0x00, 0x22, 0x00, 0x45,
  0xff, 0xbc, 0x00, 0x22, 0x00, 0x46, 0xff, 0xbc, 0x00, 0x22, 0x00, 0x47,
  0xff, 0x9c, 0x00, 0x22, 0x00, 0x48, 0xff, 0xbc, 0x00, 0x22, 0x00, 0x4b,
  0xff, 0x65, 0x00, 0x22, 0x00, 0x50, 0xff, 0xbc, 0x00, 0x22, 0x00, 0x52,
  0xff, 0xbc, 0x00, 0x22, 0x00, 0x55, 0xff, 0x8c, 0x00, 0x22, 0x00, 0x56,
  0xff, 0xbf, 0x00, 0x22, 0x00, 0x57, 0xff, 0x39, 0x00, 0x22, 0x00, 0x58,
  0xff, 0x63, 0x00, 0x22, 0x00, 0x5a, 0xff, 0x89, 0x00, 0x22, 0x00, 0x6d,
  0xff, 0x8f, 0x00, 0x22, 0x00, 0x77, 0xff, 0x8f, 0x00, 0x22, 0x00, 0x78,
  0xff, 0x8f, 0x00, 0x22, 0x00, 0x7b, 0xff, 0x8f, 0x00, 0x22, 0x00, 0x7d,
  0xff, 0xae, 0x00, 0x22, 0x00, 0x7e, 0xff, 0xae, 0x00, 0x22, 0x00, 0x80,
  0xff, 0xae, 0x00, 0x22, 0x00, 0x81, 0xff, 0x19, 0x00, 0x22, 0x00, 0x83,
  0xff, 0xb7, 0x00, 0x22, 0x00, 0x84, 0xff, 0xb7, 0x00, 0x22, 0x00, 0x85,
  0xff, 0xb7, 0x00, 0x22, 0x00, 0x86, 0xff, 0xb7, 0x00, 0x22, 0x00, 0x87,
  0xff, 0xb7, 0x00, 0x22, 0x00, 0x88, 0xff, 0xb7, 0x00, 0x22, 0x00, 0x89,
  0xff, 0xbc, 0x00, 0x22, 0x00, 0x8a, 0xff, 0xbc, 0x00, 0x22, 0x00, 0x8b,
  0xff, 0xbc, 0x00, 0x22, 0x00, 0x8c, 0xff, 0xbc, 0x00, 0x22, 0x00, 0x8d,
  0xff, 0xbc, 0x00, 0x22, 0x00, 0x8e, 0xff, 0xbc, 0x00, 0x22, 0x00, 0x94,
  0xff, 0xbc, 0x00, 0x22, 0x00, 0x95, 0xff, 0xbc, 0x00, 0x22, 0x00, 0x96,
  0xff, 0xbc, 0x00, 0x22, 0x00, 0x98, 0xff, 0xbc, 0x00, 0x22, 0x00, 0x9b,
  0xff, 0xbf, 0x00, 0x22, 0x00, 0x9c, 0xff, 0xbf, 0x00, 0x22, 0x00, 0x9d,
  0xff, 0xbf, 0x00, 0x22, 0x00, 0x9e, 0xff, 0xbf, 0x00, 0x22, 0x00, 0x9f,
  0xff, 0x89, 0x00, 0x22, 0x00, 0xa0, 0xff, 0x89, 0x00, 0x22, 0x00, 0xa1,
  0xff, 0x8f, 0x00, 0x22, 0x00, 0xa2, 0xff, 0xbc, 0x00, 0x23, 0x00, 0x22,
  0xff, 0xc3, 0x00, 0x23, 0x00, 0x24, 0xff, 0xed, 0x00, 0x23, 0x00, 0x28,
  0xff, 0xed, 0x00, 0x23, 0x00, 0x30, 0xff, 0xed, 0x00, 0x23, 0x00, 0x32,
  0xff, 0xed, 0x00, 0x23, 0x00, 0x34, 0xff, 0xd7, 0x00, 0x23, 0x00, 0x35,
  0xff, 0xd2, 0x00, 0x23, 0x00, 0x37, 0xff, 0x98, 0x00, 0x23, 0x00, 0x38,
  0xff, 0xba, 0x00, 0x23, 0x00, 0x39, 0xff, 0xe6, 0x00, 0x23, 0x00, 0x3a,
  0xff, 0xc3, 0x00, 0x23, 0x00, 0x3b, 0xff, 0xce, 0x00, 0x23, 0x00, 0x47,
  0xff, 0xea, 0x00, 0x23, 0x00, 0x4b, 0xff, 0x1e, 0x00, 0x23, 0x00, 0x54,
  0xff, 0xe9, 0x00, 0x23, 0x00, 0x55, 0xff, 0xe7, 0x00, 0x23, 0x00, 0x57,
  0xff, 0xd5, 0x00, 0x23, 0x00, 0x58, 0xff, 0xd4, 0x00, 0x23, 0x00, 0x59,
  0xff, 0xe2, 0x00, 0x23, 0x00, 0x5a, 0xff, 0xeb, 0x00, 0x23, 0x00, 0x5b,
  0xff, 0xdd, 0x00, 0x23, 0x00, 0x66, 0xff, 0xc3, 0x00, 0x23, 0x00, 0x67,
  0xff, 0xc3, 0x00, 0x23, 0x00, 0x68, 0xff, 0xc3, 0x00, 0x23, 0x00, 0x69,
  0xff, 0xc3, 0x00, 0x23, 0x00, 0x6a, 0xff, 0xc3, 0x00, 0x23, 0x00, 0x6b,
  0xff, 0xc3, 0x00, 0x23, 0x00, 0x6c, 0xff, 0xc3, 0x00, 0x23, 0x00, 0x6d,
  0xff, 0xed, 0x00, 0x23, 0x00, 0x77, 0xff, 0xed, 0x00, 0x23, 0x00, 0x78,
  0xff, 0xed, 0x00, 0x23, 0x00, 0x7b, 0xff, 0xed, 0x00, 0x23, 0x00, 0x81,
  0xff, 0xc3, 0x00, 0x23, 0x00, 0x8f, 0x00, 0x25, 0x00, 0x23, 0x00, 0x91,
  0x00, 0x25, 0x00, 0x23, 0x00, 0x92, 0x00, 0x4e, 0x00, 0x23, 0x00, 0x9f,
  0xff, 0xeb, 0x00, 0x23, 0x00, 0xa0, 0xff, 0xeb, 0x00, 0x23, 0x00, 0xa1,
  0xff, 0xed, 0x00, 0x24, 0x00, 0x22, 0xff, 0xd5, 0x00, 0x24, 0x00, 0x24,
  0xff, 0xb2, 0x00, 0x24, 0x00, 0x28, 0xff, 0xb2, 0x00, 0x24, 0x00, 0x30,
  0xff, 0xb2, 0x00, 0x24, 0x00, 0x32, 0xff, 0xb2, 0x00, 0x24, 0x00, 0x37,
  0xff, 0xcc, 0x00, 0x24, 0x00, 0x38, 0xff, 0xe9, 0x00, 0x24, 0x00, 0x39,
  0xff, 0xf0, 0x00, 0x24, 0x00, 0x3a, 0xff, 0xf4, 0x00, 0x24, 0x00, 0x42,
  0xff, 0xe0, 0x00, 0x24, 0x00, 0x44, 0xff, 0xe4, 0x00, 0x24, 0x00, 0x45,
  0xff, 0xe4, 0x00, 0x24, 0x00, 0x46, 0xff, 0xe4, 0x00, 0x24, 0x00, 0x47,
  0xff, 0x8a, 0x00, 0x24, 0x00, 0x48, 0xff, 0xe4, 0x00, 0x24, 0x00, 0x4b,
  0xff, 0x27, 0x00, 0x24, 0x00, 0x50, 0xff, 0xe4, 0x00, 0x24, 0x00, 0x52,
  0xff, 0xe4, 0x00, 0x24, 0x00, 0x54, 0xff, 0xe6, 0x00, 0x24, 0x00, 0x55,
  0xff, 0x88, 0x00, 0x24, 0x00, 0x56, 0xff, 0xf8, 0x00, 0x24, 0x00, 0x57,
  0xff, 0x7d, 0x00, 0x24, 0x00, 0x58, 0xff, 0x8a, 0x00, 0x24, 0x00, 0x59,
  0xff, 0xf2, 0x00, 0x24, 0x00, 0x5a, 0xff, 0xb3, 0x00, 0x24, 0x00, 0x5b,
  0xff, 0xc2, 0x00, 0x24, 0x00, 0x66, 0xff, 0xd5, 0x00, 0x24, 0x00, 0x67,
  0xff, 0xd5, 0x00, 0x24, 0x00, 0x68, 0xff, 0xd5, 0x00, 0x24, 0x00, 0x69,
  0xff, 0xd5, 0x00, 0x24, 0x00, 0x6a, 0xff, 0xd5, 0x00, 0x24, 0x00, 0x6b,
  0xff, 0xd5, 0x00, 0x24, 0x00, 0x6c, 0xff, 0xd5, 0x00, 0x24, 0x00, 0x6d,
  0xff, 0xb2, 0x00, 0x24, 0x00, 0x77, 0xff, 0xb2, 0x00, 0x24, 0x00, 0x78,
  0xff, 0xb2, 0x00, 0x24, 0x00, 0x7b, 0xff, 0xb2, 0x00, 0x24, 0x00, 0x81,
  0xff, 0xf4, 0x00, 0x24, 0x00, 0x83, 0xff, 0xe0, 0x00, 0x24, 0x00, 0x84,
  0xff, 0xe0, 0x00, 0x24, 0x00, 0x85, 0xff, 0xe0, 0x00, 0x24, 0x00, 0x86,
  0xff, 0xe0, 0x00, 0x24, 0x00, 0x87, 0xff, 0xe0, 0x00, 0x24, 0x00, 0x88,
  0xff, 0xe0, 0x00, 0x24, 0x00, 0x89, 0xff, 0xe4, 0x00, 0x24, 0x00, 0x8a,
  0xff, 0xe4, 0x00, 0x24, 0x00, 0x8b, 0xff, 0xe4, 0x00, 0x24, 0x00, 0x8c,
  0xff, 0xe4, 0x00, 0x24, 0x00, 0x8d, 0xff, 0xe4, 0x00, 0x24, 0x00, 0x8e,
  0xff, 0xe4, 0x00, 0x24, 0x00, 0x8f, 0x00, 0x50, 0x00, 0x24, 0x00, 0x91,
  0x00, 0x50, 0x00, 0x24, 0x00, 0x92, 0x00, 0x80, 0x00, 0x24, 0x00, 0x94,
  0xff, 0xe4, 0x00, 0x24, 0x00, 0x95, 0xff, 0xe4, 0x00, 0x24, 0x00, 0x96,
  0xff, 0xe4, 0x00, 0x24, 0x00, 0x98, 0xff, 0xe4, 0x00, 0x24, 0x00, 0x9b,
  0xff, 0xf8, 0x00, 0x24, 0x00, 0x9c, 0xff, 0xf8, 0x00, 0x24, 0x00, 0x9d,
  0xff, 0xf8, 0x00, 0x24, 0x00, 0x9e, 0xff, 0xf8, 0x00, 0x24, 0x00, 0x9f,
  0xff, 0xb3, 0x00, 0x24, 0x00, 0xa0, 0xff, 0xb3, 0x00, 0x24, 0x00, 0xa1,
  0xff, 0xb2, 0x00, 0x24, 0x00, 0xa2, 0xff, 0xe4, 0x00, 0x25, 0x00, 0x22,
  0xff, 0x9c, 0x00, 0x25, 0x00, 0x2b, 0xff, 0xd2, 0x00, 0x25, 0x00, 0x34,
  0xff, 0xef, 0x00, 0x25, 0x00, 0x35, 0xff, 0xd0, 0x00, 0x25, 0x00, 0x37,
  0xff, 0x95, 0x00, 0x25, 0x00, 0x38, 0xff, 0xd0, 0x00, 0x25, 0x00, 0x39,
  0xff, 0xc7, 0x00, 0x25, 0x00, 0x3a, 0xff, 0xcc, 0x00, 0x25, 0x00, 0x3b,
  0xff, 0xcc, 0x00, 0x25, 0x00, 0x4b, 0xff, 0x25, 0x00, 0x25, 0x00, 0x66,
  0xff, 0x9c, 0x00, 0x25, 0x00, 0x67, 0xff, 0x9c, 0x00, 0x25, 0x00, 0x68,
  0xff, 0x9c, 0x00, 0x25, 0x00, 0x69, 0xff, 0x9c, 0x00, 0x25, 0x00, 0x6a,
  0xff, 0x9c, 0x00, 0x25, 0x00, 0x6b, 0xff, 0x9c, 0x00, 0x25, 0x00, 0x6c,
  0xff, 0x9c, 0x00, 0x25, 0x00, 0x81, 0xff, 0xcc, 0x00, 0x25, 0x00, 0x92,
  0x00, 0x48, 0x00, 0x26, 0x00, 0x24, 0xff, 0xd7, 0x00, 0x26, 0x00, 0x28,
  0xff, 0xd7, 0x00, 0x26, 0x00, 0x30, 0xff, 0xd7, 0x00, 0x26, 0x00, 0x32,
  0xff, 0xd7, 0x00, 0x26, 0x00, 0x42, 0xff, 0xed, 0x00, 0x26, 0x00, 0x44,
  0xff, 0xed, 0x00, 0x26, 0x00, 0x45, 0xff, 0xed, 0x00, 0x26, 0x00, 0x46,
  0xff, 0xed, 0x00, 0x26, 0x00, 0x47, 0xff, 0xdd, 0x00, 0x26, 0x00, 0x48,
  0xff, 0xed, 0x00, 0x26, 0x00, 0x4b, 0xff, 0x58, 0x00, 0x26, 0x00, 0x50,
  0xff, 0xed, 0x00, 0x26, 0x00, 0x52, 0xff, 0xed, 0x00, 0x26, 0x00, 0x55,
  0xff, 0xdd, 0x00, 0x26, 0x00, 0x57, 0xff, 0xd5, 0x00, 0x26, 0x00, 0x58,
  0xff, 0xd4, 0x00, 0x26, 0x00, 0x5a, 0xff, 0xd4, 0x00, 0x26, 0x00, 0x6d,
  0xff, 0xd7, 0x00, 0x26, 0x00, 0x77, 0xff, 0xd7, 0x00, 0x26, 0x00, 0x78,
  0xff, 0xd7, 0x00, 0x26, 0x00, 0x7b, 0xff, 0xd7, 0x00, 0x26, 0x00, 0x83,
  0xff, 0xed, 0x00, 0x26, 0x00, 0x84, 0xff, 0xed, 0x00, 0x26, 0x00, 0x85,
  0xff, 0xed, 0x00, 0x26, 0x00, 0x86, 0xff, 0xed, 0x00, 0x26, 0x00, 0x87,
  0xff, 0xed, 0x00, 0x26, 0x00, 0x88, 0xff, 0xed, 0x00, 0x26, 0x00, 0x89,
  0xff, 0xed, 0x00, 0x26, 0x00, 0x8a, 0xff, 0xed, 0x00, 0x26, 0x00, 0x8b,
  0xff, 0xed, 0x00, 0x26, 0x00, 0x8c, 0xff, 0xed, 0x00, 0x26, 0x00, 0x8d,
  0xff, 0xed, 0x00, 0x26, 0x00, 0x8e, 0xff, 0xed, 0x00, 0x26, 0x00, 0x8f,
  0x00, 0x67, 0x00, 0x26, 0x00, 0x91, 0x00, 0x67, 0x00, 0x26, 0x00, 0x92,
  0x00, 0x8c, 0x00, 0x26, 0x00, 0x94, 0xff, 0xed, 0x00, 0x26, 0x00, 0x95,
  0xff, 0xed, 0x00, 0x26, 0x00, 0x96, 0xff, 0xed, 0x00, 0x26, 0x00, 0x98,
  0xff, 0xed, 0x00, 0x26, 0x00, 0x9f, 0xff, 0xd4, 0x00, 0x26, 0x00, 0xa0,
  0xff, 0xd4, 0x00, 0x26, 0x00, 0xa1, 0xff, 0xd7, 0x00, 0x26, 0x00, 0xa2,
  0xff, 0xed, 0x00, 0x27, 0x00, 0x22, 0xff, 0x6b, 0x00, 0x27, 0x00, 0x24,
  0xff, 0xd7, 0x00, 0x27, 0x00, 0x28, 0xff, 0xd7, 0x00, 0x27, 0x00, 0x2b,
  0xff, 0x19, 0x00, 0x27, 0x00, 0x30, 0xff, 0xd7, 0x00, 0x27, 0x00, 0x32,
  0xff, 0xd7, 0x00, 0x27, 0x00, 0x42, 0xff, 0xcf, 0x00, 0x27, 0x00, 0x44,
  0xff, 0xcf, 0x00, 0x27, 0x00, 0x45, 0xff, 0xcf, 0x00, 0x27, 0x00, 0x46,
  0xff, 0xcf, 0x00, 0x27, 0x00, 0x47, 0xff, 0xdd, 0x00, 0x27, 0x00, 0x48,
  0xff, 0xcf, 0x00, 0x27, 0x00, 0x4b, 0xff, 0x1b, 0x00, 0x27, 0x00, 0x4e,
  0xff, 0xd4, 0x00, 0x27, 0x00, 0x4f, 0xff, 0xd4, 0x00, 0x27, 0x00, 0x50,
  0xff, 0xcf, 0x00, 0x27, 0x00, 0x51, 0xff, 0xd4, 0x00, 0x27, 0x00, 0x52,
  0xff, 0xcf, 0x00, 0x27, 0x00, 0x53, 0xff, 0xd4, 0x00, 0x27, 0x00, 0x54,
  0xff, 0xcb, 0x00, 0x27, 0x00, 0x55, 0xff, 0xdd, 0x00, 0x27, 0x00, 0x56,
  0xff, 0xd4, 0x00, 0x27, 0x00, 0x57, 0xff, 0xd5, 0x00, 0x27, 0x00, 0x58,
  0xff, 0xd4, 0x00, 0x27, 0x00, 0x59, 0xff, 0xd2, 0x00, 0x27, 0x00, 0x5a,
  0xff, 0xd4, 0x00, 0x27, 0x00, 0x5b, 0xff, 0xce, 0x00, 0x27, 0x00, 0x66,
  0xff, 0x6b, 0x00, 0x27, 0x00, 0x67, 0xff, 0x6b, 0x00, 0x27, 0x00, 0x68,
  0xff, 0x6b, 0x00, 0x27, 0x00, 0x69, 0xff, 0x6b, 0x00, 0x27, 0x00, 0x6a,
  0xff, 0x6b, 0x00, 0x27, 0x00, 0x6b, 0xff, 0x6b, 0x00, 0x27, 0x00, 0x6c,
  0xff, 0x6b, 0x00, 0x27, 0x00, 0x6d, 0xff, 0xd7, 0x00, 0x27, 0x00, 0x77,
  0xff, 0xd7, 0x00, 0x27, 0x00, 0x78, 0xff, 0xd7, 0x00, 0x27, 0x00, 0x7b,
  0xff, 0xd7, 0x00, 0x27, 0x00, 0x83, 0xff, 0xcf, 0x00, 0x27, 0x00, 0x84,
  0xff, 0xcf, 0x00, 0x27, 0x00, 0x85, 0xff, 0xcf, 0x00, 0x27, 0x00, 0x86,
  0xff, 0xcf, 0x00, 0x27, 0x00, 0x87, 0xff, 0xcf, 0x00, 0x27, 0x00, 0x88,
  0xff, 0xcf, 0x00, 0x27, 0x00, 0x89, 0xff, 0xcf, 0x00, 0x27, 0x00, 0x8a,
  0xff, 0xcf, 0x00, 0x27, 0x00, 0x8b, 0xff, 0xcf, 0x00, 0x27, 0x00, 0x8c,
  0xff, 0xcf, 0x00, 0x27, 0x00, 0x8d, 0xff, 0xcf, 0x00, 0x27, 0x00, 0x8e,
  0xff, 0xcf, 0x00, 0x27, 0x00, 0x8f, 0x00, 0x67, 0x00, 0x27, 0x00, 0x91,
  0x00, 0x67, 0x00, 0x27, 0x00, 0x92, 0x00, 0x8c, 0x00, 0x27, 0x00, 0x94,
  0xff, 0xcf, 0x00, 0x27, 0x00, 0x95, 0xff, 0xcf, 0x00, 0x27, 0x00, 0x96,
  0xff, 0xcf, 0x00, 0x27, 0x00, 0x98, 0xff, 0xcf, 0x00, 0x27, 0x00, 0x9b,
  0xff, 0xd4, 0x00, 0x27, 0x00, 0x9c, 0xff, 0xd4, 0x00, 0x27, 0x00, 0x9f,
  0xff, 0xd4, 0x00, 0x27, 0x00, 0xa0, 0xff, 0xd4, 0x00, 0x27, 0x00, 0xa1,
  0xff, 0xd7, 0x00, 0x27, 0x00, 0xa2, 0xff, 0xcf, 0x00, 0x28, 0x00, 0x22,
  0xff, 0x8f, 0x00, 0x28, 0x00, 0x2b, 0xff, 0xc7, 0x00, 0x28, 0x00, 0x34,
  0xff, 0xf0, 0x00, 0x28, 0x00, 0x35, 0xff, 0xac, 0x00, 0x28, 0x00, 0x37,
  0xff, 0x8f, 0x00, 0x28, 0x00, 0x38, 0xff, 0xd4, 0x00, 0x28, 0x00, 0x39,
  0xff, 0xbc, 0x00, 0x28, 0x00, 0x3a, 0xff, 0xc2, 0x00, 0x28, 0x00, 0x3b,
  0xff, 0xa3, 0x00, 0x28, 0x00, 0x4b, 0xff, 0x1e, 0x00, 0x28, 0x00, 0x54,
  0xff, 0xf4, 0x00, 0x28, 0x00, 0x66, 0xff, 0x8f, 0x00, 0x28, 0x00, 0x67,
  0xff, 0x8f, 0x00, 0x28, 0x00, 0x68, 0xff, 0x8f, 0x00, 0x28, 0x00, 0x69,
  0xff, 0x8f, 0x00, 0x28, 0x00, 0x6a, 0xff, 0x8f, 0x00, 0x28, 0x00, 0x6b,
  0xff, 0x8f, 0x00, 0x28, 0x00, 0x6c, 0xff, 0x8f, 0x00, 0x28, 0x00, 0x81,
  0xff, 0xc2, 0x00, 0x28, 0x00, 0x92, 0x00, 0x2b, 0x00, 0x29, 0x00, 0x4b,
  0xff, 0x5a, 0x00, 0x29, 0x00, 0x8f, 0x00, 0x67, 0x00, 0x29, 0x00, 0x91,
  0x00, 0x67, 0x00, 0x29, 0x00, 0x92, 0x00, 0x8c, 0x00, 0x2a, 0x00, 0x4b,
  0xff, 0x54, 0x00, 0x2a, 0x00, 0x8f, 0x00, 0x67, 0x00, 0x2a, 0x00, 0x91,
  0x00, 0x67, 0x00, 0x2a, 0x00, 0x92, 0x00, 0x8c, 0x00, 0x2b, 0x00, 0x22,
  0xff, 0x98, 0x00, 0x2b, 0x00, 0x2b, 0xff, 0xd7, 0x00, 0x2b, 0x00, 0x4b,
  0xff, 0x1b, 0x00, 0x2b, 0x00, 0x66, 0xff, 0x98, 0x00, 0x2b, 0x00, 0x67,
  0xff, 0x98, 0x00, 0x2b, 0x00, 0x68, 0xff, 0x98, 0x00, 0x2b, 0x00, 0x69,
  0xff, 0x98, 0x00, 0x2b, 0x00, 0x6a, 0xff, 0x98, 0x00, 0x2b, 0x00, 0x6b,
  0xff, 0x98, 0x00, 0x2b, 0x00, 0x6c, 0xff, 0x98, 0x00, 0x2b, 0x00, 0x8f,
  0x00, 0x67, 0x00, 0x2b, 0x00, 0x91, 0x00, 0x67, 0x00, 0x2b, 0x00, 0x92,
  0x00, 0x8c, 0x00, 0x2c, 0x00, 0x24, 0xff, 0xb7, 0x00, 0x2c, 0x00, 0x28,
  0xff, 0xb7, 0x00, 0x2c, 0x00, 0x30, 0xff, 0xb7, 0x00, 0x2c, 0x00, 0x32,
  0xff, 0xb7, 0x00, 0x2c, 0x00, 0x34, 0xff, 0xe0, 0x00, 0x2c, 0x00, 0x42,
  0xff, 0xdb, 0x00, 0x2c, 0x00, 0x44, 0xff, 0xdb, 0x00, 0x2c, 0x00, 0x45,
  0xff, 0xdb, 0x00, 0x2c, 0x00, 0x46, 0xff, 0xdb, 0x00, 0x2c, 0x00, 0x47,
  0xff, 0xb9, 0x00, 0x2c, 0x00, 0x48, 0xff, 0xdb, 0x00, 0x2c, 0x00, 0x4b,
  0xff, 0x57, 0x00, 0x2c, 0x00, 0x50, 0xff, 0xdb, 0x00, 0x2c, 0x00, 0x52,
  0xff, 0xdb, 0x00, 0x2c, 0x00, 0x55, 0xff, 0xb9, 0x00, 0x2c, 0x00, 0x56,
  0xff, 0xdb, 0x00, 0x2c, 0x00, 0x57, 0xff, 0xbb, 0x00, 0x2c, 0x00, 0x58,
  0xff, 0xb9, 0x00, 0x2c, 0x00, 0x5a, 0xff, 0xb9, 0x00, 0x2c, 0x00, 0x6d,
  0xff, 0xb7, 0x00, 0x2c, 0x00, 0x77, 0xff, 0xb7, 0x00, 0x2c, 0x00, 0x78,
  0xff, 0xb7, 0x00, 0x2c, 0x00, 0x7b, 0xff, 0xb7, 0x00, 0x2c, 0x00, 0x83,
  0xff, 0xdb, 0x00, 0x2c, 0x00, 0x84, 0xff, 0xdb, 0x00, 0x2c, 0x00, 0x85,
  0xff, 0xdb, 0x00, 0x2c, 0x00, 0x86, 0xff, 0xdb, 0x00, 0x2c, 0x00, 0x87,
  0xff, 0xdb, 0x00, 0x2c, 0x00, 0x88, 0xff, 0xdb, 0x00, 0x2c, 0x00, 0x89,
  0xff, 0xdb, 0x00, 0x2c, 0x00, 0x8a, 0xff, 0xdb, 0x00, 0x2c, 0x00, 0x8b,
  0xff, 0xdb, 0x00, 0x2c, 0x00, 0x8c, 0xff, 0xdb, 0x00, 0x2c, 0x00, 0x8d,
  0xff, 0xdb, 0x00, 0x2c, 0x00, 0x8e, 0xff, 0xdb, 0x00, 0x2c, 0x00, 0x8f,
  0x00, 0x67, 0x00, 0x2c, 0x00, 0x91, 0x00, 0x67, 0x00, 0x2c, 0x00, 0x92,
  0x00, 0x8c, 0x00, 0x2c, 0x00, 0x94, 0xff, 0xdb, 0x00, 0x2c, 0x00, 0x95,
  0xff, 0xdb, 0x00, 0x2c, 0x00, 0x96, 0xff, 0xdb, 0x00, 0x2c, 0x00, 0x98,
  0xff, 0xdb, 0x00, 0x2c, 0x00, 0x9b, 0xff, 0xdb, 0x00, 0x2c, 0x00, 0x9c,
  0xff, 0xdb, 0x00, 0x2c, 0x00, 0x9f, 0xff, 0xb9, 0x00, 0x2c, 0x00, 0xa0,
  0xff, 0xb9, 0x00, 0x2c, 0x00, 0xa1, 0xff, 0xb7, 0x00, 0x2c, 0x00, 0xa2,
  0xff, 0xdb, 0x00, 0x2d, 0x00, 0x24, 0xff, 0xbf, 0x00, 0x2d, 0x00, 0x28,
  0xff, 0xbf, 0x00, 0x2d, 0x00, 0x30, 0xff, 0xbf, 0x00, 0x2d, 0x00, 0x32,
  0xff, 0xbf, 0x00, 0x2d, 0x00, 0x34, 0xff, 0xd1, 0x00, 0x2d, 0x00, 0x35,
  0xff, 0x39, 0x00, 0x2d, 0x00, 0x36, 0xff, 0xe8, 0x00, 0x2d, 0x00, 0x37,
  0xff, 0x18, 0x00, 0x2d, 0x00, 0x38, 0xff, 0xa6, 0x00, 0x2d, 0x00, 0x3a,
  0xfe, 0xfe, 0x00, 0x2d, 0x00, 0x47, 0xff, 0x8e, 0x00, 0x2d, 0x00, 0x4b,
  0xff, 0x59, 0x00, 0x2d, 0x00, 0x55, 0xff, 0x84, 0x00, 0x2d, 0x00, 0x57,
  0xff, 0x71, 0x00, 0x2d, 0x00, 0x58, 0xff, 0x90, 0x00, 0x2d, 0x00, 0x5a,
  0xff, 0xc9, 0x00, 0x2d, 0x00, 0x6d, 0xff, 0xbf, 0x00, 0x2d, 0x00, 0x77,
  0xff, 0xbf, 0x00, 0x2d, 0x00, 0x78, 0xff, 0xbf, 0x00, 0x2d, 0x00, 0x7b,
  0xff, 0xbf, 0x00, 0x2d, 0x00, 0x7d, 0xff, 0xe8, 0x00, 0x2d, 0x00, 0x7e,
  0xff, 0xe8, 0x00, 0x2d, 0x00, 0x80, 0xff, 0xe8, 0x00, 0x2d, 0x00, 0x81,
  0xfe, 0xfe, 0x00, 0x2d, 0x00, 0x9f, 0xff, 0xc9, 0x00, 0x2d, 0x00, 0xa0,
  0xff, 0xc9, 0x00, 0x2d, 0x00, 0xa1, 0xff, 0xbf, 0x00, 0x2e, 0x00, 0x4b,
  0xff, 0x5d, 0x00, 0x2e, 0x00, 0x8f, 0x00, 0x67, 0x00, 0x2e, 0x00, 0x91,
  0x00, 0x67, 0x00, 0x2e, 0x00, 0x92, 0x00, 0x8c, 0x00, 0x2f, 0x00, 0x4b,
  0xff, 0x61, 0x00, 0x2f, 0x00, 0x8f, 0x00, 0x67, 0x00, 0x2f, 0x00, 0x91,
  0x00, 0x67, 0x00, 0x2f, 0x00, 0x92, 0x00, 0x8c, 0x00, 0x30, 0x00, 0x22,
  0xff, 0x8c, 0x00, 0x30, 0x00, 0x2b, 0xff, 0xc8, 0x00, 0x30, 0x00, 0x34,
  0xff, 0xe7, 0x00, 0x30, 0x00, 0x35, 0xff, 0xb9, 0x00, 0x30, 0x00, 0x37,
  0xff, 0x86, 0x00, 0x30, 0x00, 0x38, 0xff, 0xcf, 0x00, 0x30, 0x00, 0x39,
  0xff, 0xc1, 0x00, 0x30, 0x00, 0x3a, 0xff, 0xc1, 0x00, 0x30, 0x00, 0x3b,
  0xff, 0xbf, 0x00, 0x30, 0x00, 0x4b, 0xff, 0x24, 0x00, 0x30, 0x00, 0x66,
  0xff, 0x8c, 0x00, 0x30, 0x00, 0x67, 0xff, 0x8c, 0x00, 0x30, 0x00, 0x68,
  0xff, 0x8c, 0x00, 0x30, 0x00, 0x69, 0xff, 0x8c, 0x00, 0x30, 0x00, 0x6a,
  0xff, 0x8c, 0x00, 0x30, 0x00, 0x6b, 0xff, 0x8c, 0x00, 0x30, 0x00, 0x6c,
  0xff, 0x8c, 0x00, 0x30, 0x00, 0x81, 0xff, 0xc1, 0x00, 0x30, 0x00, 0x92,
  0x00, 0x2d, 0x00, 0x31, 0x00, 0x22, 0xff, 0x64, 0x00, 0x31, 0x00, 0x2b,
  0xff, 0x20, 0x00, 0x31, 0x00, 0x37, 0xff, 0xb8, 0x00, 0x31, 0x00, 0x38,
  0xff, 0xdd, 0x00, 0x31, 0x00, 0x39, 0xff, 0xe1, 0x00, 0x31, 0x00, 0x3a,
  0xff, 0xe1, 0x00, 0x31, 0x00, 0x42, 0xff, 0xd7, 0x00, 0x31, 0x00, 0x44,
  0xff, 0xd7, 0x00, 0x31, 0x00, 0x45, 0xff, 0xd7, 0x00, 0x31, 0x00, 0x46,
  0xff, 0xd7, 0x00, 0x31, 0x00, 0x48, 0xff, 0xd7, 0x00, 0x31, 0x00, 0x4b,
  0xff, 0x1f, 0x00, 0x31, 0x00, 0x50, 0xff, 0xd7, 0x00, 0x31, 0x00, 0x52,
  0xff, 0xd7, 0x00, 0x31, 0x00, 0x54, 0xff, 0xe7, 0x00, 0x31, 0x00, 0x66,
  0xff, 0x64, 0x00, 0x31, 0x00, 0x67, 0xff, 0x64, 0x00, 0x31, 0x00, 0x68,
  0xff, 0x64, 0x00, 0x31, 0x00, 0x69, 0xff, 0x64, 0x00, 0x31, 0x00, 0x6a,
  0xff, 0x64, 0x00, 0x31, 0x00, 0x6b, 0xff, 0x64, 0x00, 0x31, 0x00, 0x6c,
  0xff, 0x64, 0x00, 0x31, 0x00, 0x81, 0xff, 0xe1, 0x00, 0x31, 0x00, 0x83,
  0xff, 0xd7, 0x00, 0x31, 0x00, 0x84, 0xff, 0xd7, 0x00, 0x31, 0x00, 0x85,
  0xff, 0xd7, 0x00, 0x31, 0x00, 0x86, 0xff, 0xd7, 0x00, 0x31, 0x00, 0x87,
  0xff, 0xd7, 0x00, 0x31, 0x00, 0x88, 0xff, 0xd7, 0x00, 0x31, 0x00, 0x89,
  0xff, 0xd7, 0x00, 0x31, 0x00, 0x8a, 0xff, 0xd7, 0x00, 0x31, 0x00, 0x8b,
  0xff, 0xd7, 0x00, 0x31, 0x00, 0x8c, 0xff, 0xd7, 0x00, 0x31, 0x00, 0x8d,
  0xff, 0xd7, 0x00, 0x31, 0x00, 0x8e, 0xff, 0xd7, 0x00, 0x31, 0x00, 0x8f,
  0x00, 0x38, 0x00, 0x31, 0x00, 0x91, 0x00, 0x38, 0x00, 0x31, 0x00, 0x92,
  0x00, 0x6a, 0x00, 0x31, 0x00, 0x94, 0xff, 0xd7, 0x00, 0x31, 0x00, 0x95,
  0xff, 0xd7, 0x00, 0x31, 0x00, 0x96, 0xff, 0xd7, 0x00, 0x31, 0x00, 0x98,
  0xff, 0xd7, 0x00, 0x31, 0x00, 0xa2, 0xff, 0xd7, 0x00, 0x32, 0x00, 0x34,
  0xff, 0xed, 0x00, 0x32, 0x00, 0x35, 0xff, 0xc1, 0x00, 0x32, 0x00, 0x37,
  0xff, 0x88, 0x00, 0x32, 0x00, 0x38, 0xff, 0xc4, 0x00, 0x32, 0x00, 0x39,
  0xff, 0xed, 0x00, 0x32, 0x00, 0x3a, 0xff, 0xbd, 0x00, 0x32, 0x00, 0x3b,
  0xff, 0xf1, 0x00, 0x32, 0x00, 0x4b, 0xff, 0x53, 0x00, 0x32, 0x00, 0x54,
  0xff, 0xf3, 0x00, 0x32, 0x00, 0x81, 0xff, 0xbd, 0x00, 0x32, 0x00, 0x92,
  0x00, 0x2f, 0x00, 0x33, 0x00, 0x37, 0xff, 0xb8, 0x00, 0x33, 0x00, 0x38,
  0xff, 0xdd, 0x00, 0x33, 0x00, 0x3a, 0xff, 0xe1, 0x00, 0x33, 0x00, 0x42,
  0xff, 0xd7, 0x00, 0x33, 0x00, 0x44, 0xff, 0xd7, 0x00, 0x33, 0x00, 0x45,
  0xff, 0xd7, 0x00, 0x33, 0x00, 0x46, 0xff, 0xd7, 0x00, 0x33, 0x00, 0x48,
  0xff, 0xd7, 0x00, 0x33, 0x00, 0x4b, 0xff, 0x5c, 0x00, 0x33, 0x00, 0x50,
  0xff, 0xd7, 0x00, 0x33, 0x00, 0x52, 0xff, 0xd7, 0x00, 0x33, 0x00, 0x81,
  0xff, 0xe1, 0x00, 0x33, 0x00, 0x83, 0xff, 0xd7, 0x00, 0x33, 0x00, 0x84,
  0xff, 0xd7, 0x00, 0x33, 0x00, 0x85, 0xff, 0xd7, 0x00, 0x33, 0x00, 0x86,
  0xff, 0xd7, 0x00, 0x33, 0x00, 0x87, 0xff, 0xd7, 0x00, 0x33, 0x00, 0x88,
  0xff, 0xd7, 0x00, 0x33, 0x00, 0x89, 0xff, 0xd7, 0x00, 0x33, 0x00, 0x8a,
  0xff, 0xd7, 0x00, 0x33, 0x00, 0x8b, 0xff, 0xd7, 0x00, 0x33, 0x00, 0x8c,
  0xff, 0xd7, 0x00, 0x33, 0x00, 0x8d, 0xff, 0xd7, 0x00, 0x33, 0x00, 0x8e,
  0xff, 0xd7, 0x00, 0x33, 0x00, 0x8f, 0x00, 0x36, 0x00, 0x33, 0x00, 0x91,
  0x00, 0x36, 0x00, 0x33, 0x00, 0x92, 0x00, 0x61, 0x00, 0x33, 0x00, 0x94,
  0xff, 0xd7, 0x00, 0x33, 0x00, 0x95, 0xff, 0xd7, 0x00, 0x33, 0x00, 0x96,
  0xff, 0xd7, 0x00, 0x33, 0x00, 0x98, 0xff, 0xd7, 0x00, 0x33, 0x00, 0xa2,
  0xff, 0xd7, 0x00, 0x34, 0x00, 0x22, 0xff, 0xd5, 0x00, 0x34, 0x00, 0x24,
  0xff, 0xe9, 0x00, 0x34, 0x00, 0x28, 0xff, 0xe9, 0x00, 0x34, 0x00, 0x30,
  0xff, 0xe9, 0x00, 0x34, 0x00, 0x32, 0xff, 0xe9, 0x00, 0x34, 0x00, 0x34,
  0xff, 0xc5, 0x00, 0x34, 0x00, 0x35, 0xff, 0xd9, 0x00, 0x34, 0x00, 0x37,
  0xff, 0xd9, 0x00, 0x34, 0x00, 0x38, 0xff, 0xdb, 0x00, 0x34, 0x00, 0x39,
  0xff, 0xed, 0x00, 0x34, 0x00, 0x3a, 0xff, 0xdd, 0x00, 0x34, 0x00, 0x3b,
  0xff, 0xe1, 0x00, 0x34, 0x00, 0x47, 0xff, 0xd7, 0x00, 0x34, 0x00, 0x4b,
  0xff, 0x20, 0x00, 0x34, 0x00, 0x54, 0xff, 0xe9, 0x00, 0x34, 0x00, 0x55,
  0xff, 0xd9, 0x00, 0x34, 0x00, 0x57, 0xff, 0x98, 0x00, 0x34, 0x00, 0x58,
  0xff, 0xb2, 0x00, 0x34, 0x00, 0x59, 0xff, 0xed, 0x00, 0x34, 0x00, 0x5a,
  0xff, 0xdd, 0x00, 0x34, 0x00, 0x5b, 0xff, 0xcf, 0x00, 0x34, 0x00, 0x66,
  0xff, 0xd5, 0x00, 0x34, 0x00, 0x67, 0xff, 0xd5, 0x00, 0x34, 0x00, 0x68,
  0xff, 0xd5, 0x00, 0x34, 0x00, 0x69, 0xff, 0xd5, 0x00, 0x34, 0x00, 0x6a,
  0xff, 0xd5, 0x00, 0x34, 0x00, 0x6b, 0xff, 0xd5, 0x00, 0x34, 0x00, 0x6c,
  0xff, 0xd5, 0x00, 0x34, 0x00, 0x6d, 0xff, 0xe9, 0x00, 0x34, 0x00, 0x77,
  0xff, 0xe9, 0x00, 0x34, 0x00, 0x78, 0xff, 0xe9, 0x00, 0x34, 0x00, 0x7b,
  0xff, 0xe9, 0x00, 0x34, 0x00, 0x81, 0xff, 0xdd, 0x00, 0x34, 0x00, 0x8f,
  0x00, 0x40, 0x00, 0x34, 0x00, 0x91, 0x00, 0x40, 0x00, 0x34, 0x00, 0x92,
  0x00, 0x66, 0x00, 0x34, 0x00, 0x9f, 0xff, 0xdd, 0x00, 0x34, 0x00, 0xa0,
  0xff, 0xdd, 0x00, 0x34, 0x00, 0xa1, 0xff, 0xe9, 0x00, 0x35, 0x00, 0x22,
  0xff, 0x3c, 0x00, 0x35, 0x00, 0x24, 0xff, 0xbd, 0x00, 0x35, 0x00, 0x28,
  0xff, 0xbd, 0x00, 0x35, 0x00, 0x2b, 0xff, 0x39, 0x00, 0x35, 0x00, 0x30,
  0xff, 0xbd, 0x00, 0x35, 0x00, 0x32, 0xff, 0xbd, 0x00, 0x35, 0x00, 0x34,
  0xff, 0xf9, 0x00, 0x35, 0x00, 0x42, 0xff, 0x35, 0x00, 0x35, 0x00, 0x44,
  0xff, 0x35, 0x00, 0x35, 0x00, 0x45, 0xff, 0x35, 0x00, 0x35, 0x00, 0x46,
  0xff, 0x35, 0x00, 0x35, 0x00, 0x47, 0xff, 0x80, 0x00, 0x35, 0x00, 0x48,
  0xff, 0x35, 0x00, 0x35, 0x00, 0x4b, 0xff, 0x20, 0x00, 0x35, 0x00, 0x4e,
  0xff, 0x3b, 0x00, 0x35, 0x00, 0x4f, 0xff, 0x3b, 0x00, 0x35, 0x00, 0x50,
  0xff, 0x35, 0x00, 0x35, 0x00, 0x51, 0xff, 0x3b, 0x00, 0x35, 0x00, 0x52,
  0xff, 0x35, 0x00, 0x35, 0x00, 0x53, 0xff, 0x3b, 0x00, 0x35, 0x00, 0x54,
  0xff, 0x3b, 0x00, 0x35, 0x00, 0x55, 0xff, 0x82, 0x00, 0x35, 0x00, 0x56,
  0xff, 0x3b, 0x00, 0x35, 0x00, 0x57, 0xff, 0x3b, 0x00, 0x35, 0x00, 0x58,
  0xff, 0x3b, 0x00, 0x35, 0x00, 0x59, 0xff, 0x3b, 0x00, 0x35, 0x00, 0x5a,
  0xff, 0x3b, 0x00, 0x35, 0x00, 0x5b, 0xff, 0x3b, 0x00, 0x35, 0x00, 0x66,
  0xff, 0x3c, 0x00, 0x35, 0x00, 0x67, 0xff, 0x3c, 0x00, 0x35, 0x00, 0x68,
  0xff, 0x3c, 0x00, 0x35, 0x00, 0x69, 0xff, 0x3c, 0x00, 0x35, 0x00, 0x6a,
  0xff, 0x3c, 0x00, 0x35, 0x00, 0x6b, 0xff, 0x3c, 0x00, 0x35, 0x00, 0x6c,
  0xff, 0x3c, 0x00, 0x35, 0x00, 0x6d, 0xff, 0xbd, 0x00, 0x35, 0x00, 0x77,
  0xff, 0xbd, 0x00, 0x35, 0x00, 0x78, 0xff, 0xbd, 0x00, 0x35, 0x00, 0x7b,
  0xff, 0xbd, 0x00, 0x35, 0x00, 0x83, 0xff, 0x70, 0x00, 0x35, 0x00, 0x84,
  0xff, 0x6c, 0x00, 0x35, 0x00, 0x85, 0xff, 0xad, 0x00, 0x35, 0x00, 0x86,
  0xff, 0xad, 0x00, 0x35, 0x00, 0x87, 0xff, 0xad, 0x00, 0x35, 0x00, 0x88,
  0xff, 0x41, 0x00, 0x35, 0x00, 0x89, 0xff, 0x35, 0x00, 0x35, 0x00, 0x8a,
  0xff, 0x35, 0x00, 0x35, 0x00, 0x8b, 0xff, 0x6a, 0x00, 0x35, 0x00, 0x8c,
  0xff, 0x6e, 0x00, 0x35, 0x00, 0x8d, 0xff, 0xaa, 0x00, 0x35, 0x00, 0x8e,
  0xff, 0xcf, 0x00, 0x35, 0x00, 0x8f, 0x00, 0x67, 0x00, 0x35, 0x00, 0x91,
  0x00, 0x67, 0x00, 0x35, 0x00, 0x92, 0x00, 0x8c, 0x00, 0x35, 0x00, 0x94,
  0xff, 0x6e, 0x00, 0x35, 0x00, 0x95, 0xff, 0x6c, 0x00, 0x35, 0x00, 0x96,
  0xff, 0xcf, 0x00, 0x35, 0x00, 0x98, 0xff, 0xcf, 0x00, 0x35, 0x00, 0x9b,
  0xff, 0x76, 0x00, 0x35, 0x00, 0x9c, 0xff, 0x6e, 0x00, 0x35, 0x00, 0x9d,
  0xff, 0xf0, 0x00, 0x35, 0x00, 0x9e, 0xff, 0xf0, 0x00, 0x35, 0x00, 0x9f,
  0xff, 0x3b, 0x00, 0x35, 0x00, 0xa0, 0xff, 0x3b, 0x00, 0x35, 0x00, 0xa1,
  0xff, 0xbd, 0x00, 0x35, 0x00, 0xa2, 0xff, 0x35, 0x00, 0x36, 0x00, 0x22,
  0xff, 0xae, 0x00, 0x36, 0x00, 0x2b, 0xff, 0xe9, 0x00, 0x36, 0x00, 0x4b,
  0xff, 0x1e, 0x00, 0x36, 0x00, 0x54, 0xff, 0xf3, 0x00, 0x36, 0x00, 0x66,
  0xff, 0xae, 0x00, 0x36, 0x00, 0x67, 0xff, 0xae, 0x00, 0x36, 0x00, 0x68,
  0xff, 0xae, 0x00, 0x36, 0x00, 0x69, 0xff, 0xae, 0x00, 0x36, 0x00, 0x6a,
  0xff, 0xae, 0x00, 0x36, 0x00, 0x6b, 0xff, 0xae, 0x00, 0x36, 0x00, 0x6c,
  0xff, 0xae, 0x00, 0x36, 0x00, 0x8f, 0x00, 0x67, 0x00, 0x36, 0x00, 0x91,
  0x00, 0x67, 0x00, 0x36, 0x00, 0x92, 0x00, 0x8c, 0x00, 0x37, 0x00, 0x22,
  0xfe, 0xe8, 0x00, 0x37, 0x00, 0x24, 0xff, 0x96, 0x00, 0x37, 0x00, 0x28,
  0xff, 0x96, 0x00, 0x37, 0x00, 0x2b, 0xff, 0x26, 0x00, 0x37, 0x00, 0x30,
  0xff, 0x96, 0x00, 0x37, 0x00, 0x32, 0xff, 0x96, 0x00, 0x37, 0x00, 0x34,
  0xff, 0xc3, 0x00, 0x37, 0x00, 0x42, 0xff, 0x4d, 0x00, 0x37, 0x00, 0x44,
  0xff, 0x4d, 0x00, 0x37, 0x00, 0x45, 0xff, 0x4d, 0x00, 0x37, 0x00, 0x46,
  0xff, 0x4d, 0x00, 0x37, 0x00, 0x47, 0xff, 0xa0, 0x00, 0x37, 0x00, 0x48,
  0xff, 0x4d, 0x00, 0x37, 0x00, 0x4b, 0xff, 0x28, 0x00, 0x37, 0x00, 0x4e,
  0xff, 0xad, 0x00, 0x37, 0x00, 0x4f, 0xff, 0xad, 0x00, 0x37, 0x00, 0x50,
  0xff, 0x4d, 0x00, 0x37, 0x00, 0x51, 0xff, 0xad, 0x00, 0x37, 0x00, 0x52,
  0xff, 0x4d, 0x00, 0x37, 0x00, 0x53, 0xff, 0xad, 0x00, 0x37, 0x00, 0x54,
  0xff, 0x6e, 0x00, 0x37, 0x00, 0x55, 0xff, 0x9e, 0x00, 0x37, 0x00, 0x56,
  0xff, 0xad, 0x00, 0x37, 0x00, 0x57, 0xff, 0xad, 0x00, 0x37, 0x00, 0x58,
  0xff, 0xad, 0x00, 0x37, 0x00, 0x59, 0xff, 0xad, 0x00, 0x37, 0x00, 0x5a,
  0xff, 0xad, 0x00, 0x37, 0x00, 0x5b, 0xff, 0xad, 0x00, 0x37, 0x00, 0x66,
  0xfe, 0xe8, 0x00, 0x37, 0x00, 0x67, 0xfe, 0xe8, 0x00, 0x37, 0x00, 0x68,
  0xfe, 0xe8, 0x00, 0x37, 0x00, 0x69, 0xfe, 0xe8, 0x00, 0x37, 0x00, 0x6a,
  0xfe, 0xe8, 0x00, 0x37, 0x00, 0x6b, 0xfe, 0xe8, 0x00, 0x37, 0x00, 0x6c,
  0xfe, 0xe8, 0x00, 0x37, 0x00, 0x6d, 0xff, 0x96, 0x00, 0x37, 0x00, 0x77,
  0xff, 0x96, 0x00, 0x37, 0x00, 0x78, 0xff, 0x96, 0x00, 0x37, 0x00, 0x7b,
  0xff, 0x96, 0x00, 0x37, 0x00, 0x83, 0xff, 0x4d, 0x00, 0x37, 0x00, 0x84,
  0xff, 0x4d, 0x00, 0x37, 0x00, 0x85, 0xff, 0xa1, 0x00, 0x37, 0x00, 0x86,
  0xff, 0x4d, 0x00, 0x37, 0x00, 0x87, 0xff, 0xa1, 0x00, 0x37, 0x00, 0x88,
  0xff, 0x4d, 0x00, 0x37, 0x00, 0x89, 0xff, 0x4d, 0x00, 0x37, 0x00, 0x8a,
  0xff, 0x4d, 0x00, 0x37, 0x00, 0x8b, 0xff, 0x4d, 0x00, 0x37, 0x00, 0x8c,
  0xff, 0x4d, 0x00, 0x37, 0x00, 0x8d, 0xff, 0x79, 0x00, 0x37, 0x00, 0x8e,
  0xff, 0xc1, 0x00, 0x37, 0x00, 0x8f, 0x00, 0x67, 0x00, 0x37, 0x00, 0x91,
  0x00, 0x67, 0x00, 0x37, 0x00, 0x92, 0x00, 0x8c, 0x00, 0x37, 0x00, 0x94,
  0xff, 0x4d, 0x00, 0x37, 0x00, 0x95, 0xff, 0x4d, 0x00, 0x37, 0x00, 0x96,
  0xff, 0xc1, 0x00, 0x37, 0x00, 0x98, 0xff, 0xc1, 0x00, 0x37, 0x00, 0x9b,
  0xff, 0xad, 0x00, 0x37, 0x00, 0x9c, 0xff, 0xad, 0x00, 0x37, 0x00, 0x9d,
  0xff, 0xdc, 0x00, 0x37, 0x00, 0x9e, 0xff, 0xdc, 0x00, 0x37, 0x00, 0x9f,
  0xff, 0xad, 0x00, 0x37, 0x00, 0xa0, 0xff, 0xad, 0x00, 0x37, 0x00, 0xa1,
  0xff, 0x96, 0x00, 0x37, 0x00, 0xa2, 0xff, 0x4d, 0x00, 0x38, 0x00, 0x22,
  0xff, 0x97, 0x00, 0x38, 0x00, 0x24, 0xff, 0xcd, 0x00, 0x38, 0x00, 0x28,
  0xff, 0xcd, 0x00, 0x38, 0x00, 0x2b, 0xff, 0xa6, 0x00, 0x38, 0x00, 0x30,
  0xff, 0xcd, 0x00, 0x38, 0x00, 0x32, 0xff, 0xcd, 0x00, 0x38, 0x00, 0x34,
  0xff, 0xe3, 0x00, 0x38, 0x00, 0x42, 0xff, 0xb9, 0x00, 0x38, 0x00, 0x44,
  0xff, 0xb9, 0x00, 0x38, 0x00, 0x45, 0xff, 0xb9, 0x00, 0x38, 0x00, 0x46,
  0xff, 0xb9, 0x00, 0x38, 0x00, 0x47, 0xff, 0xd5, 0x00, 0x38, 0x00, 0x48,
  0xff, 0xb9, 0x00, 0x38, 0x00, 0x4b, 0xff, 0x26, 0x00, 0x38, 0x00, 0x4e,
  0xff, 0xe5, 0x00, 0x38, 0x00, 0x4f, 0xff, 0xe5, 0x00, 0x38, 0x00, 0x50,
  0xff, 0xb9, 0x00, 0x38, 0x00, 0x51, 0xff, 0xe5, 0x00, 0x38, 0x00, 0x52,
  0xff, 0xb9, 0x00, 0x38, 0x00, 0x53, 0xff, 0xe5, 0x00, 0x38, 0x00, 0x54,
  0xff, 0xc1, 0x00, 0x38, 0x00, 0x55, 0xff, 0xd8, 0x00, 0x38, 0x00, 0x56,
  0xff, 0xe5, 0x00, 0x38, 0x00, 0x57, 0xff, 0xe5, 0x00, 0x38, 0x00, 0x58,
  0xff, 0xe5, 0x00, 0x38, 0x00, 0x59, 0xff, 0xe5, 0x00, 0x38, 0x00, 0x5a,
  0xff, 0xe5, 0x00, 0x38, 0x00, 0x5b, 0xff, 0xce, 0x00, 0x38, 0x00, 0x66,
  0xff, 0x97, 0x00, 0x38, 0x00, 0x67, 0xff, 0x97, 0x00, 0x38, 0x00, 0x68,
  0xff, 0x97, 0x00, 0x38, 0x00, 0x69, 0xff, 0x97, 0x00, 0x38, 0x00, 0x6a,
  0xff, 0x97, 0x00, 0x38, 0x00, 0x6b, 0xff, 0x97, 0x00, 0x38, 0x00, 0x6c,
  0xff, 0x97, 0x00, 0x38, 0x00, 0x6d, 0xff, 0xcd, 0x00, 0x38, 0x00, 0x77,
  0xff, 0xcd, 0x00, 0x38, 0x00, 0x78, 0xff, 0xcd, 0x00, 0x38, 0x00, 0x7b,
  0xff, 0xcd, 0x00, 0x38, 0x00, 0x83, 0xff, 0xb9, 0x00, 0x38, 0x00, 0x84,
  0xff, 0xb9, 0x00, 0x38, 0x00, 0x85, 0xff, 0xb9, 0x00, 0x38, 0x00, 0x86,
  0xff, 0xb9, 0x00, 0x38, 0x00, 0x87, 0xff, 0xb9, 0x00, 0x38, 0x00, 0x88,
  0xff, 0xb9, 0x00, 0x38, 0x00, 0x89, 0xff, 0xb9, 0x00, 0x38, 0x00, 0x8a,
  0xff, 0xb9, 0x00, 0x38, 0x00, 0x8b, 0xff, 0xb9, 0x00, 0x38, 0x00, 0x8c,
  0xff, 0xb9, 0x00, 0x38, 0x00, 0x8d, 0xff, 0xc9, 0x00, 0x38, 0x00, 0x8e,
  0xff, 0xc9, 0x00, 0x38, 0x00, 0x8f, 0x00, 0x67, 0x00, 0x38, 0x00, 0x91,
  0x00, 0x67, 0x00, 0x38, 0x00, 0x92, 0x00, 0x8c, 0x00, 0x38, 0x00, 0x94,
  0xff, 0xb9, 0x00, 0x38, 0x00, 0x95, 0xff, 0xb9, 0x00, 0x38, 0x00, 0x96,
  0xff, 0xc9, 0x00, 0x38, 0x00, 0x98, 0xff, 0xc9, 0x00, 0x38, 0x00, 0x9b,
  0xff, 0xe5, 0x00, 0x38, 0x00, 0x9c, 0xff, 0xe5, 0x00, 0x38, 0x00, 0x9d,
  0xff, 0xe9, 0x00, 0x38, 0x00, 0x9e, 0xff, 0xe9, 0x00, 0x38, 0x00, 0x9f,
  0xff, 0xe5, 0x00, 0x38, 0x00, 0xa0, 0xff, 0xe5, 0x00, 0x38, 0x00, 0xa1,
  0xff, 0xcd, 0x00, 0x38, 0x00, 0xa2, 0xff, 0xb9, 0x00, 0x39, 0x00, 0x24,
  0xff, 0xc3, 0x00, 0x39, 0x00, 0x28, 0xff, 0xc3, 0x00, 0x39, 0x00, 0x30,
  0xff, 0xc3, 0x00, 0x39, 0x00, 0x32, 0xff, 0xc3, 0x00, 0x39, 0x00, 0x34,
  0xff, 0xeb, 0x00, 0x39, 0x00, 0x42, 0xff, 0xe3, 0x00, 0x39, 0x00, 0x44,
  0xff, 0xe3, 0x00, 0x39, 0x00, 0x45, 0xff, 0xe3, 0x00, 0x39, 0x00, 0x46,
  0xff, 0xe3, 0x00, 0x39, 0x00, 0x47, 0xff, 0xcd, 0x00, 0x39, 0x00, 0x48,
  0xff, 0xe3, 0x00, 0x39, 0x00, 0x4b, 0xff, 0x53, 0x00, 0x39, 0x00, 0x50,
  0xff, 0xe3, 0x00, 0x39, 0x00, 0x52, 0xff, 0xe3, 0x00, 0x39, 0x00, 0x55,
  0xff, 0xd1, 0x00, 0x39, 0x00, 0x57, 0xff, 0xcc, 0x00, 0x39, 0x00, 0x58,
  0xff, 0xcb, 0x00, 0x39, 0x00, 0x5a, 0xff, 0xc9, 0x00, 0x39, 0x00, 0x6d,
  0xff, 0xc3, 0x00, 0x39, 0x00, 0x77, 0xff, 0xc3, 0x00, 0x39, 0x00, 0x78,
  0xff, 0xc3, 0x00, 0x39, 0x00, 0x7b, 0xff, 0xc3, 0x00, 0x39, 0x00, 0x83,
  0xff, 0xe3, 0x00, 0x39, 0x00, 0x84, 0xff, 0xe3, 0x00, 0x39, 0x00, 0x85,
  0xff, 0xe3, 0x00, 0x39, 0x00, 0x86, 0xff, 0xe3, 0x00, 0x39, 0x00, 0x87,
  0xff, 0xe3, 0x00, 0x39, 0x00, 0x88, 0xff, 0xe3, 0x00, 0x39, 0x00, 0x89,
  0xff, 0xe3, 0x00, 0x39, 0x00, 0x8a, 0xff, 0xe3, 0x00, 0x39, 0x00, 0x8b,
  0xff, 0xe3, 0x00, 0x39, 0x00, 0x8c, 0xff, 0xe3, 0x00, 0x39, 0x00, 0x8d,
  0xff, 0xe3, 0x00, 0x39, 0x00, 0x8e, 0xff, 0xe3, 0x00, 0x39, 0x00, 0x8f,
  0x00, 0x67, 0x00, 0x39, 0x00, 0x91, 0x00, 0x67, 0x00, 0x39, 0x00, 0x92,
  0x00, 0x8c, 0x00, 0x39, 0x00, 0x94, 0xff, 0xe3, 0x00, 0x39, 0x00, 0x95,
  0xff, 0xe3, 0x00, 0x39, 0x00, 0x96, 0xff, 0xe3, 0x00, 0x39, 0x00, 0x98,
  0xff, 0xe3, 0x00, 0x39, 0x00, 0x9f, 0xff, 0xc9, 0x00, 0x39, 0x00, 0xa0,
  0xff, 0xc9, 0x00, 0x39, 0x00, 0xa1, 0xff, 0xc3, 0x00, 0x39, 0x00, 0xa2,
  0xff, 0xe3, 0x00, 0x3a, 0x00, 0x22, 0xff, 0x19, 0x00, 0x3a, 0x00, 0x24,
  0xff, 0xc3, 0x00, 0x3a, 0x00, 0x28, 0xff, 0xc3, 0x00, 0x3a, 0x00, 0x2b,
  0xff, 0x1e, 0x00, 0x3a, 0x00, 0x30, 0xff, 0xc3, 0x00, 0x3a, 0x00, 0x32,
  0xff, 0xc3, 0x00, 0x3a, 0x00, 0x34, 0xff, 0xeb, 0x00, 0x3a, 0x00, 0x42,
  0xff, 0x67, 0x00, 0x3a, 0x00, 0x44, 0xff, 0x67, 0x00, 0x3a, 0x00, 0x45,
  0xff, 0x67, 0x00, 0x3a, 0x00, 0x46, 0xff, 0x67, 0x00, 0x3a, 0x00, 0x47,
  0xff, 0xcd, 0x00, 0x3a, 0x00, 0x48, 0xff, 0x67, 0x00, 0x3a, 0x00, 0x4b,
  0xff, 0x22, 0x00, 0x3a, 0x00, 0x4e, 0xff, 0xd3, 0x00, 0x3a, 0x00, 0x4f,
  0xff, 0xd3, 0x00, 0x3a, 0x00, 0x50, 0xff, 0x67, 0x00, 0x3a, 0x00, 0x51,
  0xff, 0xd3, 0x00, 0x3a, 0x00, 0x52, 0xff, 0x67, 0x00, 0x3a, 0x00, 0x53,
  0xff, 0xd3, 0x00, 0x3a, 0x00, 0x54, 0xff, 0x92, 0x00, 0x3a, 0x00, 0x55,
  0xff, 0xd1, 0x00, 0x3a, 0x00, 0x56, 0xff, 0xd3, 0x00, 0x3a, 0x00, 0x57,
  0xff, 0xcc, 0x00, 0x3a, 0x00, 0x58, 0xff, 0xcb, 0x00, 0x3a, 0x00, 0x59,
  0xff, 0xd3, 0x00, 0x3a, 0x00, 0x5a, 0xff, 0xcc, 0x00, 0x3a, 0x00, 0x5b,
  0xff, 0xc6, 0x00, 0x3a, 0x00, 0x66, 0xff, 0x19, 0x00, 0x3a, 0x00, 0x67,
  0xff, 0x19, 0x00, 0x3a, 0x00, 0x68, 0xff, 0x19, 0x00, 0x3a, 0x00, 0x69,
  0xff, 0x19, 0x00, 0x3a, 0x00, 0x6a, 0xff, 0x19, 0x00, 0x3a, 0x00, 0x6b,
  0xff, 0x19, 0x00, 0x3a, 0x00, 0x6c, 0xff, 0x19, 0x00, 0x3a, 0x00, 0x6d,
  0xff, 0xc3, 0x00, 0x3a, 0x00, 0x77, 0xff, 0xc3, 0x00, 0x3a, 0x00, 0x78,
  0xff, 0xc3, 0x00, 0x3a, 0x00, 0x7b, 0xff, 0xc3, 0x00, 0x3a, 0x00, 0x83,
  0xff, 0x67, 0x00, 0x3a, 0x00, 0x84, 0xff, 0x67, 0x00, 0x3a, 0x00, 0x85,
  0xff, 0xb3, 0x00, 0x3a, 0x00, 0x86, 0xff, 0xb3, 0x00, 0x3a, 0x00, 0x87,
  0xff, 0xb3, 0x00, 0x3a, 0x00, 0x88, 0xff, 0x67, 0x00, 0x3a, 0x00, 0x89,
  0xff, 0x67, 0x00, 0x3a, 0x00, 0x8a, 0xff, 0x67, 0x00, 0x3a, 0x00, 0x8b,
  0xff, 0x67, 0x00, 0x3a, 0x00, 0x8c, 0xff, 0x67, 0x00, 0x3a, 0x00, 0x8d,
  0xff, 0xa0, 0x00, 0x3a, 0x00, 0x8e, 0xff, 0xcb, 0x00, 0x3a, 0x00, 0x8f,
  0x00, 0x67, 0x00, 0x3a, 0x00, 0x91, 0x00, 0x67, 0x00, 0x3a, 0x00, 0x92,
  0x00, 0x8c, 0x00, 0x3a, 0x00, 0x94, 0xff, 0x67, 0x00, 0x3a, 0x00, 0x95,
  0xff, 0x67, 0x00, 0x3a, 0x00, 0x96, 0xff, 0xcb, 0x00, 0x3a, 0x00, 0x98,
  0xff, 0xcb, 0x00, 0x3a, 0x00, 0x9b, 0xff, 0xd3, 0x00, 0x3a, 0x00, 0x9c,
  0xff, 0xd3, 0x00, 0x3a, 0x00, 0x9d, 0xff, 0xf4, 0x00, 0x3a, 0x00, 0x9e,
  0xff, 0xf4, 0x00, 0x3a, 0x00, 0x9f, 0xff, 0xcc, 0x00, 0x3a, 0x00, 0xa0,
  0xff, 0xcc, 0x00, 0x3a, 0x00, 0xa1, 0xff, 0xc3, 0x00, 0x3a, 0x00, 0xa2,
  0xff, 0x67, 0x00, 0x3b, 0x00, 0x24, 0xff, 0xbd, 0x00, 0x3b, 0x00, 0x28,
  0xff, 0xbd, 0x00, 0x3b, 0x00, 0x30, 0xff, 0xbd, 0x00, 0x3b, 0x00, 0x32,
  0xff, 0xbd, 0x00, 0x3b, 0x00, 0x34, 0xff, 0xd3, 0x00, 0x3b, 0x00, 0x47,
  0xff, 0x8c, 0x00, 0x3b, 0x00, 0x4b, 0xff, 0x5d, 0x00, 0x3b, 0x00, 0x55,
  0xff, 0x84, 0x00, 0x3b, 0x00, 0x57, 0xff, 0x84, 0x00, 0x3b, 0x00, 0x58,
  0xff, 0x9a, 0x00, 0x3b, 0x00, 0x5a, 0xff, 0xc1, 0x00, 0x3b, 0x00, 0x6d,
  0xff, 0xbd, 0x00, 0x3b, 0x00, 0x77, 0xff, 0xbd, 0x00, 0x3b, 0x00, 0x78,
  0xff, 0xbd, 0x00, 0x3b, 0x00, 0x7b, 0xff, 0xbd, 0x00, 0x3b, 0x00, 0x8f,
  0x00, 0x67, 0x00, 0x3b, 0x00, 0x91, 0x00, 0x67, 0x00, 0x3b, 0x00, 0x92,
  0x00, 0x8c, 0x00, 0x3b, 0x00, 0x9f, 0xff, 0xc1, 0x00, 0x3b, 0x00, 0xa0,
  0xff, 0xc1, 0x00, 0x3b, 0x00, 0xa1, 0xff, 0xbd, 0x00, 0x42, 0x00, 0x35,
  0xff, 0x3e, 0x00, 0x42, 0x00, 0x37, 0xff, 0xa0, 0x00, 0x42, 0x00, 0x38,
  0xff, 0xdb, 0x00, 0x42, 0x00, 0x3a, 0xff, 0xcb, 0x00, 0x42, 0x00, 0x4b,
  0xff, 0x61, 0x00, 0x42, 0x00, 0x81, 0xff, 0xcb, 0x00, 0x43, 0x00, 0x22,
  0xff, 0xbb, 0x00, 0x43, 0x00, 0x34, 0xff, 0xb0, 0x00, 0x43, 0x00, 0x35,
  0xff, 0x39, 0x00, 0x43, 0x00, 0x37, 0xff, 0x49, 0x00, 0x43, 0x00, 0x38,
  0xff, 0xb8, 0x00, 0x43, 0x00, 0x39, 0xff, 0xdf, 0x00, 0x43, 0x00, 0x3a,
  0xff, 0x6d, 0x00, 0x43, 0x00, 0x3b, 0xff, 0xb0, 0x00, 0x43, 0x00, 0x47,
  0xff, 0xf1, 0x00, 0x43, 0x00, 0x4b, 0xff, 0x1a, 0x00, 0x43, 0x00, 0x54,
  0xff, 0xed, 0x00, 0x43, 0x00, 0x55, 0xff, 0xeb, 0x00, 0x43, 0x00, 0x57,
  0xff, 0xae, 0x00, 0x43, 0x00, 0x58, 0xff, 0xbd, 0x00, 0x43, 0x00, 0x59,
  0xff, 0xdf, 0x00, 0x43, 0x00, 0x5a, 0xff, 0xe9, 0x00, 0x43, 0x00, 0x5b,
  0xff, 0xdb, 0x00, 0x43, 0x00, 0x66, 0xff, 0xbb, 0x00, 0x43, 0x00, 0x67,
  0xff, 0xbb, 0x00, 0x43, 0x00, 0x68, 0xff, 0xbb, 0x00, 0x43, 0x00, 0x69,
  0xff, 0xbb, 0x00, 0x43, 0x00, 0x6a, 0xff, 0xbb, 0x00, 0x43, 0x00, 0x6b,
  0xff, 0xbb, 0x00, 0x43, 0x00, 0x6c, 0xff, 0xbb, 0x00, 0x43, 0x00, 0x81,
  0xff, 0x6d, 0x00, 0x43, 0x00, 0x9f, 0xff, 0xe9, 0x00, 0x43, 0x00, 0xa0,
  0xff, 0xe9, 0x00, 0x44, 0x00, 0x34, 0xff, 0xef, 0x00, 0x44, 0x00, 0x35,
  0xff, 0x35, 0x00, 0x44, 0x00, 0x37, 0xff, 0x8a, 0x00, 0x44, 0x00, 0x38,
  0xff, 0xcd, 0x00, 0x44, 0x00, 0x3a, 0xff, 0xb4, 0x00, 0x44, 0x00, 0x42,
  0xff, 0xb4, 0x00, 0x44, 0x00, 0x44, 0xff, 0xb4, 0x00, 0x44, 0x00, 0x45,
  0xff, 0xb4, 0x00, 0x44, 0x00, 0x46, 0xff, 0xb4, 0x00, 0x44, 0x00, 0x48,
  0xff, 0xb4, 0x00, 0x44, 0x00, 0x4b, 0xff, 0x3b, 0x00, 0x44, 0x00, 0x50,
  0xff, 0xb4, 0x00, 0x44, 0x00, 0x52, 0xff, 0xb4, 0x00, 0x44, 0x00, 0x54,
  0xff, 0xf7, 0x00, 0x44, 0x00, 0x81, 0xff, 0xb4, 0x00, 0x44, 0x00, 0x83,
  0xff, 0xb4, 0x00, 0x44, 0x00, 0x84, 0xff, 0xb4, 0x00, 0x44, 0x00, 0x85,
  0xff, 0xb4, 0x00, 0x44, 0x00, 0x86, 0xff, 0xb4, 0x00, 0x44, 0x00, 0x87,
  0xff, 0xb4, 0x00, 0x44, 0x00, 0x88, 0xff, 0xb4, 0x00, 0x44, 0x00, 0x89,
  0xff, 0xb4, 0x00, 0x44, 0x00, 0x8a, 0xff, 0xb4, 0x00, 0x44, 0x00, 0x8b,
  0xff, 0xb4, 0x00, 0x44, 0x00, 0x8c, 0xff, 0xb4, 0x00, 0x44, 0x00, 0x8d,
  0xff, 0xb4, 0x00, 0x44, 0x00, 0x8e, 0xff, 0xb4, 0x00, 0x44, 0x00, 0x94,
  0xff, 0xb4, 0x00, 0x44, 0x00, 0x95, 0xff, 0xb4, 0x00, 0x44, 0x00, 0x96,
  0xff, 0xb4, 0x00, 0x44, 0x00, 0x98, 0xff, 0xb4, 0x00, 0x44, 0x00, 0xa2,
  0xff, 0xb4, 0x00, 0x45, 0x00, 0x4b, 0xff, 0x63, 0x00, 0x46, 0x00, 0x22,
  0xff, 0xa6, 0x00, 0x46, 0x00, 0x2b, 0xff, 0x9a, 0x00, 0x46, 0x00, 0x34,
  0xff, 0xae, 0x00, 0x46, 0x00, 0x35, 0xff, 0x35, 0x00, 0x46, 0x00, 0x37,
  0xff, 0x4d, 0x00, 0x46, 0x00, 0x38, 0xff, 0xb9, 0x00, 0x46, 0x00, 0x39,
  0xff, 0xd4, 0x00, 0x46, 0x00, 0x3a, 0xff, 0x67, 0x00, 0x46, 0x00, 0x3b,
  0xff, 0x9c, 0x00, 0x46, 0x00, 0x47, 0xff, 0xe9, 0x00, 0x46, 0x00, 0x4b,
  0xff, 0x22, 0x00, 0x46, 0x00, 0x54, 0xff, 0xee, 0x00, 0x46, 0x00, 0x55,
  0xff, 0xe9, 0x00, 0x46, 0x00, 0x57, 0xff, 0xa8, 0x00, 0x46, 0x00, 0x58,
  0xff, 0xbb, 0x00, 0x46, 0x00, 0x59, 0xff, 0xd3, 0x00, 0x46, 0x00, 0x5a,
  0xff, 0xe5, 0x00, 0x46, 0x00, 0x5b, 0xff, 0xe1, 0x00, 0x46, 0x00, 0x66,
  0xff, 0xa6, 0x00, 0x46, 0x00, 0x67, 0xff, 0xa6, 0x00, 0x46, 0x00, 0x68,
  0xff, 0xa6, 0x00, 0x46, 0x00, 0x69, 0xff, 0xa6, 0x00, 0x46, 0x00, 0x6a,
  0xff, 0xa6, 0x00, 0x46, 0x00, 0x6b, 0xff, 0xa6, 0x00, 0x46, 0x00, 0x6c,
  0xff, 0xa6, 0x00, 0x46, 0x00, 0x81, 0xff, 0x67, 0x00, 0x46, 0x00, 0x9f,
  0xff, 0xe5, 0x00, 0x46, 0x00, 0xa0, 0xff, 0xe5, 0x00, 0x47, 0x00, 0x22,
  0xff, 0x75, 0x00, 0x47, 0x00, 0x24, 0xff, 0xe5, 0x00, 0x47, 0x00, 0x28,
  0xff, 0xe5, 0x00, 0x47, 0x00, 0x2b, 0xff, 0x6d, 0x00, 0x47, 0x00, 0x30,
  0xff, 0xe5, 0x00, 0x47, 0x00, 0x32, 0xff, 0xe5, 0x00, 0x47, 0x00, 0x34,
  0xff, 0xf9, 0x00, 0x47, 0x00, 0x42, 0xff, 0xdb, 0x00, 0x47, 0x00, 0x44,
  0xff, 0xdb, 0x00, 0x47, 0x00, 0x45, 0xff, 0xdb, 0x00, 0x47, 0x00, 0x46,
  0xff, 0xdb, 0x00, 0x47, 0x00, 0x47, 0xff, 0xe7, 0x00, 0x47, 0x00, 0x48,
  0xff, 0xdb, 0x00, 0x47, 0x00, 0x4b, 0xff, 0x1e, 0x00, 0x47, 0x00, 0x4e,
  0xff, 0xe3, 0x00, 0x47, 0x00, 0x4f, 0xff, 0xe3, 0x00, 0x47, 0x00, 0x50,
  0xff, 0xdb, 0x00, 0x47, 0x00, 0x51, 0xff, 0xe3, 0x00, 0x47, 0x00, 0x52,
  0xff, 0xdb, 0x00, 0x47, 0x00, 0x53, 0xff, 0xe3, 0x00, 0x47, 0x00, 0x54,
  0xff, 0xd7, 0x00, 0x47, 0x00, 0x55, 0xff, 0xe3, 0x00, 0x47, 0x00, 0x56,
  0xff, 0xe3, 0x00, 0x47, 0x00, 0x57, 0xff, 0xe3, 0x00, 0x47, 0x00, 0x58,
  0xff, 0xe3, 0x00, 0x47, 0x00, 0x59, 0xff, 0xe3, 0x00, 0x47, 0x00, 0x5a,
  0xff, 0xe3, 0x00, 0x47, 0x00, 0x5b, 0xff, 0xe3, 0x00, 0x47, 0x00, 0x66,
  0xff, 0x75, 0x00, 0x47, 0x00, 0x67, 0xff, 0x75, 0x00, 0x47, 0x00, 0x68,
  0xff, 0x75, 0x00, 0x47, 0x00, 0x69, 0xff, 0x75, 0x00, 0x47, 0x00, 0x6a,
  0xff, 0x75, 0x00, 0x47, 0x00, 0x6b, 0xff, 0x75, 0x00, 0x47, 0x00, 0x6c,
  0xff, 0x75, 0x00, 0x47, 0x00, 0x6d, 0xff, 0xe5, 0x00, 0x47, 0x00, 0x77,
  0xff, 0xe5, 0x00, 0x47, 0x00, 0x78, 0xff, 0xe5, 0x00, 0x47, 0x00, 0x7b,
  0xff, 0xe5, 0x00, 0x47, 0x00, 0x83, 0xff, 0xdb, 0x00, 0x47, 0x00, 0x84,
  0xff, 0xdb, 0x00, 0x47, 0x00, 0x85, 0xff, 0xdb, 0x00, 0x47, 0x00, 0x86,
  0xff, 0xdb, 0x00, 0x47, 0x00, 0x87, 0xff, 0xdb, 0x00, 0x47, 0x00, 0x88,
  0xff, 0xdb, 0x00, 0x47, 0x00, 0x89, 0xff, 0xdb, 0x00, 0x47, 0x00, 0x8a,
  0xff, 0xdb, 0x00, 0x47, 0x00, 0x8b, 0xff, 0xdb, 0x00, 0x47, 0x00, 0x8c,
  0xff, 0xdb, 0x00, 0x47, 0x00, 0x8d, 0xff, 0xdb, 0x00, 0x47, 0x00, 0x8e,
  0xff, 0xdb, 0x00, 0x47, 0x00, 0x94, 0xff, 0xdb, 0x00, 0x47, 0x00, 0x95,
  0xff, 0xdb, 0x00, 0x47, 0x00, 0x96, 0xff, 0xdb, 0x00, 0x47, 0x00, 0x98,
  0xff, 0xdb, 0x00, 0x47, 0x00, 0x9b, 0xff, 0xe3, 0x00, 0x47, 0x00, 0x9c,
  0xff, 0xe3, 0x00, 0x47, 0x00, 0x9d, 0xff, 0xe3, 0x00, 0x47, 0x00, 0x9e,
  0xff, 0xe3, 0x00, 0x47, 0x00, 0x9f, 0xff, 0xe3, 0x00, 0x47, 0x00, 0xa0,
  0xff, 0xe3, 0x00, 0x47, 0x00, 0xa1, 0xff, 0xe5, 0x00, 0x47, 0x00, 0xa2,
  0xff, 0xdb, 0x00, 0x48, 0x00, 0x35, 0xff, 0x3e, 0x00, 0x48, 0x00, 0x37,
  0xff, 0xa0, 0x00, 0x48, 0x00, 0x38, 0xff, 0xdb, 0x00, 0x48, 0x00, 0x3a,
  0xff, 0xcb, 0x00, 0x48, 0x00, 0x81, 0xff, 0xcb, 0x00, 0x49, 0x00, 0x35,
  0xff, 0x3d, 0x00, 0x49, 0x00, 0x37, 0xff, 0x63, 0x00, 0x49, 0x00, 0x38,
  0xff, 0xc3, 0x00, 0x49, 0x00, 0x3a, 0xff, 0x84, 0x00, 0x49, 0x00, 0x4b,
  0xff, 0x53, 0x00, 0x49, 0x00, 0x57, 0xff, 0xc3, 0x00, 0x49, 0x00, 0x58,
  0xff, 0xcb, 0x00, 0x49, 0x00, 0x81, 0xff, 0x84, 0x00, 0x4a, 0x00, 0x4b,
  0xff, 0x53, 0x00, 0x4b, 0x00, 0x4b, 0xff, 0xd3, 0x00, 0x4c, 0x00, 0x35,
  0xff, 0x39, 0x00, 0x4c, 0x00, 0x37, 0xff, 0xa0, 0x00, 0x4c, 0x00, 0x38,
  0xff, 0xd9, 0x00, 0x4c, 0x00, 0x3a, 0xff, 0xd7, 0x00, 0x4c, 0x00, 0x42,
  0xff, 0xd3, 0x00, 0x4c, 0x00, 0x44, 0xff, 0xd3, 0x00, 0x4c, 0x00, 0x45,
  0xff, 0xd3, 0x00, 0x4c, 0x00, 0x46, 0xff, 0xd3, 0x00, 0x4c, 0x00, 0x48,
  0xff, 0xd3, 0x00, 0x4c, 0x00, 0x4b, 0xff, 0x53, 0x00, 0x4c, 0x00, 0x50,
  0xff, 0xd3, 0x00, 0x4c, 0x00, 0x52, 0xff, 0xd3, 0x00, 0x4c, 0x00, 0x81,
  0xff, 0xd7, 0x00, 0x4c, 0x00, 0x83, 0xff, 0xd3, 0x00, 0x4c, 0x00, 0x84,
  0xff, 0xd3, 0x00, 0x4c, 0x00, 0x85, 0xff, 0xd3, 0x00, 0x4c, 0x00, 0x86,
  0xff, 0xd3, 0x00, 0x4c, 0x00, 0x87, 0xff, 0xd3, 0x00, 0x4c, 0x00, 0x88,
  0xff, 0xd3, 0x00, 0x4c, 0x00, 0x89, 0xff, 0xd3, 0x00, 0x4c, 0x00, 0x8a,
  0xff, 0xd3, 0x00, 0x4c, 0x00, 0x8b, 0xff, 0xd3, 0x00, 0x4c, 0x00, 0x8c,
  0xff, 0xd3, 0x00, 0x4c, 0x00, 0x8d, 0xff, 0xd3, 0x00, 0x4c, 0x00, 0x8e,
  0xff, 0xd3, 0x00, 0x4c, 0x00, 0x94, 0xff, 0xd3, 0x00, 0x4c, 0x00, 0x95,
  0xff, 0xd3, 0x00, 0x4c, 0x00, 0x96, 0xff, 0xd3, 0x00, 0x4c, 0x00, 0x98,
  0xff, 0xd3, 0x00, 0x4c, 0x00, 0xa2, 0xff, 0xd3, 0x00, 0x4d, 0x00, 0x4b,
  0xff, 0x5d, 0x00, 0x4e, 0x00, 0x35, 0xff, 0x3d, 0x00, 0x4e, 0x00, 0x37,
  0xff, 0x63, 0x00, 0x4e, 0x00, 0x38, 0xff, 0xc3, 0x00, 0x4e, 0x00, 0x3a,
  0xff, 0x84, 0x00, 0x4e, 0x00, 0x4b, 0xff, 0x53, 0x00, 0x4e, 0x00, 0x57,
  0xff, 0xc3, 0x00, 0x4e, 0x00, 0x58, 0xff, 0xcb, 0x00, 0x4e, 0x00, 0x81,
  0xff, 0x84, 0x00, 0x4f, 0x00, 0x35, 0xff, 0x3d, 0x00, 0x4f, 0x00, 0x37,
  0xff, 0x63, 0x00, 0x4f, 0x00, 0x38, 0xff, 0xc3, 0x00, 0x4f, 0x00, 0x3a,
  0xff, 0x84, 0x00, 0x4f, 0x00, 0x4b, 0xff, 0x53, 0x00, 0x4f, 0x00, 0x57,
  0xff, 0xc3, 0x00, 0x4f, 0x00, 0x58, 0xff, 0xcb, 0x00, 0x4f, 0x00, 0x81,
  0xff, 0x84, 0x00, 0x50, 0x00, 0x22, 0xff, 0xbb, 0x00, 0x50, 0x00, 0x34,
  0xff, 0xb0, 0x00, 0x50, 0x00, 0x35, 0xff, 0x39, 0x00, 0x50, 0x00, 0x37,
  0xff, 0x49, 0x00, 0x50, 0x00, 0x38, 0xff, 0xb8, 0x00, 0x50, 0x00, 0x39,
  0xff, 0xdf, 0x00, 0x50, 0x00, 0x3a, 0xff, 0x6d, 0x00, 0x50, 0x00, 0x3b,
  0xff, 0xb0, 0x00, 0x50, 0x00, 0x47, 0xff, 0xf1, 0x00, 0x50, 0x00, 0x4b,
  0xff, 0x1a, 0x00, 0x50, 0x00, 0x54, 0xff, 0xed, 0x00, 0x50, 0x00, 0x55,
  0xff, 0xeb, 0x00, 0x50, 0x00, 0x57, 0xff, 0xae, 0x00, 0x50, 0x00, 0x58,
  0xff, 0xbd, 0x00, 0x50, 0x00, 0x59, 0xff, 0xdf, 0x00, 0x50, 0x00, 0x5a,
  0xff, 0xe9, 0x00, 0x50, 0x00, 0x5b, 0xff, 0xdb, 0x00, 0x50, 0x00, 0x66,
  0xff, 0xbb, 0x00, 0x50, 0x00, 0x67, 0xff, 0xbb, 0x00, 0x50, 0x00, 0x68,
  0xff, 0xbb, 0x00, 0x50, 0x00, 0x69, 0xff, 0xbb, 0x00, 0x50, 0x00, 0x6a,
  0xff, 0xbb, 0x00, 0x50, 0x00, 0x6b, 0xff, 0xbb, 0x00, 0x50, 0x00, 0x6c,
  0xff, 0xbb, 0x00, 0x50, 0x00, 0x81, 0xff, 0x6d, 0x00, 0x50, 0x00, 0x9f,
  0xff, 0xe9, 0x00, 0x50, 0x00, 0xa0, 0xff, 0xe9, 0x00, 0x51, 0x00, 0x22,
  0xff, 0xbb, 0x00, 0x51, 0x00, 0x34, 0xff, 0xb0, 0x00, 0x51, 0x00, 0x35,
  0xff, 0x39, 0x00, 0x51, 0x00, 0x37, 0xff, 0x49, 0x00, 0x51, 0x00, 0x38,
  0xff, 0xb8, 0x00, 0x51, 0x00, 0x39, 0xff, 0xdf, 0x00, 0x51, 0x00, 0x3a,
  0xff, 0x6d, 0x00, 0x51, 0x00, 0x3b, 0xff, 0xb0, 0x00, 0x51, 0x00, 0x47,
  0xff, 0xf1, 0x00, 0x51, 0x00, 0x4b, 0xff, 0x1a, 0x00, 0x51, 0x00, 0x54,
  0xff, 0xed, 0x00, 0x51, 0x00, 0x55, 0xff, 0xeb, 0x00, 0x51, 0x00, 0x57,
  0xff, 0xae, 0x00, 0x51, 0x00, 0x58, 0xff, 0xbd, 0x00, 0x51, 0x00, 0x59,
  0xff, 0xdf, 0x00, 0x51, 0x00, 0x5a, 0xff, 0xe9, 0x00, 0x51, 0x00, 0x5b,
  0xff, 0xdb, 0x00, 0x51, 0x00, 0x66, 0xff, 0xbb, 0x00, 0x51, 0x00, 0x67,
  0xff, 0xbb, 0x00, 0x51, 0x00, 0x68, 0xff, 0xbb, 0x00, 0x51, 0x00, 0x69,
  0xff, 0xbb, 0x00, 0x51, 0x00, 0x6a, 0xff, 0xbb, 0x00, 0x51, 0x00, 0x6b,
  0xff, 0xbb, 0x00, 0x51, 0x00, 0x6c, 0xff, 0xbb, 0x00, 0x51, 0x00, 0x81,
  0xff, 0x6d, 0x00, 0x51, 0x00, 0x9f, 0xff, 0xe9, 0x00, 0x51, 0x00, 0xa0,
  0xff, 0xe9, 0x00, 0x52, 0x00, 0x35, 0xff, 0x3e, 0x00, 0x52, 0x00, 0x37,
  0xff, 0xa0, 0x00, 0x52, 0x00, 0x38, 0xff, 0xdb, 0x00, 0x52, 0x00, 0x3a,
  0xff, 0xcb, 0x00, 0x52, 0x00, 0x81, 0xff, 0xcb, 0x00, 0x53, 0x00, 0x22,
  0xff, 0x88, 0x00, 0x53, 0x00, 0x2b, 0xff, 0x55, 0x00, 0x53, 0x00, 0x35,
  0xff, 0x3b, 0x00, 0x53, 0x00, 0x37, 0xff, 0xad, 0x00, 0x53, 0x00, 0x38,
  0xff, 0xe5, 0x00, 0x53, 0x00, 0x39, 0xff, 0xd3, 0x00, 0x53, 0x00, 0x3a,
  0xff, 0xd3, 0x00, 0x53, 0x00, 0x3b, 0xff, 0x5d, 0x00, 0x53, 0x00, 0x42,
  0xff, 0xed, 0x00, 0x53, 0x00, 0x44, 0xff, 0xed, 0x00, 0x53, 0x00, 0x45,
  0xff, 0xed, 0x00, 0x53, 0x00, 0x46, 0xff, 0xed, 0x00, 0x53, 0x00, 0x48,
  0xff, 0xed, 0x00, 0x53, 0x00, 0x4b, 0xff, 0x26, 0x00, 0x53, 0x00, 0x50,
  0xff, 0xed, 0x00, 0x53, 0x00, 0x52, 0xff, 0xed, 0x00, 0x53, 0x00, 0x66,
  0xff, 0x88, 0x00, 0x53, 0x00, 0x67, 0xff, 0x88, 0x00, 0x53, 0x00, 0x68,
  0xff, 0x88, 0x00, 0x53, 0x00, 0x69, 0xff, 0x88, 0x00, 0x53, 0x00, 0x6a,
  0xff, 0x88, 0x00, 0x53, 0x00, 0x6b, 0xff, 0x88, 0x00, 0x53, 0x00, 0x6c,
  0xff, 0x88, 0x00, 0x53, 0x00, 0x81, 0xff, 0xd3, 0x00, 0x53, 0x00, 0x83,
  0xff, 0xed, 0x00, 0x53, 0x00, 0x84, 0xff, 0xed, 0x00, 0x53, 0x00, 0x85,
  0xff, 0xed, 0x00, 0x53, 0x00, 0x86, 0xff, 0xed, 0x00, 0x53, 0x00, 0x87,
  0xff, 0xed, 0x00, 0x53, 0x00, 0x88, 0xff, 0xed, 0x00, 0x53, 0x00, 0x89,
  0xff, 0xed, 0x00, 0x53, 0x00, 0x8a, 0xff, 0xed, 0x00, 0x53, 0x00, 0x8b,
  0xff, 0xed, 0x00, 0x53, 0x00, 0x8c, 0xff, 0xed, 0x00, 0x53, 0x00, 0x8d,
  0xff, 0xed, 0x00, 0x53, 0x00, 0x8e, 0xff, 0xed, 0x00, 0x53, 0x00, 0x94,
  0xff, 0xed, 0x00, 0x53, 0x00, 0x95, 0xff, 0xed, 0x00, 0x53, 0x00, 0x96,
  0xff, 0xed, 0x00, 0x53, 0x00, 0x98, 0xff, 0xed, 0x00, 0x53, 0x00, 0xa2,
  0xff, 0xed, 0x00, 0x54, 0x00, 0x22, 0xff, 0xd7, 0x00, 0x54, 0x00, 0x24,
  0xff, 0xdf, 0x00, 0x54, 0x00, 0x28, 0xff, 0xdf, 0x00, 0x54, 0x00, 0x30,
  0xff, 0xdf, 0x00, 0x54, 0x00, 0x32, 0xff, 0xdf, 0x00, 0x54, 0x00, 0x34,
  0xff, 0xe7, 0x00, 0x54, 0x00, 0x35, 0xff, 0x3b, 0x00, 0x54, 0x00, 0x36,
  0xff, 0xeb, 0x00, 0x54, 0x00, 0x37, 0xff, 0x8f, 0x00, 0x54, 0x00, 0x38,
  0xff, 0xc7, 0x00, 0x54, 0x00, 0x39, 0xff, 0xf1, 0x00, 0x54, 0x00, 0x3a,
  0xff, 0xb9, 0x00, 0x54, 0x00, 0x3b, 0xff, 0xd9, 0x00, 0x54, 0x00, 0x42,
  0xff, 0xef, 0x00, 0x54, 0x00, 0x44, 0xff, 0xef, 0x00, 0x54, 0x00, 0x45,
  0xff, 0xef, 0x00, 0x54, 0x00, 0x46, 0xff, 0xef, 0x00, 0x54, 0x00, 0x47,
  0xff, 0xe5, 0x00, 0x54, 0x00, 0x48, 0xff, 0xef, 0x00, 0x54, 0x00, 0x4b,
  0xff, 0x24, 0x00, 0x54, 0x00, 0x50, 0xff, 0xef, 0x00, 0x54, 0x00, 0x52,
  0xff, 0xef, 0x00, 0x54, 0x00, 0x54, 0xff, 0xe8, 0x00, 0x54, 0x00, 0x55,
  0xff, 0xe5, 0x00, 0x54, 0x00, 0x57, 0xff, 0xe9, 0x00, 0x54, 0x00, 0x58,
  0xff, 0xed, 0x00, 0x54, 0x00, 0x59, 0xff, 0xef, 0x00, 0x54, 0x00, 0x5a,
  0xff, 0xe9, 0x00, 0x54, 0x00, 0x5b, 0xff, 0xda, 0x00, 0x54, 0x00, 0x66,
  0xff, 0xd7, 0x00, 0x54, 0x00, 0x67, 0xff, 0xd7, 0x00, 0x54, 0x00, 0x68,
  0xff, 0xd7, 0x00, 0x54, 0x00, 0x69, 0xff, 0xd7, 0x00, 0x54, 0x00, 0x6a,
  0xff, 0xd7, 0x00, 0x54, 0x00, 0x6b, 0xff, 0xd7, 0x00, 0x54, 0x00, 0x6c,
  0xff, 0xd7, 0x00, 0x54, 0x00, 0x6d, 0xff, 0xdf, 0x00, 0x54, 0x00, 0x77,
  0xff, 0xdf, 0x00, 0x54, 0x00, 0x78, 0xff, 0xdf, 0x00, 0x54, 0x00, 0x7b,
  0xff, 0xdf, 0x00, 0x54, 0x00, 0x7d, 0xff, 0xeb, 0x00, 0x54, 0x00, 0x7e,
  0xff, 0xeb, 0x00, 0x54, 0x00, 0x80, 0xff, 0xeb, 0x00, 0x54, 0x00, 0x81,
  0xff, 0xb9, 0x00, 0x54, 0x00, 0x83, 0xff, 0xef, 0x00, 0x54, 0x00, 0x84,
  0xff, 0xef, 0x00, 0x54, 0x00, 0x85, 0xff, 0xef, 0x00, 0x54, 0x00, 0x86,
  0xff, 0xef, 0x00, 0x54, 0x00, 0x87, 0xff, 0xef, 0x00, 0x54, 0x00, 0x88,
  0xff, 0xef, 0x00, 0x54, 0x00, 0x89, 0xff, 0xef, 0x00, 0x54, 0x00, 0x8a,
  0xff, 0xef, 0x00, 0x54, 0x00, 0x8b, 0xff, 0xef, 0x00, 0x54, 0x00, 0x8c,
  0xff, 0xef, 0x00, 0x54, 0x00, 0x8d, 0xff, 0xef, 0x00, 0x54, 0x00, 0x8e,
  0xff, 0xef, 0x00, 0x54, 0x00, 0x94, 0xff, 0xef, 0x00, 0x54, 0x00, 0x95,
  0xff, 0xef, 0x00, 0x54, 0x00, 0x96, 0xff, 0xef, 0x00, 0x54, 0x00, 0x98,
  0xff, 0xef, 0x00, 0x54, 0x00, 0x9f, 0xff, 0xe9, 0x00, 0x54, 0x00, 0xa0,
  0xff, 0xe9, 0x00, 0x54, 0x00, 0xa1, 0xff, 0xdf, 0x00, 0x54, 0x00, 0xa2,
  0xff, 0xef, 0x00, 0x55, 0x00, 0x22, 0xff, 0x8c, 0x00, 0x55, 0x00, 0x2b,
  0xff, 0x80, 0x00, 0x55, 0x00, 0x35, 0xff, 0x82, 0x00, 0x55, 0x00, 0x37,
  0xff, 0x9e, 0x00, 0x55, 0x00, 0x38, 0xff, 0xd8, 0x00, 0x55, 0x00, 0x39,
  0xff, 0xd1, 0x00, 0x55, 0x00, 0x3a, 0xff, 0xd1, 0x00, 0x55, 0x00, 0x3b,
  0xff, 0x84, 0x00, 0x55, 0x00, 0x42, 0xff, 0xef, 0x00, 0x55, 0x00, 0x44,
  0xff, 0xef, 0x00, 0x55, 0x00, 0x45, 0xff, 0xef, 0x00, 0x55, 0x00, 0x46,
  0xff, 0xef, 0x00, 0x55, 0x00, 0x48, 0xff, 0xef, 0x00, 0x55, 0x00, 0x4b,
  0xff, 0x1e, 0x00, 0x55, 0x00, 0x50, 0xff, 0xef, 0x00, 0x55, 0x00, 0x52,
  0xff, 0xef, 0x00, 0x55, 0x00, 0x54, 0xff, 0xef, 0x00, 0x55, 0x00, 0x66,
  0xff, 0x8c, 0x00, 0x55, 0x00, 0x67, 0xff, 0x8c, 0x00, 0x55, 0x00, 0x68,
  0xff, 0x8c, 0x00, 0x55, 0x00, 0x69, 0xff, 0x8c, 0x00, 0x55, 0x00, 0x6a,
  0xff, 0x8c, 0x00, 0x55, 0x00, 0x6b, 0xff, 0x8c, 0x00, 0x55, 0x00, 0x6c,
  0xff, 0x8c, 0x00, 0x55, 0x00, 0x81, 0xff, 0xd1, 0x00, 0x55, 0x00, 0x83,
  0xff, 0xef, 0x00, 0x55, 0x00, 0x84, 0xff, 0xef, 0x00, 0x55, 0x00, 0x85,
  0xff, 0xef, 0x00, 0x55, 0x00, 0x86, 0xff, 0xef, 0x00, 0x55, 0x00, 0x87,
  0xff, 0xef, 0x00, 0x55, 0x00, 0x88, 0xff, 0xef, 0x00, 0x55, 0x00, 0x89,
  0xff, 0xef, 0x00, 0x55, 0x00, 0x8a, 0xff, 0xef, 0x00, 0x55, 0x00, 0x8b,
  0xff, 0xef, 0x00, 0x55, 0x00, 0x8c, 0xff, 0xef, 0x00, 0x55, 0x00, 0x8d,
  0xff, 0xef, 0x00, 0x55, 0x00, 0x8e, 0xff, 0xef, 0x00, 0x55, 0x00, 0x94,
  0xff, 0xef, 0x00, 0x55, 0x00, 0x95, 0xff, 0xef, 0x00, 0x55, 0x00, 0x96,
  0xff, 0xef, 0x00, 0x55, 0x00, 0x98, 0xff, 0xef, 0x00, 0x55, 0x00, 0xa2,
  0xff, 0xef, 0x00, 0x56, 0x00, 0x35, 0xff, 0x3e, 0x00, 0x56, 0x00, 0x37,
  0xff, 0xa0, 0x00, 0x56, 0x00, 0x38, 0xff, 0xdb, 0x00, 0x56, 0x00, 0x3a,
  0xff, 0xcb, 0x00, 0x56, 0x00, 0x4b, 0xff, 0x74, 0x00, 0x56, 0x00, 0x81,
  0xff, 0xcb, 0x00, 0x57, 0x00, 0x22, 0xff, 0x39, 0x00, 0x57, 0x00, 0x2b,
  0xff, 0x6f, 0x00, 0x57, 0x00, 0x35, 0xff, 0x3b, 0x00, 0x57, 0x00, 0x37,
  0xff, 0xad, 0x00, 0x57, 0x00, 0x38, 0xff, 0xe5, 0x00, 0x57, 0x00, 0x39,
  0xff, 0xcc, 0x00, 0x57, 0x00, 0x3a, 0xff, 0xcc, 0x00, 0x57, 0x00, 0x3b,
  0xff, 0x2b, 0x00, 0x57, 0x00, 0x42, 0xff, 0xb8, 0x00, 0x57, 0x00, 0x44,
  0xff, 0xb8, 0x00, 0x57, 0x00, 0x45, 0xff, 0xb8, 0x00, 0x57, 0x00, 0x46,
  0xff, 0xb8, 0x00, 0x57, 0x00, 0x48, 0xff, 0xb8, 0x00, 0x57, 0x00, 0x4b,
  0xff, 0x24, 0x00, 0x57, 0x00, 0x50, 0xff, 0xb8, 0x00, 0x57, 0x00, 0x52,
  0xff, 0xb8, 0x00, 0x57, 0x00, 0x54, 0xff, 0xcd, 0x00, 0x57, 0x00, 0x66,
  0xff, 0x39, 0x00, 0x57, 0x00, 0x67, 0xff, 0x39, 0x00, 0x57, 0x00, 0x68,
  0xff, 0x39, 0x00, 0x57, 0x00, 0x69, 0xff, 0x39, 0x00, 0x57, 0x00, 0x6a,
  0xff, 0x39, 0x00, 0x57, 0x00, 0x6b, 0xff, 0x39, 0x00, 0x57, 0x00, 0x6c,
  0xff, 0x39, 0x00, 0x57, 0x00, 0x81, 0xff, 0xcc, 0x00, 0x57, 0x00, 0x83,
  0xff, 0xb8, 0x00, 0x57, 0x00, 0x84, 0xff, 0xb8, 0x00, 0x57, 0x00, 0x85,
  0xff, 0xb8, 0x00, 0x57, 0x00, 0x86, 0xff, 0xb8, 0x00, 0x57, 0x00, 0x87,
  0xff, 0xb8, 0x00, 0x57, 0x00, 0x88, 0xff, 0xb8, 0x00, 0x57, 0x00, 0x89,
  0xff, 0xb8, 0x00, 0x57, 0x00, 0x8a, 0xff, 0xb8, 0x00, 0x57, 0x00, 0x8b,
  0xff, 0xb8, 0x00, 0x57, 0x00, 0x8c, 0xff, 0xb8, 0x00, 0x57, 0x00, 0x8d,
  0xff, 0xb8, 0x00, 0x57, 0x00, 0x8e, 0xff, 0xb8, 0x00, 0x57, 0x00, 0x94,
  0xff, 0xb8, 0x00, 0x57, 0x00, 0x95, 0xff, 0xb8, 0x00, 0x57, 0x00, 0x96,
  0xff, 0xb8, 0x00, 0x57, 0x00, 0x98, 0xff, 0xb8, 0x00, 0x57, 0x00, 0xa2,
  0xff, 0xb8, 0x00, 0x58, 0x00, 0x22, 0xff, 0x63, 0x00, 0x58, 0x00, 0x2b,
  0xff, 0x8a, 0x00, 0x58, 0x00, 0x35, 0xff, 0x3b, 0x00, 0x58, 0x00, 0x37,
  0xff, 0xad, 0x00, 0x58, 0x00, 0x38, 0xff, 0xe5, 0x00, 0x58, 0x00, 0x39,
  0xff, 0xcc, 0x00, 0x58, 0x00, 0x3a, 0xff, 0xcc, 0x00, 0x58, 0x00, 0x3b,
  0xff, 0x68, 0x00, 0x58, 0x00, 0x42, 0xff, 0xb8, 0x00, 0x58, 0x00, 0x44,
  0xff, 0xb8, 0x00, 0x58, 0x00, 0x45, 0xff, 0xb8, 0x00, 0x58, 0x00, 0x46,
  0xff, 0xb8, 0x00, 0x58, 0x00, 0x48, 0xff, 0xb8, 0x00, 0x58, 0x00, 0x4b,
  0xff, 0x24, 0x00, 0x58, 0x00, 0x50, 0xff, 0xb8, 0x00, 0x58, 0x00, 0x52,
  0xff, 0xb8, 0x00, 0x58, 0x00, 0x54, 0xff, 0xcd, 0x00, 0x58, 0x00, 0x66,
  0xff, 0x63, 0x00, 0x58, 0x00, 0x67, 0xff, 0x63, 0x00, 0x58, 0x00, 0x68,
  0xff, 0x63, 0x00, 0x58, 0x00, 0x69, 0xff, 0x63, 0x00, 0x58, 0x00, 0x6a,
  0xff, 0x63, 0x00, 0x58, 0x00, 0x6b, 0xff, 0x63, 0x00, 0x58, 0x00, 0x6c,
  0xff, 0x63, 0x00, 0x58, 0x00, 0x81, 0xff, 0xcc, 0x00, 0x58, 0x00, 0x83,
  0xff, 0xb8, 0x00, 0x58, 0x00, 0x84, 0xff, 0xb8, 0x00, 0x58, 0x00, 0x85,
  0xff, 0xb8, 0x00, 0x58, 0x00, 0x86, 0xff, 0xb8, 0x00, 0x58, 0x00, 0x87,
  0xff, 0xb8, 0x00, 0x58, 0x00, 0x88, 0xff, 0xb8, 0x00, 0x58, 0x00, 0x89,
  0xff, 0xb8, 0x00, 0x58, 0x00, 0x8a, 0xff, 0xb8, 0x00, 0x58, 0x00, 0x8b,
  0xff, 0xb8, 0x00, 0x58, 0x00, 0x8c, 0xff, 0xb8, 0x00, 0x58, 0x00, 0x8d,
  0xff, 0xb8, 0x00, 0x58, 0x00, 0x8e, 0xff, 0xb8, 0x00, 0x58, 0x00, 0x94,
  0xff, 0xb8, 0x00, 0x58, 0x00, 0x95, 0xff, 0xb8, 0x00, 0x58, 0x00, 0x96,
  0xff, 0xb8, 0x00, 0x58, 0x00, 0x98, 0xff, 0xb8, 0x00, 0x58, 0x00, 0xa2,
  0xff, 0xb8, 0x00, 0x59, 0x00, 0x35, 0xff, 0x39, 0x00, 0x59, 0x00, 0x37,
  0xff, 0xa0, 0x00, 0x59, 0x00, 0x38, 0xff, 0xd9, 0x00, 0x59, 0x00, 0x3a,
  0xff, 0xd7, 0x00, 0x59, 0x00, 0x42, 0xff, 0xd3, 0x00, 0x59, 0x00, 0x44,
  0xff, 0xd3, 0x00, 0x59, 0x00, 0x45, 0xff, 0xd3, 0x00, 0x59, 0x00, 0x46,
  0xff, 0xd3, 0x00, 0x59, 0x00, 0x48, 0xff, 0xd3, 0x00, 0x59, 0x00, 0x4b,
  0xff, 0x53, 0x00, 0x59, 0x00, 0x50, 0xff, 0xd3, 0x00, 0x59, 0x00, 0x52,
  0xff, 0xd3, 0x00, 0x59, 0x00, 0x81, 0xff, 0xd7, 0x00, 0x59, 0x00, 0x83,
  0xff, 0xd3, 0x00, 0x59, 0x00, 0x84, 0xff, 0xd3, 0x00, 0x59, 0x00, 0x85,
  0xff, 0xd3, 0x00, 0x59, 0x00, 0x86, 0xff, 0xd3, 0x00, 0x59, 0x00, 0x87,
  0xff, 0xd3, 0x00, 0x59, 0x00, 0x88, 0xff, 0xd3, 0x00, 0x59, 0x00, 0x89,
  0xff, 0xd3, 0x00, 0x59, 0x00, 0x8a, 0xff, 0xd3, 0x00, 0x59, 0x00, 0x8b,
  0xff, 0xd3, 0x00, 0x59, 0x00, 0x8c, 0xff, 0xd3, 0x00, 0x59, 0x00, 0x8d,
  0xff, 0xd3, 0x00, 0x59, 0x00, 0x8e, 0xff, 0xd3, 0x00, 0x59, 0x00, 0x94,
  0xff, 0xd3, 0x00, 0x59, 0x00, 0x95, 0xff, 0xd3, 0x00, 0x59, 0x00, 0x96,
  0xff, 0xd3, 0x00, 0x59, 0x00, 0x98, 0xff, 0xd3, 0x00, 0x59, 0x00, 0xa2,
  0xff, 0xd3, 0x00, 0x5a, 0x00, 0x22, 0xff, 0x9a, 0x00, 0x5a, 0x00, 0x2b,
  0xff, 0xcd, 0x00, 0x5a, 0x00, 0x35, 0xff, 0x3b, 0x00, 0x5a, 0x00, 0x37,
  0xff, 0xad, 0x00, 0x5a, 0x00, 0x38, 0xff, 0xe5, 0x00, 0x5a, 0x00, 0x39,
  0xff, 0xc9, 0x00, 0x5a, 0x00, 0x3a, 0xff, 0xcc, 0x00, 0x5a, 0x00, 0x3b,
  0xff, 0x96, 0x00, 0x5a, 0x00, 0x42, 0xff, 0xe5, 0x00, 0x5a, 0x00, 0x44,
  0xff, 0xe5, 0x00, 0x5a, 0x00, 0x45, 0xff, 0xe5, 0x00, 0x5a, 0x00, 0x46,
  0xff, 0xe5, 0x00, 0x5a, 0x00, 0x48, 0xff, 0xe5, 0x00, 0x5a, 0x00, 0x4b,
  0xff, 0x43, 0x00, 0x5a, 0x00, 0x50, 0xff, 0xe5, 0x00, 0x5a, 0x00, 0x52,
  0xff, 0xe5, 0x00, 0x5a, 0x00, 0x54, 0xff, 0xea, 0x00, 0x5a, 0x00, 0x66,
  0xff, 0x9a, 0x00, 0x5a, 0x00, 0x67, 0xff, 0x9a, 0x00, 0x5a, 0x00, 0x68,
  0xff, 0x9a, 0x00, 0x5a, 0x00, 0x69, 0xff, 0x9a, 0x00, 0x5a, 0x00, 0x6a,
  0xff, 0x9a, 0x00, 0x5a, 0x00, 0x6b, 0xff, 0x9a, 0x00, 0x5a, 0x00, 0x6c,
  0xff, 0x9a, 0x00, 0x5a, 0x00, 0x81, 0xff, 0xcc, 0x00, 0x5a, 0x00, 0x83,
  0xff, 0xe5, 0x00, 0x5a, 0x00, 0x84, 0xff, 0xe5, 0x00, 0x5a, 0x00, 0x85,
  0xff, 0xe5, 0x00, 0x5a, 0x00, 0x86, 0xff, 0xe5, 0x00, 0x5a, 0x00, 0x87,
  0xff, 0xe5, 0x00, 0x5a, 0x00, 0x88, 0xff, 0xe5, 0x00, 0x5a, 0x00, 0x89,
  0xff, 0xe5, 0x00, 0x5a, 0x00, 0x8a, 0xff, 0xe5, 0x00, 0x5a, 0x00, 0x8b,
  0xff, 0xe5, 0x00, 0x5a, 0x00, 0x8c, 0xff, 0xe5, 0x00, 0x5a, 0x00, 0x8d,
  0xff, 0xe5, 0x00, 0x5a, 0x00, 0x8e, 0xff, 0xe5, 0x00, 0x5a, 0x00, 0x94,
  0xff, 0xe5, 0x00, 0x5a, 0x00, 0x95, 0xff, 0xe5, 0x00, 0x5a, 0x00, 0x96,
  0xff, 0xe5, 0x00, 0x5a, 0x00, 0x98, 0xff, 0xe5, 0x00, 0x5a, 0x00, 0xa2,
  0xff, 0xe5, 0x00, 0x5b, 0x00, 0x35, 0xff, 0x3b, 0x00, 0x5b, 0x00, 0x37,
  0xff, 0xad, 0x00, 0x5b, 0x00, 0x38, 0xff, 0xce, 0x00, 0x5b, 0x00, 0x3a,
  0xff, 0xc6, 0x00, 0x5b, 0x00, 0x42, 0xff, 0xe7, 0x00, 0x5b, 0x00, 0x44,
  0xff, 0xe7, 0x00, 0x5b, 0x00, 0x45, 0xff, 0xe7, 0x00, 0x5b, 0x00, 0x46,
  0xff, 0xe7, 0x00, 0x5b, 0x00, 0x48, 0xff, 0xe7, 0x00, 0x5b, 0x00, 0x4b,
  0xff, 0x51, 0x00, 0x5b, 0x00, 0x50, 0xff, 0xe7, 0x00, 0x5b, 0x00, 0x52,
  0xff, 0xe7, 0x00, 0x5b, 0x00, 0x54, 0xff, 0xf5, 0x00, 0x5b, 0x00, 0x81,
  0xff, 0xc6, 0x00, 0x5b, 0x00, 0x83, 0xff, 0xe7, 0x00, 0x5b, 0x00, 0x84,
  0xff, 0xe7, 0x00, 0x5b, 0x00, 0x85, 0xff, 0xe7, 0x00, 0x5b, 0x00, 0x86,
  0xff, 0xe7, 0x00, 0x5b, 0x00, 0x87, 0xff, 0xe7, 0x00, 0x5b, 0x00, 0x88,
  0xff, 0xe7, 0x00, 0x5b, 0x00, 0x89, 0xff, 0xe7, 0x00, 0x5b, 0x00, 0x8a,
  0xff, 0xe7, 0x00, 0x5b, 0x00, 0x8b, 0xff, 0xe7, 0x00, 0x5b, 0x00, 0x8c,
  0xff, 0xe7, 0x00, 0x5b, 0x00, 0x8d, 0xff, 0xe7, 0x00, 0x5b, 0x00, 0x8e,
  0xff, 0xe7, 0x00, 0x5b, 0x00, 0x94, 0xff, 0xe7, 0x00, 0x5b, 0x00, 0x95,
  0xff, 0xe7, 0x00, 0x5b, 0x00, 0x96, 0xff, 0xe7, 0x00, 0x5b, 0x00, 0x98,
  0xff, 0xe7, 0x00, 0x5b, 0x00, 0xa2, 0xff, 0xe7, 0x00, 0x66, 0x00, 0x24,
  0xff, 0x8f, 0x00, 0x66, 0x00, 0x28, 0xff, 0x8f, 0x00, 0x66, 0x00, 0x30,
  0xff, 0x8f, 0x00, 0x66, 0x00, 0x32, 0xff, 0x8f, 0x00, 0x66, 0x00, 0x35,
  0xff, 0x3c, 0x00, 0x66, 0x00, 0x36, 0xff, 0xae, 0x00, 0x66, 0x00, 0x37,
  0xfe, 0xe8, 0x00, 0x66, 0x00, 0x38, 0xff, 0x97, 0x00, 0x66, 0x00, 0x3a,
  0xff, 0x19, 0x00, 0x66, 0x00, 0x42, 0xff, 0xb7, 0x00, 0x66, 0x00, 0x44,
  0xff, 0xbc, 0x00, 0x66, 0x00, 0x45, 0xff, 0xbc, 0x00, 0x66, 0x00, 0x46,
  0xff, 0xbc, 0x00, 0x66, 0x00, 0x47, 0xff, 0x9c, 0x00, 0x66, 0x00, 0x48,
  0xff, 0xbc, 0x00, 0x66, 0x00, 0x4b, 0xff, 0x65, 0x00, 0x66, 0x00, 0x50,
  0xff, 0xbc, 0x00, 0x66, 0x00, 0x52, 0xff, 0xbc, 0x00, 0x66, 0x00, 0x55,
  0xff, 0x8c, 0x00, 0x66, 0x00, 0x56, 0xff, 0xbf, 0x00, 0x66, 0x00, 0x57,
  0xff, 0x39, 0x00, 0x66, 0x00, 0x58, 0xff, 0x63, 0x00, 0x66, 0x00, 0x5a,
  0xff, 0x89, 0x00, 0x66, 0x00, 0x6d, 0xff, 0x8f, 0x00, 0x66, 0x00, 0x77,
  0xff, 0x8f, 0x00, 0x66, 0x00, 0x78, 0xff, 0x8f, 0x00, 0x66, 0x00, 0x7b,
  0xff, 0x8f, 0x00, 0x66, 0x00, 0x7d, 0xff, 0xae, 0x00, 0x66, 0x00, 0x7e,
  0xff, 0xae, 0x00, 0x66, 0x00, 0x80, 0xff, 0xae, 0x00, 0x66, 0x00, 0x81,
  0xff, 0x19, 0x00, 0x66, 0x00, 0x83, 0xff, 0xb7, 0x00, 0x66, 0x00, 0x84,
  0xff, 0xb7, 0x00, 0x66, 0x00, 0x85, 0xff, 0xb7, 0x00, 0x66, 0x00, 0x86,
  0xff, 0xb7, 0x00, 0x66, 0x00, 0x87, 0xff, 0xb7, 0x00, 0x66, 0x00, 0x88,
  0xff, 0xb7, 0x00, 0x66, 0x00, 0x89, 0xff, 0xbc, 0x00, 0x66, 0x00, 0x8a,
  0xff, 0xbc, 0x00, 0x66, 0x00, 0x8b, 0xff, 0xbc, 0x00, 0x66, 0x00, 0x8c,
  0xff, 0xbc, 0x00, 0x66, 0x00, 0x8d, 0xff, 0xbc, 0x00, 0x66, 0x00, 0x8e,
  0xff, 0xbc, 0x00, 0x66, 0x00, 0x94, 0xff, 0xbc, 0x00, 0x66, 0x00, 0x95,
  0xff, 0xbc, 0x00, 0x66, 0x00, 0x96, 0xff, 0xbc, 0x00, 0x66, 0x00, 0x98,
  0xff, 0xbc, 0x00, 0x66, 0x00, 0x9b, 0xff, 0xbf, 0x00, 0x66, 0x00, 0x9c,
  0xff, 0xbf, 0x00, 0x66, 0x00, 0x9d, 0xff, 0xbf, 0x00, 0x66, 0x00, 0x9e,
  0xff, 0xbf, 0x00, 0x66, 0x00, 0x9f, 0xff, 0x89, 0x00, 0x66, 0x00, 0xa0,
  0xff, 0x89, 0x00, 0x66, 0x00, 0xa1, 0xff, 0x8f, 0x00, 0x66, 0x00, 0xa2,
  0xff, 0xbc, 0x00, 0x67, 0x00, 0x24, 0xff, 0x8f, 0x00, 0x67, 0x00, 0x28,
  0xff, 0x8f, 0x00, 0x67, 0x00, 0x30, 0xff, 0x8f, 0x00, 0x67, 0x00, 0x32,
  0xff, 0x8f, 0x00, 0x67, 0x00, 0x35, 0xff, 0x3c, 0x00, 0x67, 0x00, 0x36,
  0xff, 0xae, 0x00, 0x67, 0x00, 0x37, 0xfe, 0xe8, 0x00, 0x67, 0x00, 0x38,
  0xff, 0x97, 0x00, 0x67, 0x00, 0x3a, 0xff, 0x19, 0x00, 0x67, 0x00, 0x42,
  0xff, 0xb7, 0x00, 0x67, 0x00, 0x44, 0xff, 0xbc, 0x00, 0x67, 0x00, 0x45,
  0xff, 0xbc, 0x00, 0x67, 0x00, 0x46, 0xff, 0xbc, 0x00, 0x67, 0x00, 0x47,
  0xff, 0x9c, 0x00, 0x67, 0x00, 0x48, 0xff, 0xbc, 0x00, 0x67, 0x00, 0x4b,
  0xff, 0x65, 0x00, 0x67, 0x00, 0x50, 0xff, 0xbc, 0x00, 0x67, 0x00, 0x52,
  0xff, 0xbc, 0x00, 0x67, 0x00, 0x55, 0xff, 0x8c, 0x00, 0x67, 0x00, 0x56,
  0xff, 0xbf, 0x00, 0x67, 0x00, 0x57, 0xff, 0x39, 0x00, 0x67, 0x00, 0x58,
  0xff, 0x63, 0x00, 0x67, 0x00, 0x5a, 0xff, 0x89, 0x00, 0x67, 0x00, 0x6d,
  0xff, 0x8f, 0x00, 0x67, 0x00, 0x77, 0xff, 0x8f, 0x00, 0x67, 0x00, 0x78,
  0xff, 0x8f, 0x00, 0x67, 0x00, 0x7b, 0xff, 0x8f, 0x00, 0x67, 0x00, 0x7d,
  0xff, 0xae, 0x00, 0x67, 0x00, 0x7e, 0xff, 0xae, 0x00, 0x67, 0x00, 0x80,
  0xff, 0xae, 0x00, 0x67, 0x00, 0x81, 0xff, 0x19, 0x00, 0x67, 0x00, 0x83,
  0xff, 0xb7, 0x00, 0x67, 0x00, 0x84, 0xff, 0xb7, 0x00, 0x67, 0x00, 0x85,
  0xff, 0xb7, 0x00, 0x67, 0x00, 0x86, 0xff, 0xb7, 0x00, 0x67, 0x00, 0x87,
  0xff, 0xb7, 0x00, 0x67, 0x00, 0x88, 0xff, 0xb7, 0x00, 0x67, 0x00, 0x89,
  0xff, 0xbc, 0x00, 0x67, 0x00, 0x8a, 0xff, 0xbc, 0x00, 0x67, 0x00, 0x8b,
  0xff, 0xbc, 0x00, 0x67, 0x00, 0x8c, 0xff, 0xbc, 0x00, 0x67, 0x00, 0x8d,
  0xff, 0xbc, 0x00, 0x67, 0x00, 0x8e, 0xff, 0xbc, 0x00, 0x67, 0x00, 0x94,
  0xff, 0xbc, 0x00, 0x67, 0x00, 0x95, 0xff, 0xbc, 0x00, 0x67, 0x00, 0x96,
  0xff, 0xbc, 0x00, 0x67, 0x00, 0x98, 0xff, 0xbc, 0x00, 0x67, 0x00, 0x9b,
  0xff, 0xbf, 0x00, 0x67, 0x00, 0x9c, 0xff, 0xbf, 0x00, 0x67, 0x00, 0x9d,
  0xff, 0xbf, 0x00, 0x67, 0x00, 0x9e, 0xff, 0xbf, 0x00, 0x67, 0x00, 0x9f,
  0xff, 0x89, 0x00, 0x67, 0x00, 0xa0, 0xff, 0x89, 0x00, 0x67, 0x00, 0xa1,
  0xff, 0x8f, 0x00, 0x67, 0x00, 0xa2, 0xff, 0xbc, 0x00, 0x68, 0x00, 0x24,
  0xff, 0x8f, 0x00, 0x68, 0x00, 0x28, 0xff, 0x8f, 0x00, 0x68, 0x00, 0x30,
  0xff, 0x8f, 0x00, 0x68, 0x00, 0x32, 0xff, 0x8f, 0x00, 0x68, 0x00, 0x35,
  0xff, 0x3c, 0x00, 0x68, 0x00, 0x36, 0xff, 0xae, 0x00, 0x68, 0x00, 0x37,
  0xfe, 0xe8, 0x00, 0x68, 0x00, 0x38, 0xff, 0x97, 0x00, 0x68, 0x00, 0x3a,
  0xff, 0x19, 0x00, 0x68, 0x00, 0x42, 0xff, 0xb7, 0x00, 0x68, 0x00, 0x44,
  0xff, 0xbc, 0x00, 0x68, 0x00, 0x45, 0xff, 0xbc, 0x00, 0x68, 0x00, 0x46,
  0xff, 0xbc, 0x00, 0x68, 0x00, 0x47, 0xff, 0x9c, 0x00, 0x68, 0x00, 0x48,
  0xff, 0xbc, 0x00, 0x68, 0x00, 0x4b, 0xff, 0x65, 0x00, 0x68, 0x00, 0x50,
  0xff, 0xbc, 0x00, 0x68, 0x00, 0x52, 0xff, 0xbc, 0x00, 0x68, 0x00, 0x55,
  0xff, 0x8c, 0x00, 0x68, 0x00, 0x56, 0xff, 0xbf, 0x00, 0x68, 0x00, 0x57,
  0xff, 0x39, 0x00, 0x68, 0x00, 0x58, 0xff, 0x63, 0x00, 0x68, 0x00, 0x5a,
  0xff, 0x89, 0x00, 0x68, 0x00, 0x6d, 0xff, 0x8f, 0x00, 0x68, 0x00, 0x77,
  0xff, 0x8f, 0x00, 0x68, 0x00, 0x78, 0xff, 0x8f, 0x00, 0x68, 0x00, 0x7b,
  0xff, 0x8f, 0x00, 0x68, 0x00, 0x7d, 0xff, 0xae, 0x00, 0x68, 0x00, 0x7e,
  0xff, 0xae, 0x00, 0x68, 0x00, 0x80, 0xff, 0xae, 0x00, 0x68, 0x00, 0x81,
  0xff, 0x19, 0x00, 0x68, 0x00, 0x83, 0xff, 0xb7, 0x00, 0x68, 0x00, 0x84,
  0xff, 0xb7, 0x00, 0x68, 0x00, 0x85, 0xff, 0xb7, 0x00, 0x68, 0x00, 0x86,
  0xff, 0xb7, 0x00, 0x68, 0x00, 0x87, 0xff, 0xb7, 0x00, 0x68, 0x00, 0x88,
  0xff, 0xb7, 0x00, 0x68, 0x00, 0x89, 0xff, 0xbc, 0x00, 0x68, 0x00, 0x8a,
  0xff, 0xbc, 0x00, 0x68, 0x00, 0x8b, 0xff, 0xbc, 0x00, 0x68, 0x00, 0x8c,
  0xff, 0xbc, 0x00, 0x68, 0x00, 0x8d, 0xff, 0xbc, 0x00, 0x68, 0x00, 0x8e,
  0xff, 0xbc, 0x00, 0x68, 0x00, 0x94, 0xff, 0xbc, 0x00, 0x68, 0x00, 0x95,
  0xff, 0xbc, 0x00, 0x68, 0x00, 0x96, 0xff, 0xbc, 0x00, 0x68, 0x00, 0x98,
  0xff, 0xbc, 0x00, 0x68, 0x00, 0x9b, 0xff, 0xbf, 0x00, 0x68, 0x00, 0x9c,
  0xff, 0xbf, 0x00, 0x68, 0x00, 0x9d, 0xff, 0xbf, 0x00, 0x68, 0x00, 0x9e,
  0xff, 0xbf, 0x00, 0x68, 0x00, 0x9f, 0xff, 0x89, 0x00, 0x68, 0x00, 0xa0,
  0xff, 0x89, 0x00, 0x68, 0x00, 0xa1, 0xff, 0x8f, 0x00, 0x68, 0x00, 0xa2,
  0xff, 0xbc, 0x00, 0x69, 0x00, 0x24, 0xff, 0x8f, 0x00, 0x69, 0x00, 0x28,
  0xff, 0x8f, 0x00, 0x69, 0x00, 0x30, 0xff, 0x8f, 0x00, 0x69, 0x00, 0x32,
  0xff, 0x8f, 0x00, 0x69, 0x00, 0x35, 0xff, 0x3c, 0x00, 0x69, 0x00, 0x36,
  0xff, 0xae, 0x00, 0x69, 0x00, 0x37, 0xfe, 0xe8, 0x00, 0x69, 0x00, 0x38,
  0xff, 0x97, 0x00, 0x69, 0x00, 0x3a, 0xff, 0x19, 0x00, 0x69, 0x00, 0x42,
  0xff, 0xb7, 0x00, 0x69, 0x00, 0x44, 0xff, 0xbc, 0x00, 0x69, 0x00, 0x45,
  0xff, 0xbc, 0x00, 0x69, 0x00, 0x46, 0xff, 0xbc, 0x00, 0x69, 0x00, 0x47,
  0xff, 0x9c, 0x00, 0x69, 0x00, 0x48, 0xff, 0xbc, 0x00, 0x69, 0x00, 0x4b,
  0xff, 0x65, 0x00, 0x69, 0x00, 0x50, 0xff, 0xbc, 0x00, 0x69, 0x00, 0x52,
  0xff, 0xbc, 0x00, 0x69, 0x00, 0x55, 0xff, 0x8c, 0x00, 0x69, 0x00, 0x56,
  0xff, 0xbf, 0x00, 0x69, 0x00, 0x57, 0xff, 0x39, 0x00, 0x69, 0x00, 0x58,
  0xff, 0x63, 0x00, 0x69, 0x00, 0x5a, 0xff, 0x89, 0x00, 0x69, 0x00, 0x6d,
  0xff, 0x8f, 0x00, 0x69, 0x00, 0x77, 0xff, 0x8f, 0x00, 0x69, 0x00, 0x78,
  0xff, 0x8f, 0x00, 0x69, 0x00, 0x7b, 0xff, 0x8f, 0x00, 0x69, 0x00, 0x7d,
  0xff, 0xae, 0x00, 0x69, 0x00, 0x7e, 0xff, 0xae, 0x00, 0x69, 0x00, 0x80,
  0xff, 0xae, 0x00, 0x69, 0x00, 0x81, 0xff, 0x19, 0x00, 0x69, 0x00, 0x83,
  0xff, 0xb7, 0x00, 0x69, 0x00, 0x84, 0xff, 0xb7, 0x00, 0x69, 0x00, 0x85,
  0xff, 0xb7, 0x00, 0x69, 0x00, 0x86, 0xff, 0xb7, 0x00, 0x69, 0x00, 0x87,
  0xff, 0xb7, 0x00, 0x69, 0x00, 0x88, 0xff, 0xb7, 0x00, 0x69, 0x00, 0x89,
  0xff, 0xbc, 0x00, 0x69, 0x00, 0x8a, 0xff, 0xbc, 0x00, 0x69, 0x00, 0x8b,
  0xff, 0xbc, 0x00, 0x69, 0x00, 0x8c, 0xff, 0xbc, 0x00, 0x69, 0x00, 0x8d,
  0xff, 0xbc, 0x00, 0x69, 0x00, 0x8e, 0xff, 0xbc, 0x00, 0x69, 0x00, 0x94,
  0xff, 0xbc, 0x00, 0x69, 0x00, 0x95, 0xff, 0xbc, 0x00, 0x69, 0x00, 0x96,
  0xff, 0xbc, 0x00, 0x69, 0x00, 0x98, 0xff, 0xbc, 0x00, 0x69, 0x00, 0x9b,
  0xff, 0xbf, 0x00, 0x69, 0x00, 0x9c, 0xff, 0xbf, 0x00, 0x69, 0x00, 0x9d,
  0xff, 0xbf, 0x00, 0x69, 0x00, 0x9e, 0xff, 0xbf, 0x00, 0x69, 0x00, 0x9f,
  0xff, 0x89, 0x00, 0x69, 0x00, 0xa0, 0xff, 0x89, 0x00, 0x69, 0x00, 0xa1,
  0xff, 0x8f, 0x00, 0x69, 0x00, 0xa2, 0xff, 0xbc, 0x00, 0x6a, 0x00, 0x24,
  0xff, 0x8f, 0x00, 0x6a, 0x00, 0x28, 0xff, 0x8f, 0x00, 0x6a, 0x00, 0x30,
  0xff, 0x8f, 0x00, 0x6a, 0x00, 0x32, 0xff, 0x8f, 0x00, 0x6a, 0x00, 0x35,
  0xff, 0x3c, 0x00, 0x6a, 0x00, 0x36, 0xff, 0xae, 0x00, 0x6a, 0x00, 0x37,
  0xfe, 0xe8, 0x00, 0x6a, 0x00, 0x38, 0xff, 0x97, 0x00, 0x6a, 0x00, 0x3a,
  0xff, 0x19, 0x00, 0x6a, 0x00, 0x42, 0xff, 0xb7, 0x00, 0x6a, 0x00, 0x44,
  0xff, 0xbc, 0x00, 0x6a, 0x00, 0x45, 0xff, 0xbc, 0x00, 0x6a, 0x00, 0x46,
  0xff, 0xbc, 0x00, 0x6a, 0x00, 0x47, 0xff, 0x9c, 0x00, 0x6a, 0x00, 0x48,
  0xff, 0xbc, 0x00, 0x6a, 0x00, 0x4b, 0xff, 0x65, 0x00, 0x6a, 0x00, 0x50,
  0xff, 0xbc, 0x00, 0x6a, 0x00, 0x52, 0xff, 0xbc, 0x00, 0x6a, 0x00, 0x55,
  0xff, 0x8c, 0x00, 0x6a, 0x00, 0x56, 0xff, 0xbf, 0x00, 0x6a, 0x00, 0x57,
  0xff, 0x39, 0x00, 0x6a, 0x00, 0x58, 0xff, 0x63, 0x00, 0x6a, 0x00, 0x5a,
  0xff, 0x89, 0x00, 0x6a, 0x00, 0x6d, 0xff, 0x8f, 0x00, 0x6a, 0x00, 0x77,
  0xff, 0x8f, 0x00, 0x6a, 0x00, 0x78, 0xff, 0x8f, 0x00, 0x6a, 0x00, 0x7b,
  0xff, 0x8f, 0x00, 0x6a, 0x00, 0x7d, 0xff, 0xae, 0x00, 0x6a, 0x00, 0x7e,
  0xff, 0xae, 0x00, 0x6a, 0x00, 0x80, 0xff, 0xae, 0x00, 0x6a, 0x00, 0x81,
  0xff, 0x19, 0x00, 0x6a, 0x00, 0x83, 0xff, 0xb7, 0x00, 0x6a, 0x00, 0x84,
  0xff, 0xb7, 0x00, 0x6a, 0x00, 0x85, 0xff, 0xb7, 0x00, 0x6a, 0x00, 0x86,
  0xff, 0xb7, 0x00, 0x6a, 0x00, 0x87, 0xff, 0xb7, 0x00, 0x6a, 0x00, 0x88,
  0xff, 0xb7, 0x00, 0x6a, 0x00, 0x89, 0xff, 0xbc, 0x00, 0x6a, 0x00, 0x8a,
  0xff, 0xbc, 0x00, 0x6a, 0x00, 0x8b, 0xff, 0xbc, 0x00, 0x6a, 0x00, 0x8c,
  0xff, 0xbc, 0x00, 0x6a, 0x00, 0x8d, 0xff, 0xbc, 0x00, 0x6a, 0x00, 0x8e,
  0xff, 0xbc, 0x00, 0x6a, 0x00, 0x94, 0xff, 0xbc, 0x00, 0x6a, 0x00, 0x95,
  0xff, 0xbc, 0x00, 0x6a, 0x00, 0x96, 0xff, 0xbc, 0x00, 0x6a, 0x00, 0x98,
  0xff, 0xbc, 0x00, 0x6a, 0x00, 0x9b, 0xff, 0xbf, 0x00, 0x6a, 0x00, 0x9c,
  0xff, 0xbf, 0x00, 0x6a, 0x00, 0x9d, 0xff, 0xbf, 0x00, 0x6a, 0x00, 0x9e,
  0xff, 0xbf, 0x00, 0x6a, 0x00, 0x9f, 0xff, 0x89, 0x00, 0x6a, 0x00, 0xa0,
  0xff, 0x89, 0x00, 0x6a, 0x00, 0xa1, 0xff, 0x8f, 0x00, 0x6a, 0x00, 0xa2,
  0xff, 0xbc, 0x00, 0x6b, 0x00, 0x24, 0xff, 0x8f, 0x00, 0x6b, 0x00, 0x28,
  0xff, 0x8f, 0x00, 0x6b, 0x00, 0x30, 0xff, 0x8f, 0x00, 0x6b, 0x00, 0x32,
  0xff, 0x8f, 0x00, 0x6b, 0x00, 0x35, 0xff, 0x3c, 0x00, 0x6b, 0x00, 0x36,
  0xff, 0xae, 0x00, 0x6b, 0x00, 0x37, 0xfe, 0xe8, 0x00, 0x6b, 0x00, 0x38,
  0xff, 0x97, 0x00, 0x6b, 0x00, 0x3a, 0xff, 0x19, 0x00, 0x6b, 0x00, 0x42,
  0xff, 0xb7, 0x00, 0x6b, 0x00, 0x44, 0xff, 0xbc, 0x00, 0x6b, 0x00, 0x45,
  0xff, 0xbc, 0x00, 0x6b, 0x00, 0x46, 0xff, 0xbc, 0x00, 0x6b, 0x00, 0x47,
  0xff, 0x9c, 0x00, 0x6b, 0x00, 0x48, 0xff, 0xbc, 0x00, 0x6b, 0x00, 0x4b,
  0xff, 0x65, 0x00, 0x6b, 0x00, 0x50, 0xff, 0xbc, 0x00, 0x6b, 0x00, 0x52,
  0xff, 0xbc, 0x00, 0x6b, 0x00, 0x55, 0xff, 0x8c, 0x00, 0x6b, 0x00, 0x56,
  0xff, 0xbf, 0x00, 0x6b, 0x00, 0x57, 0xff, 0x39, 0x00, 0x6b, 0x00, 0x58,
  0xff, 0x63, 0x00, 0x6b, 0x00, 0x5a, 0xff, 0x89, 0x00, 0x6b, 0x00, 0x6d,
  0xff, 0x8f, 0x00, 0x6b, 0x00, 0x77, 0xff, 0x8f, 0x00, 0x6b, 0x00, 0x78,
  0xff, 0x8f, 0x00, 0x6b, 0x00, 0x7b, 0xff, 0x8f, 0x00, 0x6b, 0x00, 0x7d,
  0xff, 0xae, 0x00, 0x6b, 0x00, 0x7e, 0xff, 0xae, 0x00, 0x6b, 0x00, 0x80,
  0xff, 0xae, 0x00, 0x6b, 0x00, 0x81, 0xff, 0x19, 0x00, 0x6b, 0x00, 0x83,
  0xff, 0xb7, 0x00, 0x6b, 0x00, 0x84, 0xff, 0xb7, 0x00, 0x6b, 0x00, 0x85,
  0xff, 0xb7, 0x00, 0x6b, 0x00, 0x86, 0xff, 0xb7, 0x00, 0x6b, 0x00, 0x87,
  0xff, 0xb7, 0x00, 0x6b, 0x00, 0x88, 0xff, 0xb7, 0x00, 0x6b, 0x00, 0x89,
  0xff, 0xbc, 0x00, 0x6b, 0x00, 0x8a, 0xff, 0xbc, 0x00, 0x6b, 0x00, 0x8b,
  0xff, 0xbc, 0x00, 0x6b, 0x00, 0x8c, 0xff, 0xbc, 0x00, 0x6b, 0x00, 0x8d,
  0xff, 0xbc, 0x00, 0x6b, 0x00, 0x8e, 0xff, 0xbc, 0x00, 0x6b, 0x00, 0x94,
  0xff, 0xbc, 0x00, 0x6b, 0x00, 0x95, 0xff, 0xbc, 0x00, 0x6b, 0x00, 0x96,
  0xff, 0xbc, 0x00, 0x6b, 0x00, 0x98, 0xff, 0xbc, 0x00, 0x6b, 0x00, 0x9b,
  0xff, 0xbf, 0x00, 0x6b, 0x00, 0x9c, 0xff, 0xbf, 0x00, 0x6b, 0x00, 0x9d,
  0xff, 0xbf, 0x00, 0x6b, 0x00, 0x9e, 0xff, 0xbf, 0x00, 0x6b, 0x00, 0x9f,
  0xff, 0x89, 0x00, 0x6b, 0x00, 0xa0, 0xff, 0x89, 0x00, 0x6b, 0x00, 0xa1,
  0xff, 0x8f, 0x00, 0x6b, 0x00, 0xa2, 0xff, 0xbc, 0x00, 0x6c, 0x00, 0x24,
  0xff, 0x8f, 0x00, 0x6c, 0x00, 0x28, 0xff, 0x8f, 0x00, 0x6c, 0x00, 0x30,
  0xff, 0x8f, 0x00, 0x6c, 0x00, 0x32, 0xff, 0x8f, 0x00, 0x6c, 0x00, 0x35,
  0xff, 0x3c, 0x00, 0x6c, 0x00, 0x36, 0xff, 0xae, 0x00, 0x6c, 0x00, 0x37,
  0xfe, 0xe8, 0x00, 0x6c, 0x00, 0x38, 0xff, 0x97, 0x00, 0x6c, 0x00, 0x3a,
  0xff, 0x19, 0x00, 0x6c, 0x00, 0x42, 0xff, 0xb7, 0x00, 0x6c, 0x00, 0x44,
  0xff, 0xbc, 0x00, 0x6c, 0x00, 0x45, 0xff, 0xbc, 0x00, 0x6c, 0x00, 0x46,
  0xff, 0xbc, 0x00, 0x6c, 0x00, 0x47, 0xff, 0x9c, 0x00, 0x6c, 0x00, 0x48,
  0xff, 0xbc, 0x00, 0x6c, 0x00, 0x4b, 0xff, 0x65, 0x00, 0x6c, 0x00, 0x50,
  0xff, 0xbc, 0x00, 0x6c, 0x00, 0x52, 0xff, 0xbc, 0x00, 0x6c, 0x00, 0x55,
  0xff, 0x8c, 0x00, 0x6c, 0x00, 0x56, 0xff, 0xbf, 0x00, 0x6c, 0x00, 0x57,
  0xff, 0x39, 0x00, 0x6c, 0x00, 0x58, 0xff, 0x63, 0x00, 0x6c, 0x00, 0x5a,
  0xff, 0x89, 0x00, 0x6c, 0x00, 0x6d, 0xff, 0x8f, 0x00, 0x6c, 0x00, 0x77,
  0xff, 0x8f, 0x00, 0x6c, 0x00, 0x78, 0xff, 0x8f, 0x00, 0x6c, 0x00, 0x7b,
  0xff, 0x8f, 0x00, 0x6c, 0x00, 0x7d, 0xff, 0xae, 0x00, 0x6c, 0x00, 0x7e,
  0xff, 0xae, 0x00, 0x6c, 0x00, 0x80, 0xff, 0xae, 0x00, 0x6c, 0x00, 0x81,
  0xff, 0x19, 0x00, 0x6c, 0x00, 0x83, 0xff, 0xb7, 0x00, 0x6c, 0x00, 0x84,
  0xff, 0xb7, 0x00, 0x6c, 0x00, 0x85, 0xff, 0xb7, 0x00, 0x6c, 0x00, 0x86,
  0xff, 0xb7, 0x00, 0x6c, 0x00, 0x87, 0xff, 0xb7, 0x00, 0x6c, 0x00, 0x88,
  0xff, 0xb7, 0x00, 0x6c, 0x00, 0x89, 0xff, 0xbc, 0x00, 0x6c, 0x00, 0x8a,
  0xff, 0xbc, 0x00, 0x6c, 0x00, 0x8b, 0xff, 0xbc, 0x00, 0x6c, 0x00, 0x8c,
  0xff, 0xbc, 0x00, 0x6c, 0x00, 0x8d, 0xff, 0xbc, 0x00, 0x6c, 0x00, 0x8e,
  0xff, 0xbc, 0x00, 0x6c, 0x00, 0x94, 0xff, 0xbc, 0x00, 0x6c, 0x00, 0x95,
  0xff, 0xbc, 0x00, 0x6c, 0x00, 0x96, 0xff, 0xbc, 0x00, 0x6c, 0x00, 0x98,
  0xff, 0xbc, 0x00, 0x6c, 0x00, 0x9b, 0xff, 0xbf, 0x00, 0x6c, 0x00, 0x9c,
  0xff, 0xbf, 0x00, 0x6c, 0x00, 0x9d, 0xff, 0xbf, 0x00, 0x6c, 0x00, 0x9e,
  0xff, 0xbf, 0x00, 0x6c, 0x00, 0x9f, 0xff, 0x89, 0x00, 0x6c, 0x00, 0xa0,
  0xff, 0x89, 0x00, 0x6c, 0x00, 0xa1, 0xff, 0x8f, 0x00, 0x6c, 0x00, 0xa2,
  0xff, 0xbc, 0x00, 0x6d, 0x00, 0x22, 0xff, 0xd5, 0x00, 0x6d, 0x00, 0x24,
  0xff, 0xb2, 0x00, 0x6d, 0x00, 0x28, 0xff, 0xb2, 0x00, 0x6d, 0x00, 0x30,
  0xff, 0xb2, 0x00, 0x6d, 0x00, 0x32, 0xff, 0xb2, 0x00, 0x6d, 0x00, 0x37,
  0xff, 0xcc, 0x00, 0x6d, 0x00, 0x38, 0xff, 0xe9, 0x00, 0x6d, 0x00, 0x39,
  0xff, 0xf0, 0x00, 0x6d, 0x00, 0x3a, 0xff, 0xf4, 0x00, 0x6d, 0x00, 0x42,
  0xff, 0xe0, 0x00, 0x6d, 0x00, 0x44, 0xff, 0xe4, 0x00, 0x6d, 0x00, 0x45,
  0xff, 0xe4, 0x00, 0x6d, 0x00, 0x46, 0xff, 0xe4, 0x00, 0x6d, 0x00, 0x47,
  0xff, 0x8a, 0x00, 0x6d, 0x00, 0x48, 0xff, 0xe4, 0x00, 0x6d, 0x00, 0x4b,
  0xff, 0x27, 0x00, 0x6d, 0x00, 0x50, 0xff, 0xe4, 0x00, 0x6d, 0x00, 0x52,
  0xff, 0xe4, 0x00, 0x6d, 0x00, 0x54, 0xff, 0xe6, 0x00, 0x6d, 0x00, 0x55,
  0xff, 0x88, 0x00, 0x6d, 0x00, 0x56, 0xff, 0xf8, 0x00, 0x6d, 0x00, 0x57,
  0xff, 0x7d, 0x00, 0x6d, 0x00, 0x58, 0xff, 0x8a, 0x00, 0x6d, 0x00, 0x59,
  0xff, 0xf2, 0x00, 0x6d, 0x00, 0x5a, 0xff, 0xb3, 0x00, 0x6d, 0x00, 0x5b,
  0xff, 0xc2, 0x00, 0x6d, 0x00, 0x66, 0xff, 0xd5, 0x00, 0x6d, 0x00, 0x67,
  0xff, 0xd5, 0x00, 0x6d, 0x00, 0x68, 0xff, 0xd5, 0x00, 0x6d, 0x00, 0x69,
  0xff, 0xd5, 0x00, 0x6d, 0x00, 0x6a, 0xff, 0xd5, 0x00, 0x6d, 0x00, 0x6b,
  0xff, 0xd5, 0x00, 0x6d, 0x00, 0x6c, 0xff, 0xd5, 0x00, 0x6d, 0x00, 0x6d,
  0xff, 0xb2, 0x00, 0x6d, 0x00, 0x77, 0xff, 0xb2, 0x00, 0x6d, 0x00, 0x78,
  0xff, 0xb2, 0x00, 0x6d, 0x00, 0x7b, 0xff, 0xb2, 0x00, 0x6d, 0x00, 0x81,
  0xff, 0xf4, 0x00, 0x6d, 0x00, 0x83, 0xff, 0xe0, 0x00, 0x6d, 0x00, 0x84,
  0xff, 0xe0, 0x00, 0x6d, 0x00, 0x85, 0xff, 0xe0, 0x00, 0x6d, 0x00, 0x86,
  0xff, 0xe0, 0x00, 0x6d, 0x00, 0x87, 0xff, 0xe0, 0x00, 0x6d, 0x00, 0x88,
  0xff, 0xe0, 0x00, 0x6d, 0x00, 0x89, 0xff, 0xe4, 0x00, 0x6d, 0x00, 0x8a,
  0xff, 0xe4, 0x00, 0x6d, 0x00, 0x8b, 0xff, 0xe4, 0x00, 0x6d, 0x00, 0x8c,
  0xff, 0xe4, 0x00, 0x6d, 0x00, 0x8d, 0xff, 0xe4, 0x00, 0x6d, 0x00, 0x8e,
  0xff, 0xe4, 0x00, 0x6d, 0x00, 0x94, 0xff, 0xe4, 0x00, 0x6d, 0x00, 0x95,
  0xff, 0xe4, 0x00, 0x6d, 0x00, 0x96, 0xff, 0xe4, 0x00, 0x6d, 0x00, 0x98,
  0xff, 0xe4, 0x00, 0x6d, 0x00, 0x9b, 0xff, 0xf8, 0x00, 0x6d, 0x00, 0x9c,
  0xff, 0xf8, 0x00, 0x6d, 0x00, 0x9d, 0xff, 0xf8, 0x00, 0x6d, 0x00, 0x9e,
  0xff, 0xf8, 0x00, 0x6d, 0x00, 0x9f, 0xff, 0xb3, 0x00, 0x6d, 0x00, 0xa0,
  0xff, 0xb3, 0x00, 0x6d, 0x00, 0xa1, 0xff, 0xb2, 0x00, 0x6d, 0x00, 0xa2,
  0xff, 0xe4, 0x00, 0x6e, 0x00, 0x24, 0xff, 0xd7, 0x00, 0x6e, 0x00, 0x28,
  0xff, 0xd7, 0x00, 0x6e, 0x00, 0x30, 0xff, 0xd7, 0x00, 0x6e, 0x00, 0x32,
  0xff, 0xd7, 0x00, 0x6e, 0x00, 0x42, 0xff, 0xed, 0x00, 0x6e, 0x00, 0x44,
  0xff, 0xed, 0x00, 0x6e, 0x00, 0x45, 0xff, 0xed, 0x00, 0x6e, 0x00, 0x46,
  0xff, 0xed, 0x00, 0x6e, 0x00, 0x47, 0xff, 0xdd, 0x00, 0x6e, 0x00, 0x48,
  0xff, 0xed, 0x00, 0x6e, 0x00, 0x4b, 0xff, 0x58, 0x00, 0x6e, 0x00, 0x50,
  0xff, 0xed, 0x00, 0x6e, 0x00, 0x52, 0xff, 0xed, 0x00, 0x6e, 0x00, 0x55,
  0xff, 0xdd, 0x00, 0x6e, 0x00, 0x57, 0xff, 0xd5, 0x00, 0x6e, 0x00, 0x58,
  0xff, 0xd4, 0x00, 0x6e, 0x00, 0x5a, 0xff, 0xd4, 0x00, 0x6e, 0x00, 0x6d,
  0xff, 0xd7, 0x00, 0x6e, 0x00, 0x77, 0xff, 0xd7, 0x00, 0x6e, 0x00, 0x78,
  0xff, 0xd7, 0x00, 0x6e, 0x00, 0x7b, 0xff, 0xd7, 0x00, 0x6e, 0x00, 0x83,
  0xff, 0xed, 0x00, 0x6e, 0x00, 0x84, 0xff, 0xed, 0x00, 0x6e, 0x00, 0x85,
  0xff, 0xed, 0x00, 0x6e, 0x00, 0x86, 0xff, 0xed, 0x00, 0x6e, 0x00, 0x87,
  0xff, 0xed, 0x00, 0x6e, 0x00, 0x88, 0xff, 0xed, 0x00, 0x6e, 0x00, 0x89,
  0xff, 0xed, 0x00, 0x6e, 0x00, 0x8a, 0xff, 0xed, 0x00, 0x6e, 0x00, 0x8b,
  0xff, 0xed, 0x00, 0x6e, 0x00, 0x8c, 0xff, 0xed, 0x00, 0x6e, 0x00, 0x8d,
  0xff, 0xed, 0x00, 0x6e, 0x00, 0x8e, 0xff, 0xed, 0x00, 0x6e, 0x00, 0x94,
  0xff, 0xed, 0x00, 0x6e, 0x00, 0x95, 0xff, 0xed, 0x00, 0x6e, 0x00, 0x96,
  0xff, 0xed, 0x00, 0x6e, 0x00, 0x98, 0xff, 0xed, 0x00, 0x6e, 0x00, 0x9f,
  0xff, 0xd4, 0x00, 0x6e, 0x00, 0xa0, 0xff, 0xd4, 0x00, 0x6e, 0x00, 0xa1,
  0xff, 0xd7, 0x00, 0x6e, 0x00, 0xa2, 0xff, 0xed, 0x00, 0x6f, 0x00, 0x24,
  0xff, 0xd7, 0x00, 0x6f, 0x00, 0x28, 0xff, 0xd7, 0x00, 0x6f, 0x00, 0x30,
  0xff, 0xd7, 0x00, 0x6f, 0x00, 0x32, 0xff, 0xd7, 0x00, 0x6f, 0x00, 0x42,
  0xff, 0xed, 0x00, 0x6f, 0x00, 0x44, 0xff, 0xed, 0x00, 0x6f, 0x00, 0x45,
  0xff, 0xed, 0x00, 0x6f, 0x00, 0x46, 0xff, 0xed, 0x00, 0x6f, 0x00, 0x47,
  0xff, 0xdd, 0x00, 0x6f, 0x00, 0x48, 0xff, 0xed, 0x00, 0x6f, 0x00, 0x4b,
  0xff, 0x58, 0x00, 0x6f, 0x00, 0x50, 0xff, 0xed, 0x00, 0x6f, 0x00, 0x52,
  0xff, 0xed, 0x00, 0x6f, 0x00, 0x55, 0xff, 0xdd, 0x00, 0x6f, 0x00, 0x57,
  0xff, 0xd5, 0x00, 0x6f, 0x00, 0x58, 0xff, 0xd4, 0x00, 0x6f, 0x00, 0x5a,
  0xff, 0xd4, 0x00, 0x6f, 0x00, 0x6d, 0xff, 0xd7, 0x00, 0x6f, 0x00, 0x77,
  0xff, 0xd7, 0x00, 0x6f, 0x00, 0x78, 0xff, 0xd7, 0x00, 0x6f, 0x00, 0x7b,
  0xff, 0xd7, 0x00, 0x6f, 0x00, 0x83, 0xff, 0xed, 0x00, 0x6f, 0x00, 0x84,
  0xff, 0xed, 0x00, 0x6f, 0x00, 0x85, 0xff, 0xed, 0x00, 0x6f, 0x00, 0x86,
  0xff, 0xed, 0x00, 0x6f, 0x00, 0x87, 0xff, 0xed, 0x00, 0x6f, 0x00, 0x88,
  0xff, 0xed, 0x00, 0x6f, 0x00, 0x89, 0xff, 0xed, 0x00, 0x6f, 0x00, 0x8a,
  0xff, 0xed, 0x00, 0x6f, 0x00, 0x8b, 0xff, 0xed, 0x00, 0x6f, 0x00, 0x8c,
  0xff, 0xed, 0x00, 0x6f, 0x00, 0x8d, 0xff, 0xed, 0x00, 0x6f, 0x00, 0x8e,
  0xff, 0xed, 0x00, 0x6f, 0x00, 0x94, 0xff, 0xed, 0x00, 0x6f, 0x00, 0x95,
  0xff, 0xed, 0x00, 0x6f, 0x00, 0x96, 0xff, 0xed, 0x00, 0x6f, 0x00, 0x98,
  0xff, 0xed, 0x00, 0x6f, 0x00, 0x9f, 0xff, 0xd4, 0x00, 0x6f, 0x00, 0xa0,
  0xff, 0xd4, 0x00, 0x6f, 0x00, 0xa1, 0xff, 0xd7, 0x00, 0x6f, 0x00, 0xa2,
  0xff, 0xed, 0x00, 0x70, 0x00, 0x24, 0xff, 0xd7, 0x00, 0x70, 0x00, 0x28,
  0xff, 0xd7, 0x00, 0x70, 0x00, 0x30, 0xff, 0xd7, 0x00, 0x70, 0x00, 0x32,
  0xff, 0xd7, 0x00, 0x70, 0x00, 0x42, 0xff, 0xed, 0x00, 0x70, 0x00, 0x44,
  0xff, 0xed, 0x00, 0x70, 0x00, 0x45, 0xff, 0xed, 0x00, 0x70, 0x00, 0x46,
  0xff, 0xed, 0x00, 0x70, 0x00, 0x47, 0xff, 0xdd, 0x00, 0x70, 0x00, 0x48,
  0xff, 0xed, 0x00, 0x70, 0x00, 0x4b, 0xff, 0x58, 0x00, 0x70, 0x00, 0x50,
  0xff, 0xed, 0x00, 0x70, 0x00, 0x52, 0xff, 0xed, 0x00, 0x70, 0x00, 0x55,
  0xff, 0xdd, 0x00, 0x70, 0x00, 0x57, 0xff, 0xd5, 0x00, 0x70, 0x00, 0x58,
  0xff, 0xd4, 0x00, 0x70, 0x00, 0x5a, 0xff, 0xd4, 0x00, 0x70, 0x00, 0x6d,
  0xff, 0xd7, 0x00, 0x70, 0x00, 0x77, 0xff, 0xd7, 0x00, 0x70, 0x00, 0x78,
  0xff, 0xd7, 0x00, 0x70, 0x00, 0x7b, 0xff, 0xd7, 0x00, 0x70, 0x00, 0x83,
  0xff, 0xed, 0x00, 0x70, 0x00, 0x84, 0xff, 0xed, 0x00, 0x70, 0x00, 0x85,
  0xff, 0xed, 0x00, 0x70, 0x00, 0x86, 0xff, 0xed, 0x00, 0x70, 0x00, 0x87,
  0xff, 0xed, 0x00, 0x70, 0x00, 0x88, 0xff, 0xed, 0x00, 0x70, 0x00, 0x89,
  0xff, 0xed, 0x00, 0x70, 0x00, 0x8a, 0xff, 0xed, 0x00, 0x70, 0x00, 0x8b,
  0xff, 0xed, 0x00, 0x70, 0x00, 0x8c, 0xff, 0xed, 0x00, 0x70, 0x00, 0x8d,
  0xff, 0xed, 0x00, 0x70, 0x00, 0x8e, 0xff, 0xed, 0x00, 0x70, 0x00, 0x94,
  0xff, 0xed, 0x00, 0x70, 0x00, 0x95, 0xff, 0xed, 0x00, 0x70, 0x00, 0x96,
  0xff, 0xed, 0x00, 0x70, 0x00, 0x98, 0xff, 0xed, 0x00, 0x70, 0x00, 0x9f,
  0xff, 0xd4, 0x00, 0x70, 0x00, 0xa0, 0xff, 0xd4, 0x00, 0x70, 0x00, 0xa1,
  0xff, 0xd7, 0x00, 0x70, 0x00, 0xa2, 0xff, 0xed, 0x00, 0x71, 0x00, 0x24,
  0xff, 0xd7, 0x00, 0x71, 0x00, 0x28, 0xff, 0xd7, 0x00, 0x71, 0x00, 0x30,
  0xff, 0xd7, 0x00, 0x71, 0x00, 0x32, 0xff, 0xd7, 0x00, 0x71, 0x00, 0x42,
  0xff, 0xed, 0x00, 0x71, 0x00, 0x44, 0xff, 0xed, 0x00, 0x71, 0x00, 0x45,
  0xff, 0xed, 0x00, 0x71, 0x00, 0x46, 0xff, 0xed, 0x00, 0x71, 0x00, 0x47,
  0xff, 0xdd, 0x00, 0x71, 0x00, 0x48, 0xff, 0xed, 0x00, 0x71, 0x00, 0x4b,
  0xff, 0x58, 0x00, 0x71, 0x00, 0x50, 0xff, 0xed, 0x00, 0x71, 0x00, 0x52,
  0xff, 0xed, 0x00, 0x71, 0x00, 0x55, 0xff, 0xdd, 0x00, 0x71, 0x00, 0x57,
  0xff, 0xd5, 0x00, 0x71, 0x00, 0x58, 0xff, 0xd4, 0x00, 0x71, 0x00, 0x5a,
  0xff, 0xd4, 0x00, 0x71, 0x00, 0x6d, 0xff, 0xd7, 0x00, 0x71, 0x00, 0x77,
  0xff, 0xd7, 0x00, 0x71, 0x00, 0x78, 0xff, 0xd7, 0x00, 0x71, 0x00, 0x7b,
  0xff, 0xd7, 0x00, 0x71, 0x00, 0x83, 0xff, 0xed, 0x00, 0x71, 0x00, 0x84,
  0xff, 0xed, 0x00, 0x71, 0x00, 0x85, 0xff, 0xed, 0x00, 0x71, 0x00, 0x86,
  0xff, 0xed, 0x00, 0x71, 0x00, 0x87, 0xff, 0xed, 0x00, 0x71, 0x00, 0x88,
  0xff, 0xed, 0x00, 0x71, 0x00, 0x89, 0xff, 0xed, 0x00, 0x71, 0x00, 0x8a,
  0xff, 0xed, 0x00, 0x71, 0x00, 0x8b, 0xff, 0xed, 0x00, 0x71, 0x00, 0x8c,
  0xff, 0xed, 0x00, 0x71, 0x00, 0x8d, 0xff, 0xed, 0x00, 0x71, 0x00, 0x8e,
  0xff, 0xed, 0x00, 0x71, 0x00, 0x94, 0xff, 0xed, 0x00, 0x71, 0x00, 0x95,
  0xff, 0xed, 0x00, 0x71, 0x00, 0x96, 0xff, 0xed, 0x00, 0x71, 0x00, 0x98,
  0xff, 0xed, 0x00, 0x71, 0x00, 0x9f, 0xff, 0xd4, 0x00, 0x71, 0x00, 0xa0,
  0xff, 0xd4, 0x00, 0x71, 0x00, 0xa1, 0xff, 0xd7, 0x00, 0x71, 0x00, 0xa2,
  0xff, 0xed, 0x00, 0x77, 0x00, 0x22, 0xff, 0x8c, 0x00, 0x77, 0x00, 0x2b,
  0xff, 0xc8, 0x00, 0x77, 0x00, 0x34, 0xff, 0xe7, 0x00, 0x77, 0x00, 0x35,
  0xff, 0xb9, 0x00, 0x77, 0x00, 0x37, 0xff, 0x86, 0x00, 0x77, 0x00, 0x38,
  0xff, 0xcf, 0x00, 0x77, 0x00, 0x39, 0xff, 0xc1, 0x00, 0x77, 0x00, 0x3a,
  0xff, 0xc1, 0x00, 0x77, 0x00, 0x3b, 0xff, 0xbf, 0x00, 0x77, 0x00, 0x4b,
  0xff, 0x24, 0x00, 0x77, 0x00, 0x66, 0xff, 0x8c, 0x00, 0x77, 0x00, 0x67,
  0xff, 0x8c, 0x00, 0x77, 0x00, 0x68, 0xff, 0x8c, 0x00, 0x77, 0x00, 0x69,
  0xff, 0x8c, 0x00, 0x77, 0x00, 0x6a, 0xff, 0x8c, 0x00, 0x77, 0x00, 0x6b,
  0xff, 0x8c, 0x00, 0x77, 0x00, 0x6c, 0xff, 0x8c, 0x00, 0x77, 0x00, 0x81,
  0xff, 0xc1, 0x00, 0x78, 0x00, 0x22, 0xff, 0x8c, 0x00, 0x78, 0x00, 0x2b,
  0xff, 0xc8, 0x00, 0x78, 0x00, 0x34, 0xff, 0xe7, 0x00, 0x78, 0x00, 0x35,
  0xff, 0xb9, 0x00, 0x78, 0x00, 0x37, 0xff, 0x86, 0x00, 0x78, 0x00, 0x38,
  0xff, 0xcf, 0x00, 0x78, 0x00, 0x39, 0xff, 0xc1, 0x00, 0x78, 0x00, 0x3a,
  0xff, 0xc1, 0x00, 0x78, 0x00, 0x3b, 0xff, 0xbf, 0x00, 0x78, 0x00, 0x4b,
  0xff, 0x24, 0x00, 0x78, 0x00, 0x66, 0xff, 0x8c, 0x00, 0x78, 0x00, 0x67,
  0xff, 0x8c, 0x00, 0x78, 0x00, 0x68, 0xff, 0x8c, 0x00, 0x78, 0x00, 0x69,
  0xff, 0x8c, 0x00, 0x78, 0x00, 0x6a, 0xff, 0x8c, 0x00, 0x78, 0x00, 0x6b,
  0xff, 0x8c, 0x00, 0x78, 0x00, 0x6c, 0xff, 0x8c, 0x00, 0x78, 0x00, 0x81,
  0xff, 0xc1, 0x00, 0x7b, 0x00, 0x22, 0xff, 0x8c, 0x00, 0x7b, 0x00, 0x2b,
  0xff, 0xc8, 0x00, 0x7b, 0x00, 0x34, 0xff, 0xe7, 0x00, 0x7b, 0x00, 0x35,
  0xff, 0xb9, 0x00, 0x7b, 0x00, 0x37, 0xff, 0x86, 0x00, 0x7b, 0x00, 0x38,
  0xff, 0xcf, 0x00, 0x7b, 0x00, 0x39, 0xff, 0xc1, 0x00, 0x7b, 0x00, 0x3a,
  0xff, 0xc1, 0x00, 0x7b, 0x00, 0x3b, 0xff, 0xbf, 0x00, 0x7b, 0x00, 0x4b,
  0xff, 0x24, 0x00, 0x7b, 0x00, 0x66, 0xff, 0x8c, 0x00, 0x7b, 0x00, 0x67,
  0xff, 0x8c, 0x00, 0x7b, 0x00, 0x68, 0xff, 0x8c, 0x00, 0x7b, 0x00, 0x69,
  0xff, 0x8c, 0x00, 0x7b, 0x00, 0x6a, 0xff, 0x8c, 0x00, 0x7b, 0x00, 0x6b,
  0xff, 0x8c, 0x00, 0x7b, 0x00, 0x6c, 0xff, 0x8c, 0x00, 0x7b, 0x00, 0x81,
  0xff, 0xc1, 0x00, 0x7d, 0x00, 0x22, 0xff, 0xae, 0x00, 0x7d, 0x00, 0x2b,
  0xff, 0xe9, 0x00, 0x7d, 0x00, 0x4b, 0xff, 0x1e, 0x00, 0x7d, 0x00, 0x54,
  0xff, 0xf3, 0x00, 0x7d, 0x00, 0x66, 0xff, 0xae, 0x00, 0x7d, 0x00, 0x67,
  0xff, 0xae, 0x00, 0x7d, 0x00, 0x68, 0xff, 0xae, 0x00, 0x7d, 0x00, 0x69,
  0xff, 0xae, 0x00, 0x7d, 0x00, 0x6a, 0xff, 0xae, 0x00, 0x7d, 0x00, 0x6b,
  0xff, 0xae, 0x00, 0x7d, 0x00, 0x6c, 0xff, 0xae, 0x00, 0x7e, 0x00, 0x22,
  0xff, 0xae, 0x00, 0x7e, 0x00, 0x2b, 0xff, 0xe9, 0x00, 0x7e, 0x00, 0x4b,
  0xff, 0x1e, 0x00, 0x7e, 0x00, 0x54, 0xff, 0xf3, 0x00, 0x7e, 0x00, 0x66,
  0xff, 0xae, 0x00, 0x7e, 0x00, 0x67, 0xff, 0xae, 0x00, 0x7e, 0x00, 0x68,
  0xff, 0xae, 0x00, 0x7e, 0x00, 0x69, 0xff, 0xae, 0x00, 0x7e, 0x00, 0x6a,
  0xff, 0xae, 0x00, 0x7e, 0x00, 0x6b, 0xff, 0xae, 0x00, 0x7e, 0x00, 0x6c,
  0xff, 0xae, 0x00, 0x80, 0x00, 0x22, 0xff, 0xae, 0x00, 0x80, 0x00, 0x2b,
  0xff, 0xe9, 0x00, 0x80, 0x00, 0x4b, 0xff, 0x1e, 0x00, 0x80, 0x00, 0x54,
  0xff, 0xf3, 0x00, 0x80, 0x00, 0x66, 0xff, 0xae, 0x00, 0x80, 0x00, 0x67,
  0xff, 0xae, 0x00, 0x80, 0x00, 0x68, 0xff, 0xae, 0x00, 0x80, 0x00, 0x69,
  0xff, 0xae, 0x00, 0x80, 0x00, 0x6a, 0xff, 0xae, 0x00, 0x80, 0x00, 0x6b,
  0xff, 0xae, 0x00, 0x80, 0x00, 0x6c, 0xff, 0xae, 0x00, 0x81, 0x00, 0x22,
  0xff, 0x19, 0x00, 0x81, 0x00, 0x24, 0xff, 0xc3, 0x00, 0x81, 0x00, 0x28,
  0xff, 0xc3, 0x00, 0x81, 0x00, 0x2b, 0xff, 0x1e, 0x00, 0x81, 0x00, 0x30,
  0xff, 0xc3, 0x00, 0x81, 0x00, 0x32, 0xff, 0xc3, 0x00, 0x81, 0x00, 0x34,
  0xff, 0xeb, 0x00, 0x81, 0x00, 0x42, 0xff, 0x67, 0x00, 0x81, 0x00, 0x44,
  0xff, 0x67, 0x00, 0x81, 0x00, 0x45, 0xff, 0x67, 0x00, 0x81, 0x00, 0x46,
  0xff, 0x67, 0x00, 0x81, 0x00, 0x47, 0xff, 0xcd, 0x00, 0x81, 0x00, 0x48,
  0xff, 0x67, 0x00, 0x81, 0x00, 0x4b, 0xff, 0x22, 0x00, 0x81, 0x00, 0x4e,
  0xff, 0xd3, 0x00, 0x81, 0x00, 0x4f, 0xff, 0xd3, 0x00, 0x81, 0x00, 0x50,
  0xff, 0x67, 0x00, 0x81, 0x00, 0x51, 0xff, 0xd3, 0x00, 0x81, 0x00, 0x52,
  0xff, 0x67, 0x00, 0x81, 0x00, 0x53, 0xff, 0xd3, 0x00, 0x81, 0x00, 0x54,
  0xff, 0x92, 0x00, 0x81, 0x00, 0x55, 0xff, 0xd1, 0x00, 0x81, 0x00, 0x56,
  0xff, 0xd3, 0x00, 0x81, 0x00, 0x57, 0xff, 0xcc, 0x00, 0x81, 0x00, 0x58,
  0xff, 0xcb, 0x00, 0x81, 0x00, 0x59, 0xff, 0xd3, 0x00, 0x81, 0x00, 0x5a,
  0xff, 0xcc, 0x00, 0x81, 0x00, 0x5b, 0xff, 0xc6, 0x00, 0x81, 0x00, 0x66,
  0xff, 0x19, 0x00, 0x81, 0x00, 0x67, 0xff, 0x19, 0x00, 0x81, 0x00, 0x68,
  0xff, 0x19, 0x00, 0x81, 0x00, 0x69, 0xff, 0x19, 0x00, 0x81, 0x00, 0x6a,
  0xff, 0x19, 0x00, 0x81, 0x00, 0x6b, 0xff, 0x19, 0x00, 0x81, 0x00, 0x6c,
  0xff, 0x19, 0x00, 0x81, 0x00, 0x6d, 0xff, 0xc3, 0x00, 0x81, 0x00, 0x77,
  0xff, 0xc3, 0x00, 0x81, 0x00, 0x78, 0xff, 0xc3, 0x00, 0x81, 0x00, 0x7b,
  0xff, 0xc3, 0x00, 0x81, 0x00, 0x83, 0xff, 0x67, 0x00, 0x81, 0x00, 0x84,
  0xff, 0x67, 0x00, 0x81, 0x00, 0x85, 0xff, 0xb3, 0x00, 0x81, 0x00, 0x86,
  0xff, 0xb3, 0x00, 0x81, 0x00, 0x87, 0xff, 0xb3, 0x00, 0x81, 0x00, 0x88,
  0xff, 0x67, 0x00, 0x81, 0x00, 0x89, 0xff, 0x67, 0x00, 0x81, 0x00, 0x8a,
  0xff, 0x67, 0x00, 0x81, 0x00, 0x8b, 0xff, 0x67, 0x00, 0x81, 0x00, 0x8c,
  0xff, 0x67, 0x00, 0x81, 0x00, 0x8d, 0xff, 0xa0, 0x00, 0x81, 0x00, 0x8e,
  0xff, 0xcb, 0x00, 0x81, 0x00, 0x94, 0xff, 0x67, 0x00, 0x81, 0x00, 0x95,
  0xff, 0x67, 0x00, 0x81, 0x00, 0x96, 0xff, 0xcb, 0x00, 0x81, 0x00, 0x98,
  0xff, 0xcb, 0x00, 0x81, 0x00, 0x9b, 0xff, 0xd3, 0x00, 0x81, 0x00, 0x9c,
  0xff, 0xd3, 0x00, 0x81, 0x00, 0x9d, 0xff, 0xf4, 0x00, 0x81, 0x00, 0x9e,
  0xff, 0xf4, 0x00, 0x81, 0x00, 0x9f, 0xff, 0xcc, 0x00, 0x81, 0x00, 0xa0,
  0xff, 0xcc, 0x00, 0x81, 0x00, 0xa1, 0xff, 0xc3, 0x00, 0x81, 0x00, 0xa2,
  0xff, 0x67, 0x00, 0x82, 0x00, 0x22, 0xff, 0xc3, 0x00, 0x82, 0x00, 0x24,
  0xff, 0xed, 0x00, 0x82, 0x00, 0x28, 0xff, 0xed, 0x00, 0x82, 0x00, 0x30,
  0xff, 0xed, 0x00, 0x82, 0x00, 0x32, 0xff, 0xed, 0x00, 0x82, 0x00, 0x34,
  0xff, 0xd7, 0x00, 0x82, 0x00, 0x35, 0xff, 0xd2, 0x00, 0x82, 0x00, 0x37,
  0xff, 0x98, 0x00, 0x82, 0x00, 0x38, 0xff, 0xba, 0x00, 0x82, 0x00, 0x39,
  0xff, 0xe6, 0x00, 0x82, 0x00, 0x3a, 0xff, 0xc3, 0x00, 0x82, 0x00, 0x3b,
  0xff, 0xce, 0x00, 0x82, 0x00, 0x47, 0xff, 0xea, 0x00, 0x82, 0x00, 0x4b,
  0xff, 0x1e, 0x00, 0x82, 0x00, 0x54, 0xff, 0xe9, 0x00, 0x82, 0x00, 0x55,
  0xff, 0xe7, 0x00, 0x82, 0x00, 0x57, 0xff, 0xd5, 0x00, 0x82, 0x00, 0x58,
  0xff, 0xd4, 0x00, 0x82, 0x00, 0x59, 0xff, 0xe2, 0x00, 0x82, 0x00, 0x5a,
  0xff, 0xeb, 0x00, 0x82, 0x00, 0x5b, 0xff, 0xdd, 0x00, 0x82, 0x00, 0x66,
  0xff, 0xc3, 0x00, 0x82, 0x00, 0x67, 0xff, 0xc3, 0x00, 0x82, 0x00, 0x68,
  0xff, 0xc3, 0x00, 0x82, 0x00, 0x69, 0xff, 0xc3, 0x00, 0x82, 0x00, 0x6a,
  0xff, 0xc3, 0x00, 0x82, 0x00, 0x6b, 0xff, 0xc3, 0x00, 0x82, 0x00, 0x6c,
  0xff, 0xc3, 0x00, 0x82, 0x00, 0x6d, 0xff, 0xed, 0x00, 0x82, 0x00, 0x77,
  0xff, 0xed, 0x00, 0x82, 0x00, 0x78, 0xff, 0xed, 0x00, 0x82, 0x00, 0x7b,
  0xff, 0xed, 0x00, 0x82, 0x00, 0x81, 0xff, 0xc3, 0x00, 0x82, 0x00, 0x8f,
  0x00, 0x25, 0x00, 0x82, 0x00, 0x91, 0x00, 0x25, 0x00, 0x82, 0x00, 0x92,
  0x00, 0x4e, 0x00, 0x82, 0x00, 0x9f, 0xff, 0xeb, 0x00, 0x82, 0x00, 0xa0,
  0xff, 0xeb, 0x00, 0x82, 0x00, 0xa1, 0xff, 0xed, 0x00, 0x83, 0x00, 0x35,
  0xff, 0x53, 0x00, 0x83, 0x00, 0x37, 0xff, 0xa0, 0x00, 0x83, 0x00, 0x38,
  0xff, 0xdb, 0x00, 0x83, 0x00, 0x3a, 0xff, 0xcb, 0x00, 0x83, 0x00, 0x4b,
  0xff, 0x61, 0x00, 0x83, 0x00, 0x81, 0xff, 0xcb, 0x00, 0x84, 0x00, 0x35,
  0xff, 0x55, 0x00, 0x84, 0x00, 0x37, 0xff, 0xa0, 0x00, 0x84, 0x00, 0x38,
  0xff, 0xdb, 0x00, 0x84, 0x00, 0x3a, 0xff, 0xcb, 0x00, 0x84, 0x00, 0x4b,
  0xff, 0x61, 0x00, 0x84, 0x00, 0x81, 0xff, 0xcb, 0x00, 0x85, 0x00, 0x35,
  0xff, 0xd8, 0x00, 0x85, 0x00, 0x37, 0xff, 0xc5, 0x00, 0x85, 0x00, 0x38,
  0xff, 0xdb, 0x00, 0x85, 0x00, 0x3a, 0xff, 0xe2, 0x00, 0x85, 0x00, 0x4b,
  0xff, 0x61, 0x00, 0x85, 0x00, 0x81, 0xff, 0xe2, 0x00, 0x86, 0x00, 0x35,
  0xff, 0xc7, 0x00, 0x86, 0x00, 0x37, 0xff, 0xc5, 0x00, 0x86, 0x00, 0x38,
  0xff, 0xdb, 0x00, 0x86, 0x00, 0x3a, 0xff, 0xcb, 0x00, 0x86, 0x00, 0x4b,
  0xff, 0x61, 0x00, 0x86, 0x00, 0x81, 0xff, 0xcb, 0x00, 0x87, 0x00, 0x35,
  0xff, 0xd8, 0x00, 0x87, 0x00, 0x37, 0xff, 0xc5, 0x00, 0x87, 0x00, 0x38,
  0xff, 0xdb, 0x00, 0x87, 0x00, 0x3a, 0xff, 0xe2, 0x00, 0x87, 0x00, 0x4b,
  0xff, 0x61, 0x00, 0x87, 0x00, 0x81, 0xff, 0xe2, 0x00, 0x88, 0x00, 0x35,
  0xff, 0x61, 0x00, 0x88, 0x00, 0x37, 0xff, 0xa0, 0x00, 0x88, 0x00, 0x38,
  0xff, 0xdb, 0x00, 0x88, 0x00, 0x3a, 0xff, 0xcb, 0x00, 0x88, 0x00, 0x4b,
  0xff, 0x61, 0x00, 0x88, 0x00, 0x81, 0xff, 0xcb, 0x00, 0x89, 0x00, 0x35,
  0xff, 0x3e, 0x00, 0x89, 0x00, 0x37, 0xff, 0xa0, 0x00, 0x89, 0x00, 0x38,
  0xff, 0xdb, 0x00, 0x89, 0x00, 0x3a, 0xff, 0xcb, 0x00, 0x89, 0x00, 0x4b,
  0xff, 0x61, 0x00, 0x89, 0x00, 0x81, 0xff, 0xcb, 0x00, 0x8a, 0x00, 0x34,
  0xff, 0xef, 0x00, 0x8a, 0x00, 0x35, 0xff, 0x35, 0x00, 0x8a, 0x00, 0x37,
  0xff, 0x8a, 0x00, 0x8a, 0x00, 0x38, 0xff, 0xcd, 0x00, 0x8a, 0x00, 0x3a,
  0xff, 0xb4, 0x00, 0x8a, 0x00, 0x42, 0xff, 0xb4, 0x00, 0x8a, 0x00, 0x44,
  0xff, 0xb4, 0x00, 0x8a, 0x00, 0x45, 0xff, 0xb4, 0x00, 0x8a, 0x00, 0x46,
  0xff, 0xb4, 0x00, 0x8a, 0x00, 0x48, 0xff, 0xb4, 0x00, 0x8a, 0x00, 0x4b,
  0xff, 0xad, 0x00, 0x8a, 0x00, 0x50, 0xff, 0xb4, 0x00, 0x8a, 0x00, 0x52,
  0xff, 0xb4, 0x00, 0x8a, 0x00, 0x54, 0xff, 0xf7, 0x00, 0x8a, 0x00, 0x81,
  0xff, 0xb4, 0x00, 0x8a, 0x00, 0x83, 0xff, 0xb4, 0x00, 0x8a, 0x00, 0x84,
  0xff, 0xb4, 0x00, 0x8a, 0x00, 0x85, 0xff, 0xb4, 0x00, 0x8a, 0x00, 0x86,
  0xff, 0xb4, 0x00, 0x8a, 0x00, 0x87, 0xff, 0xb4, 0x00, 0x8a, 0x00, 0x88,
  0xff, 0xb4, 0x00, 0x8a, 0x00, 0x89, 0xff, 0xb4, 0x00, 0x8a, 0x00, 0x8a,
  0xff, 0xb4, 0x00, 0x8a, 0x00, 0x8b, 0xff, 0xb4, 0x00, 0x8a, 0x00, 0x8c,
  0xff, 0xb4, 0x00, 0x8a, 0x00, 0x8d, 0xff, 0xb4, 0x00, 0x8a, 0x00, 0x8e,
  0xff, 0xb4, 0x00, 0x8a, 0x00, 0x94, 0xff, 0xb4, 0x00, 0x8a, 0x00, 0x95,
  0xff, 0xb4, 0x00, 0x8a, 0x00, 0x96, 0xff, 0xb4, 0x00, 0x8a, 0x00, 0x98,
  0xff, 0xb4, 0x00, 0x8a, 0x00, 0xa2, 0xff, 0xb4, 0x00, 0x8b, 0x00, 0x22,
  0xff, 0xa6, 0x00, 0x8b, 0x00, 0x2b, 0xff, 0x9a, 0x00, 0x8b, 0x00, 0x34,
  0xff, 0xae, 0x00, 0x8b, 0x00, 0x35, 0xff, 0x74, 0x00, 0x8b, 0x00, 0x37,
  0xff, 0x4d, 0x00, 0x8b, 0x00, 0x38, 0xff, 0xb9, 0x00, 0x8b, 0x00, 0x39,
  0xff, 0xd4, 0x00, 0x8b, 0x00, 0x3a, 0xff, 0x67, 0x00, 0x8b, 0x00, 0x3b,
  0xff, 0x9c, 0x00, 0x8b, 0x00, 0x47, 0xff, 0xe9, 0x00, 0x8b, 0x00, 0x4b,
  0xff, 0x22, 0x00, 0x8b, 0x00, 0x54, 0xff, 0xee, 0x00, 0x8b, 0x00, 0x55,
  0xff, 0xe9, 0x00, 0x8b, 0x00, 0x57, 0xff, 0xa8, 0x00, 0x8b, 0x00, 0x58,
  0xff, 0xbb, 0x00, 0x8b, 0x00, 0x59, 0xff, 0xd3, 0x00, 0x8b, 0x00, 0x5a,
  0xff, 0xe5, 0x00, 0x8b, 0x00, 0x5b, 0xff, 0xe1, 0x00, 0x8b, 0x00, 0x66,
  0xff, 0xa6, 0x00, 0x8b, 0x00, 0x67, 0xff, 0xa6, 0x00, 0x8b, 0x00, 0x68,
  0xff, 0xa6, 0x00, 0x8b, 0x00, 0x69, 0xff, 0xa6, 0x00, 0x8b, 0x00, 0x6a,
  0xff, 0xa6, 0x00, 0x8b, 0x00, 0x6b, 0xff, 0xa6, 0x00, 0x8b, 0x00, 0x6c,
  0xff, 0xa6, 0x00, 0x8b, 0x00, 0x81, 0xff, 0x67, 0x00, 0x8b, 0x00, 0x9f,
  0xff, 0xe5, 0x00, 0x8b, 0x00, 0xa0, 0xff, 0xe5, 0x00, 0x8c, 0x00, 0x22,
  0xff, 0xa6, 0x00, 0x8c, 0x00, 0x2b, 0xff, 0x9a, 0x00, 0x8c, 0x00, 0x34,
  0xff, 0xae, 0x00, 0x8c, 0x00, 0x35, 0xff, 0x6a, 0x00, 0x8c, 0x00, 0x37,
  0xff, 0x4d, 0x00, 0x8c, 0x00, 0x38, 0xff, 0xb9, 0x00, 0x8c, 0x00, 0x39,
  0xff, 0xd4, 0x00, 0x8c, 0x00, 0x3a, 0xff, 0x67, 0x00, 0x8c, 0x00, 0x3b,
  0xff, 0x9c, 0x00, 0x8c, 0x00, 0x47, 0xff, 0xe9, 0x00, 0x8c, 0x00, 0x4b,
  0xff, 0x22, 0x00, 0x8c, 0x00, 0x54, 0xff, 0xee, 0x00, 0x8c, 0x00, 0x55,
  0xff, 0xe9, 0x00, 0x8c, 0x00, 0x57, 0xff, 0xa8, 0x00, 0x8c, 0x00, 0x58,
  0xff, 0xbb, 0x00, 0x8c, 0x00, 0x59, 0xff, 0xd3, 0x00, 0x8c, 0x00, 0x5a,
  0xff, 0xe5, 0x00, 0x8c, 0x00, 0x5b, 0xff, 0xe1, 0x00, 0x8c, 0x00, 0x66,
  0xff, 0xa6, 0x00, 0x8c, 0x00, 0x67, 0xff, 0xa6, 0x00, 0x8c, 0x00, 0x68,
  0xff, 0xa6, 0x00, 0x8c, 0x00, 0x69, 0xff, 0xa6, 0x00, 0x8c, 0x00, 0x6a,
  0xff, 0xa6, 0x00, 0x8c, 0x00, 0x6b, 0xff, 0xa6, 0x00, 0x8c, 0x00, 0x6c,
  0xff, 0xa6, 0x00, 0x8c, 0x00, 0x81, 0xff, 0x67, 0x00, 0x8c, 0x00, 0x9f,
  0xff, 0xe5, 0x00, 0x8c, 0x00, 0xa0, 0xff, 0xe5, 0x00, 0x8d, 0x00, 0x22,
  0xff, 0xa6, 0x00, 0x8d, 0x00, 0x2b, 0xff, 0x9a, 0x00, 0x8d, 0x00, 0x34,
  0xff, 0xae, 0x00, 0x8d, 0x00, 0x35, 0xff, 0xa5, 0x00, 0x8d, 0x00, 0x37,
  0xff, 0x72, 0x00, 0x8d, 0x00, 0x38, 0xff, 0xb9, 0x00, 0x8d, 0x00, 0x39,
  0xff, 0xd4, 0x00, 0x8d, 0x00, 0x3a, 0xff, 0x9a, 0x00, 0x8d, 0x00, 0x3b,
  0xff, 0x9c, 0x00, 0x8d, 0x00, 0x47, 0xff, 0xe9, 0x00, 0x8d, 0x00, 0x4b,
  0xff, 0x22, 0x00, 0x8d, 0x00, 0x54, 0xff, 0xee, 0x00, 0x8d, 0x00, 0x55,
  0xff, 0xe9, 0x00, 0x8d, 0x00, 0x57, 0xff, 0xa8, 0x00, 0x8d, 0x00, 0x58,
  0xff, 0xbb, 0x00, 0x8d, 0x00, 0x59, 0xff, 0xd3, 0x00, 0x8d, 0x00, 0x5a,
  0xff, 0xe5, 0x00, 0x8d, 0x00, 0x5b, 0xff, 0xe1, 0x00, 0x8d, 0x00, 0x66,
  0xff, 0xa6, 0x00, 0x8d, 0x00, 0x67, 0xff, 0xa6, 0x00, 0x8d, 0x00, 0x68,
  0xff, 0xa6, 0x00, 0x8d, 0x00, 0x69, 0xff, 0xa6, 0x00, 0x8d, 0x00, 0x6a,
  0xff, 0xa6, 0x00, 0x8d, 0x00, 0x6b, 0xff, 0xa6, 0x00, 0x8d, 0x00, 0x6c,
  0xff, 0xa6, 0x00, 0x8d, 0x00, 0x81, 0xff, 0x9a, 0x00, 0x8d, 0x00, 0x9f,
  0xff, 0xe5, 0x00, 0x8d, 0x00, 0xa0, 0xff, 0xe5, 0x00, 0x8e, 0x00, 0x22,
  0xff, 0xbb, 0x00, 0x8e, 0x00, 0x2b, 0xff, 0xa2, 0x00, 0x8e, 0x00, 0x34,
  0xff, 0xbd, 0x00, 0x8e, 0x00, 0x35, 0xff, 0xcf, 0x00, 0x8e, 0x00, 0x37,
  0xff, 0xc1, 0x00, 0x8e, 0x00, 0x38, 0xff, 0xc9, 0x00, 0x8e, 0x00, 0x39,
  0xff, 0xdf, 0x00, 0x8e, 0x00, 0x3a, 0xff, 0xcb, 0x00, 0x8e, 0x00, 0x3b,
  0xff, 0xcf, 0x00, 0x8e, 0x00, 0x47, 0xff, 0xf1, 0x00, 0x8e, 0x00, 0x4b,
  0xff, 0x1a, 0x00, 0x8e, 0x00, 0x54, 0xff, 0xed, 0x00, 0x8e, 0x00, 0x55,
  0xff, 0xeb, 0x00, 0x8e, 0x00, 0x57, 0xff, 0xae, 0x00, 0x8e, 0x00, 0x58,
  0xff, 0xbd, 0x00, 0x8e, 0x00, 0x59, 0xff, 0xdf, 0x00, 0x8e, 0x00, 0x5a,
  0xff, 0xe9, 0x00, 0x8e, 0x00, 0x5b, 0xff, 0xdb, 0x00, 0x8e, 0x00, 0x66,
  0xff, 0xbb, 0x00, 0x8e, 0x00, 0x67, 0xff, 0xbb, 0x00, 0x8e, 0x00, 0x68,
  0xff, 0xbb, 0x00, 0x8e, 0x00, 0x69, 0xff, 0xbb, 0x00, 0x8e, 0x00, 0x6a,
  0xff, 0xbb, 0x00, 0x8e, 0x00, 0x6b, 0xff, 0xbb, 0x00, 0x8e, 0x00, 0x6c,
  0xff, 0xbb, 0x00, 0x8e, 0x00, 0x81, 0xff, 0xcb, 0x00, 0x8e, 0x00, 0x9f,
  0xff, 0xe9, 0x00, 0x8e, 0x00, 0xa0, 0xff, 0xe9, 0x00, 0x8f, 0x00, 0x4b,
  0xff, 0x5d, 0x00, 0x90, 0x00, 0x23, 0x00, 0x5e, 0x00, 0x90, 0x00, 0x25,
  0x00, 0x5e, 0x00, 0x90, 0x00, 0x26, 0x00, 0x5e, 0x00, 0x90, 0x00, 0x27,
  0x00, 0x5e, 0x00, 0x90, 0x00, 0x29, 0x00, 0x5e, 0x00, 0x90, 0x00, 0x2a,
  0x00, 0x5e, 0x00, 0x90, 0x00, 0x2c, 0x00, 0x5e, 0x00, 0x90, 0x00, 0x2d,
  0x00, 0x5e, 0x00, 0x90, 0x00, 0x2e, 0x00, 0x5e, 0x00, 0x90, 0x00, 0x2f,
  0x00, 0x5e, 0x00, 0x90, 0x00, 0x31, 0x00, 0x5e, 0x00, 0x90, 0x00, 0x33,
  0x00, 0x5e, 0x00, 0x90, 0x00, 0x34, 0x00, 0x5e, 0x00, 0x90, 0x00, 0x35,
  0x00, 0x5e, 0x00, 0x90, 0x00, 0x36, 0x00, 0x5e, 0x00, 0x90, 0x00, 0x37,
  0x00, 0x5e, 0x00, 0x90, 0x00, 0x38, 0x00, 0x5e, 0x00, 0x90, 0x00, 0x39,
  0x00, 0x5e, 0x00, 0x90, 0x00, 0x3a, 0x00, 0x5e, 0x00, 0x90, 0x00, 0x3b,
  0x00, 0x5e, 0x00, 0x90, 0x00, 0x4b, 0xff, 0x7a, 0x00, 0x90, 0x00, 0x82,
  0x00, 0x5e, 0x00, 0x91, 0x00, 0x23, 0x00, 0x5e, 0x00, 0x91, 0x00, 0x25,
  0x00, 0x5e, 0x00, 0x91, 0x00, 0x26, 0x00, 0x5e, 0x00, 0x91, 0x00, 0x27,
  0x00, 0x5e, 0x00, 0x91, 0x00, 0x29, 0x00, 0x5e, 0x00, 0x91, 0x00, 0x2a,
  0x00, 0x5e, 0x00, 0x91, 0x00, 0x2c, 0x00, 0x5e, 0x00, 0x91, 0x00, 0x2d,
  0x00, 0x5e, 0x00, 0x91, 0x00, 0x2e, 0x00, 0x5e, 0x00, 0x91, 0x00, 0x2f,
  0x00, 0x5e, 0x00, 0x91, 0x00, 0x31, 0x00, 0x5e, 0x00, 0x91, 0x00, 0x33,
  0x00, 0x5e, 0x00, 0x91, 0x00, 0x34, 0x00, 0x5e, 0x00, 0x91, 0x00, 0x35,
  0x00, 0x5e, 0x00, 0x91, 0x00, 0x36, 0x00, 0x5e, 0x00, 0x91, 0x00, 0x37,
  0x00, 0x5e, 0x00, 0x91, 0x00, 0x38, 0x00, 0x5e, 0x00, 0x91, 0x00, 0x39,
  0x00, 0x5e, 0x00, 0x91, 0x00, 0x3a, 0x00, 0x5e, 0x00, 0x91, 0x00, 0x3b,
  0x00, 0x5e, 0x00, 0x91, 0x00, 0x4b, 0xff, 0x7a, 0x00, 0x91, 0x00, 0x82,
  0x00, 0x5e, 0x00, 0x92, 0x00, 0x23, 0x00, 0x8c, 0x00, 0x92, 0x00, 0x24,
  0x00, 0x2b, 0x00, 0x92, 0x00, 0x25, 0x00, 0x8c, 0x00, 0x92, 0x00, 0x26,
  0x00, 0x8c, 0x00, 0x92, 0x00, 0x27, 0x00, 0x8c, 0x00, 0x92, 0x00, 0x28,
  0x00, 0x2b, 0x00, 0x92, 0x00, 0x29, 0x00, 0x8c, 0x00, 0x92, 0x00, 0x2a,
  0x00, 0x8c, 0x00, 0x92, 0x00, 0x2c, 0x00, 0x8c, 0x00, 0x92, 0x00, 0x2d,
  0x00, 0x8c, 0x00, 0x92, 0x00, 0x2e, 0x00, 0x8c, 0x00, 0x92, 0x00, 0x2f,
  0x00, 0x8c, 0x00, 0x92, 0x00, 0x30, 0x00, 0x2b, 0x00, 0x92, 0x00, 0x31,
  0x00, 0x8c, 0x00, 0x92, 0x00, 0x32, 0x00, 0x23, 0x00, 0x92, 0x00, 0x33,
  0x00, 0x8c, 0x00, 0x92, 0x00, 0x34, 0x00, 0x78, 0x00, 0x92, 0x00, 0x35,
  0x00, 0x8c, 0x00, 0x92, 0x00, 0x36, 0x00, 0x8c, 0x00, 0x92, 0x00, 0x37,
  0x00, 0x8c, 0x00, 0x92, 0x00, 0x38, 0x00, 0x8c, 0x00, 0x92, 0x00, 0x39,
  0x00, 0x8c, 0x00, 0x92, 0x00, 0x3a, 0x00, 0x8c, 0x00, 0x92, 0x00, 0x3b,
  0x00, 0x8c, 0x00, 0x92, 0x00, 0x4b, 0xff, 0xac, 0x00, 0x92, 0x00, 0x82,
  0x00, 0x8c, 0x00, 0x92, 0x00, 0xa1, 0x00, 0x2b, 0x00, 0x94, 0x00, 0x22,
  0xff, 0xbb, 0x00, 0x94, 0x00, 0x34, 0xff, 0xb0, 0x00, 0x94, 0x00, 0x35,
  0xff, 0x66, 0x00, 0x94, 0x00, 0x37, 0xff, 0x49, 0x00, 0x94, 0x00, 0x38,
  0xff, 0xb8, 0x00, 0x94, 0x00, 0x39, 0xff, 0xdf, 0x00, 0x94, 0x00, 0x3a,
  0xff, 0x6d, 0x00, 0x94, 0x00, 0x3b, 0xff, 0xb0, 0x00, 0x94, 0x00, 0x47,
  0xff, 0xf1, 0x00, 0x94, 0x00, 0x4b, 0xff, 0x1a, 0x00, 0x94, 0x00, 0x54,
  0xff, 0xed, 0x00, 0x94, 0x00, 0x55, 0xff, 0xeb, 0x00, 0x94, 0x00, 0x57,
  0xff, 0xae, 0x00, 0x94, 0x00, 0x58, 0xff, 0xbd, 0x00, 0x94, 0x00, 0x59,
  0xff, 0xdf, 0x00, 0x94, 0x00, 0x5a, 0xff, 0xe9, 0x00, 0x94, 0x00, 0x5b,
  0xff, 0xdb, 0x00, 0x94, 0x00, 0x66, 0xff, 0xbb, 0x00, 0x94, 0x00, 0x67,
  0xff, 0xbb, 0x00, 0x94, 0x00, 0x68, 0xff, 0xbb, 0x00, 0x94, 0x00, 0x69,
  0xff, 0xbb, 0x00, 0x94, 0x00, 0x6a, 0xff, 0xbb, 0x00, 0x94, 0x00, 0x6b,
  0xff, 0xbb, 0x00, 0x94, 0x00, 0x6c, 0xff, 0xbb, 0x00, 0x94, 0x00, 0x81,
  0xff, 0x6d, 0x00, 0x94, 0x00, 0x9f, 0xff, 0xe9, 0x00, 0x94, 0x00, 0xa0,
  0xff, 0xe9, 0x00, 0x95, 0x00, 0x22, 0xff, 0xbb, 0x00, 0x95, 0x00, 0x34,
  0xff, 0xb0, 0x00, 0x95, 0x00, 0x35, 0xff, 0x67, 0x00, 0x95, 0x00, 0x37,
  0xff, 0x49, 0x00, 0x95, 0x00, 0x38, 0xff, 0xb8, 0x00, 0x95, 0x00, 0x39,
  0xff, 0xdf, 0x00, 0x95, 0x00, 0x3a, 0xff, 0x6d, 0x00, 0x95, 0x00, 0x3b,
  0xff, 0xb0, 0x00, 0x95, 0x00, 0x47, 0xff, 0xf1, 0x00, 0x95, 0x00, 0x4b,
  0xff, 0x1a, 0x00, 0x95, 0x00, 0x54, 0xff, 0xed, 0x00, 0x95, 0x00, 0x55,
  0xff, 0xeb, 0x00, 0x95, 0x00, 0x57, 0xff, 0xae, 0x00, 0x95, 0x00, 0x58,
  0xff, 0xbd, 0x00, 0x95, 0x00, 0x59, 0xff, 0xdf, 0x00, 0x95, 0x00, 0x5a,
  0xff, 0xe9, 0x00, 0x95, 0x00, 0x5b, 0xff, 0xdb, 0x00, 0x95, 0x00, 0x66,
  0xff, 0xbb, 0x00, 0x95, 0x00, 0x67, 0xff, 0xbb, 0x00, 0x95, 0x00, 0x68,
  0xff, 0xbb, 0x00, 0x95, 0x00, 0x69, 0xff, 0xbb, 0x00, 0x95, 0x00, 0x6a,
  0xff, 0xbb, 0x00, 0x95, 0x00, 0x6b, 0xff, 0xbb, 0x00, 0x95, 0x00, 0x6c,
  0xff, 0xbb, 0x00, 0x95, 0x00, 0x81, 0xff, 0x6d, 0x00, 0x95, 0x00, 0x9f,
  0xff, 0xe9, 0x00, 0x95, 0x00, 0xa0, 0xff, 0xe9, 0x00, 0x96, 0x00, 0x22,
  0xff, 0xbb, 0x00, 0x96, 0x00, 0x34, 0xff, 0xbd, 0x00, 0x96, 0x00, 0x35,
  0xff, 0xcf, 0x00, 0x96, 0x00, 0x37, 0xff, 0xc1, 0x00, 0x96, 0x00, 0x38,
  0xff, 0xc9, 0x00, 0x96, 0x00, 0x39, 0xff, 0xdf, 0x00, 0x96, 0x00, 0x3a,
  0xff, 0xcb, 0x00, 0x96, 0x00, 0x3b, 0xff, 0xcf, 0x00, 0x96, 0x00, 0x47,
  0xff, 0xf1, 0x00, 0x96, 0x00, 0x4b, 0xff, 0x1a, 0x00, 0x96, 0x00, 0x54,
  0xff, 0xed, 0x00, 0x96, 0x00, 0x55, 0xff, 0xeb, 0x00, 0x96, 0x00, 0x57,
  0xff, 0xae, 0x00, 0x96, 0x00, 0x58, 0xff, 0xbd, 0x00, 0x96, 0x00, 0x59,
  0xff, 0xdf, 0x00, 0x96, 0x00, 0x5a, 0xff, 0xe9, 0x00, 0x96, 0x00, 0x5b,
  0xff, 0xdb, 0x00, 0x96, 0x00, 0x66, 0xff, 0xbb, 0x00, 0x96, 0x00, 0x67,
  0xff, 0xbb, 0x00, 0x96, 0x00, 0x68, 0xff, 0xbb, 0x00, 0x96, 0x00, 0x69,
  0xff, 0xbb, 0x00, 0x96, 0x00, 0x6a, 0xff, 0xbb, 0x00, 0x96, 0x00, 0x6b,
  0xff, 0xbb, 0x00, 0x96, 0x00, 0x6c, 0xff, 0xbb, 0x00, 0x96, 0x00, 0x81,
  0xff, 0xcb, 0x00, 0x96, 0x00, 0x9f, 0xff, 0xe9, 0x00, 0x96, 0x00, 0xa0,
  0xff, 0xe9, 0x00, 0x98, 0x00, 0x22, 0xff, 0xbb, 0x00, 0x98, 0x00, 0x34,
  0xff, 0xbd, 0x00, 0x98, 0x00, 0x35, 0xff, 0xcf, 0x00, 0x98, 0x00, 0x37,
  0xff, 0xc1, 0x00, 0x98, 0x00, 0x38, 0xff, 0xc9, 0x00, 0x98, 0x00, 0x39,
  0xff, 0xdf, 0x00, 0x98, 0x00, 0x3a, 0xff, 0xcb, 0x00, 0x98, 0x00, 0x3b,
  0xff, 0xcf, 0x00, 0x98, 0x00, 0x47, 0xff, 0xf1, 0x00, 0x98, 0x00, 0x4b,
  0xff, 0x1a, 0x00, 0x98, 0x00, 0x54, 0xff, 0xed, 0x00, 0x98, 0x00, 0x55,
  0xff, 0xeb, 0x00, 0x98, 0x00, 0x57, 0xff, 0xae, 0x00, 0x98, 0x00, 0x58,
  0xff, 0xbd, 0x00, 0x98, 0x00, 0x59, 0xff, 0xdf, 0x00, 0x98, 0x00, 0x5a,
  0xff, 0xe9, 0x00, 0x98, 0x00, 0x5b, 0xff, 0xdb, 0x00, 0x98, 0x00, 0x66,
  0xff, 0xbb, 0x00, 0x98, 0x00, 0x67, 0xff, 0xbb, 0x00, 0x98, 0x00, 0x68,
  0xff, 0xbb, 0x00, 0x98, 0x00, 0x69, 0xff, 0xbb, 0x00, 0x98, 0x00, 0x6a,
  0xff, 0xbb, 0x00, 0x98, 0x00, 0x6b, 0xff, 0xbb, 0x00, 0x98, 0x00, 0x6c,
  0xff, 0xbb, 0x00, 0x98, 0x00, 0x81, 0xff, 0xcb, 0x00, 0x98, 0x00, 0x9f,
  0xff, 0xe9, 0x00, 0x98, 0x00, 0xa0, 0xff, 0xe9, 0x00, 0x9b, 0x00, 0x35,
  0xff, 0xb4, 0x00, 0x9b, 0x00, 0x37, 0xff, 0xa0, 0x00, 0x9b, 0x00, 0x38,
  0xff, 0xdb, 0x00, 0x9b, 0x00, 0x3a, 0xff, 0xcb, 0x00, 0x9b, 0x00, 0x4b,
  0xff, 0x74, 0x00, 0x9b, 0x00, 0x81, 0xff, 0xcb, 0x00, 0x9c, 0x00, 0x35,
  0xff, 0xae, 0x00, 0x9c, 0x00, 0x37, 0xff, 0xa0, 0x00, 0x9c, 0x00, 0x38,
  0xff, 0xdb, 0x00, 0x9c, 0x00, 0x3a, 0xff, 0xcb, 0x00, 0x9c, 0x00, 0x4b,
  0xff, 0x74, 0x00, 0x9c, 0x00, 0x81, 0xff, 0xcb, 0x00, 0x9d, 0x00, 0x35,
  0xff, 0xf1, 0x00, 0x9d, 0x00, 0x37, 0xff, 0xe5, 0x00, 0x9d, 0x00, 0x38,
  0xff, 0xea, 0x00, 0x9d, 0x00, 0x3a, 0xff, 0xee, 0x00, 0x9d, 0x00, 0x4b,
  0xff, 0x74, 0x00, 0x9d, 0x00, 0x81, 0xff, 0xee, 0x00, 0x9e, 0x00, 0x35,
  0xff, 0xf1, 0x00, 0x9e, 0x00, 0x37, 0xff, 0xe5, 0x00, 0x9e, 0x00, 0x38,
  0xff, 0xea, 0x00, 0x9e, 0x00, 0x3a, 0xff, 0xee, 0x00, 0x9e, 0x00, 0x4b,
  0xff, 0x74, 0x00, 0x9e, 0x00, 0x81, 0xff, 0xee, 0x00, 0x9f, 0x00, 0x22,
  0xff, 0x9a, 0x00, 0x9f, 0x00, 0x2b, 0xff, 0xcd, 0x00, 0x9f, 0x00, 0x35,
  0xff, 0x3b, 0x00, 0x9f, 0x00, 0x37, 0xff, 0xad, 0x00, 0x9f, 0x00, 0x38,
  0xff, 0xe5, 0x00, 0x9f, 0x00, 0x39, 0xff, 0xc9, 0x00, 0x9f, 0x00, 0x3a,
  0xff, 0xcc, 0x00, 0x9f, 0x00, 0x3b, 0xff, 0x96, 0x00, 0x9f, 0x00, 0x42,
  0xff, 0xe5, 0x00, 0x9f, 0x00, 0x44, 0xff, 0xe5, 0x00, 0x9f, 0x00, 0x45,
  0xff, 0xe5, 0x00, 0x9f, 0x00, 0x46, 0xff, 0xe5, 0x00, 0x9f, 0x00, 0x48,
  0xff, 0xe5, 0x00, 0x9f, 0x00, 0x4b, 0xff, 0x43, 0x00, 0x9f, 0x00, 0x50,
  0xff, 0xe5, 0x00, 0x9f, 0x00, 0x52, 0xff, 0xe5, 0x00, 0x9f, 0x00, 0x54,
  0xff, 0xea, 0x00, 0x9f, 0x00, 0x66, 0xff, 0x9a, 0x00, 0x9f, 0x00, 0x67,
  0xff, 0x9a, 0x00, 0x9f, 0x00, 0x68, 0xff, 0x9a, 0x00, 0x9f, 0x00, 0x69,
  0xff, 0x9a, 0x00, 0x9f, 0x00, 0x6a, 0xff, 0x9a, 0x00, 0x9f, 0x00, 0x6b,
  0xff, 0x9a, 0x00, 0x9f, 0x00, 0x6c, 0xff, 0x9a, 0x00, 0x9f, 0x00, 0x81,
  0xff, 0xcc, 0x00, 0x9f, 0x00, 0x83, 0xff, 0xe5, 0x00, 0x9f, 0x00, 0x84,
  0xff, 0xe5, 0x00, 0x9f, 0x00, 0x85, 0xff, 0xe5, 0x00, 0x9f, 0x00, 0x86,
  0xff, 0xe5, 0x00, 0x9f, 0x00, 0x87, 0xff, 0xe5, 0x00, 0x9f, 0x00, 0x88,
  0xff, 0xe5, 0x00, 0x9f, 0x00, 0x89, 0xff, 0xe5, 0x00, 0x9f, 0x00, 0x8a,
  0xff, 0xe5, 0x00, 0x9f, 0x00, 0x8b, 0xff, 0xe5, 0x00, 0x9f, 0x00, 0x8c,
  0xff, 0xe5, 0x00, 0x9f, 0x00, 0x8d, 0xff, 0xe5, 0x00, 0x9f, 0x00, 0x8e,
  0xff, 0xe5, 0x00, 0x9f, 0x00, 0x94, 0xff, 0xe5, 0x00, 0x9f, 0x00, 0x95,
  0xff, 0xe5, 0x00, 0x9f, 0x00, 0x96, 0xff, 0xe5, 0x00, 0x9f, 0x00, 0x98,
  0xff, 0xe5, 0x00, 0x9f, 0x00, 0xa2, 0xff, 0xe5, 0x00, 0xa0, 0x00, 0x22,
  0xff, 0x9a, 0x00, 0xa0, 0x00, 0x2b, 0xff, 0xcd, 0x00, 0xa0, 0x00, 0x35,
  0xff, 0x3b, 0x00, 0xa0, 0x00, 0x37, 0xff, 0xad, 0x00, 0xa0, 0x00, 0x38,
  0xff, 0xe5, 0x00, 0xa0, 0x00, 0x39, 0xff, 0xc9, 0x00, 0xa0, 0x00, 0x3a,
  0xff, 0xcc, 0x00, 0xa0, 0x00, 0x3b, 0xff, 0x96, 0x00, 0xa0, 0x00, 0x42,
  0xff, 0xe5, 0x00, 0xa0, 0x00, 0x44, 0xff, 0xe5, 0x00, 0xa0, 0x00, 0x45,
  0xff, 0xe5, 0x00, 0xa0, 0x00, 0x46, 0xff, 0xe5, 0x00, 0xa0, 0x00, 0x48,
  0xff, 0xe5, 0x00, 0xa0, 0x00, 0x4b, 0xff, 0x43, 0x00, 0xa0, 0x00, 0x50,
  0xff, 0xe5, 0x00, 0xa0, 0x00, 0x52, 0xff, 0xe5, 0x00, 0xa0, 0x00, 0x54,
  0xff, 0xea, 0x00, 0xa0, 0x00, 0x66, 0xff, 0x9a, 0x00, 0xa0, 0x00, 0x67,
  0xff, 0x9a, 0x00, 0xa0, 0x00, 0x68, 0xff, 0x9a, 0x00, 0xa0, 0x00, 0x69,
  0xff, 0x9a, 0x00, 0xa0, 0x00, 0x6a, 0xff, 0x9a, 0x00, 0xa0, 0x00, 0x6b,
  0xff, 0x9a, 0x00, 0xa0, 0x00, 0x6c, 0xff, 0x9a, 0x00, 0xa0, 0x00, 0x81,
  0xff, 0xcc, 0x00, 0xa0, 0x00, 0x83, 0xff, 0xe5, 0x00, 0xa0, 0x00, 0x84,
  0xff, 0xe5, 0x00, 0xa0, 0x00, 0x85, 0xff, 0xe5, 0x00, 0xa0, 0x00, 0x86,
  0xff, 0xe5, 0x00, 0xa0, 0x00, 0x87, 0xff, 0xe5, 0x00, 0xa0, 0x00, 0x88,
  0xff, 0xe5, 0x00, 0xa0, 0x00, 0x89, 0xff, 0xe5, 0x00, 0xa0, 0x00, 0x8a,
  0xff, 0xe5, 0x00, 0xa0, 0x00, 0x8b, 0xff, 0xe5, 0x00, 0xa0, 0x00, 0x8c,
  0xff, 0xe5, 0x00, 0xa0, 0x00, 0x8d, 0xff, 0xe5, 0x00, 0xa0, 0x00, 0x8e,
  0xff, 0xe5, 0x00, 0xa0, 0x00, 0x94, 0xff, 0xe5, 0x00, 0xa0, 0x00, 0x95,
  0xff, 0xe5, 0x00, 0xa0, 0x00, 0x96, 0xff, 0xe5, 0x00, 0xa0, 0x00, 0x98,
  0xff, 0xe5, 0x00, 0xa0, 0x00, 0xa2, 0xff, 0xe5, 0x00, 0xa1, 0x00, 0x24,
  0xff, 0xd7, 0x00, 0xa1, 0x00, 0x28, 0xff, 0xd7, 0x00, 0xa1, 0x00, 0x30,
  0xff, 0xd7, 0x00, 0xa1, 0x00, 0x32, 0xff, 0xd7, 0x00, 0xa1, 0x00, 0x42,
  0xff, 0xed, 0x00, 0xa1, 0x00, 0x44, 0xff, 0xed, 0x00, 0xa1, 0x00, 0x45,
  0xff, 0xed, 0x00, 0xa1, 0x00, 0x46, 0xff, 0xed, 0x00, 0xa1, 0x00, 0x47,
  0xff, 0xdd, 0x00, 0xa1, 0x00, 0x48, 0xff, 0xed, 0x00, 0xa1, 0x00, 0x4b,
  0xff, 0x58, 0x00, 0xa1, 0x00, 0x50, 0xff, 0xed, 0x00, 0xa1, 0x00, 0x52,
  0xff, 0xed, 0x00, 0xa1, 0x00, 0x55, 0xff, 0xdd, 0x00, 0xa1, 0x00, 0x57,
  0xff, 0xd5, 0x00, 0xa1, 0x00, 0x58, 0xff, 0xd4, 0x00, 0xa1, 0x00, 0x5a,
  0xff, 0xd4, 0x00, 0xa1, 0x00, 0x6d, 0xff, 0xd7, 0x00, 0xa1, 0x00, 0x77,
  0xff, 0xd7, 0x00, 0xa1, 0x00, 0x78, 0xff, 0xd7, 0x00, 0xa1, 0x00, 0x7b,
  0xff, 0xd7, 0x00, 0xa1, 0x00, 0x83, 0xff, 0xed, 0x00, 0xa1, 0x00, 0x84,
  0xff, 0xed, 0x00, 0xa1, 0x00, 0x85, 0xff, 0xed, 0x00, 0xa1, 0x00, 0x86,
  0xff, 0xed, 0x00, 0xa1, 0x00, 0x87, 0xff, 0xed, 0x00, 0xa1, 0x00, 0x88,
  0xff, 0xed, 0x00, 0xa1, 0x00, 0x89, 0xff, 0xed, 0x00, 0xa1, 0x00, 0x8a,
  0xff, 0xed, 0x00, 0xa1, 0x00, 0x8b, 0xff, 0xed, 0x00, 0xa1, 0x00, 0x8c,
  0xff, 0xed, 0x00, 0xa1, 0x00, 0x8d, 0xff, 0xed, 0x00, 0xa1, 0x00, 0x8e,
  0xff, 0xed, 0x00, 0xa1, 0x00, 0x8f, 0x00, 0x67, 0x00, 0xa1, 0x00, 0x91,
  0x00, 0x67, 0x00, 0xa1, 0x00, 0x92, 0x00, 0x8c, 0x00, 0xa1, 0x00, 0x94,
  0xff, 0xed, 0x00, 0xa1, 0x00, 0x95, 0xff, 0xed, 0x00, 0xa1, 0x00, 0x96,
  0xff, 0xed, 0x00, 0xa1, 0x00, 0x98, 0xff, 0xed, 0x00, 0xa1, 0x00, 0x9f,
  0xff, 0xd4, 0x00, 0xa1, 0x00, 0xa0, 0xff, 0xd4, 0x00, 0xa1, 0x00, 0xa1,
  0xff, 0xd7, 0x00, 0xa1, 0x00, 0xa2, 0xff, 0xed, 0x00, 0xa2, 0x00, 0x22,
  0xff, 0xa6, 0x00, 0xa2, 0x00, 0x2b, 0xff, 0x9a, 0x00, 0xa2, 0x00, 0x34,
  0xff, 0xae, 0x00, 0xa2, 0x00, 0x35, 0xff, 0x35, 0x00, 0xa2, 0x00, 0x37,
  0xff, 0x4d, 0x00, 0xa2, 0x00, 0x38, 0xff, 0xb9, 0x00, 0xa2, 0x00, 0x39,
  0xff, 0xd4, 0x00, 0xa2, 0x00, 0x3a, 0xff, 0x67, 0x00, 0xa2, 0x00, 0x3b,
  0xff, 0x9c, 0x00, 0xa2, 0x00, 0x47, 0xff, 0xe9, 0x00, 0xa2, 0x00, 0x4b,
  0xff, 0x22, 0x00, 0xa2, 0x00, 0x54, 0xff, 0xee, 0x00, 0xa2, 0x00, 0x55,
  0xff, 0xe9, 0x00, 0xa2, 0x00, 0x57, 0xff, 0xa8, 0x00, 0xa2, 0x00, 0x58,
  0xff, 0xbb, 0x00, 0xa2, 0x00, 0x59, 0xff, 0xd3, 0x00, 0xa2, 0x00, 0x5a,
  0xff, 0xe5, 0x00, 0xa2, 0x00, 0x5b, 0xff, 0xe1, 0x00, 0xa2, 0x00, 0x66,
  0xff, 0xa6, 0x00, 0xa2, 0x00, 0x67, 0xff, 0xa6, 0x00, 0xa2, 0x00, 0x68,
  0xff, 0xa6, 0x00, 0xa2, 0x00, 0x69, 0xff, 0xa6, 0x00, 0xa2, 0x00, 0x6a,
  0xff, 0xa6, 0x00, 0xa2, 0x00, 0x6b, 0xff, 0xa6, 0x00, 0xa2, 0x00, 0x6c,
  0xff, 0xa6, 0x00, 0xa2, 0x00, 0x81, 0xff, 0x67, 0x00, 0xa2, 0x00, 0x9f,
  0xff, 0xe5, 0x00, 0xa2, 0x00, 0xa0, 0xff, 0xe5, 0x01, 0xf4, 0x00, 0x00,
  0x01, 0xa9, 0x00, 0x00, 0x01, 0xae, 0x00, 0x4b, 0x02, 0x6a, 0x00, 0x4b,
  0x04, 0xb7, 0x00, 0x4b, 0x02, 0xb2, 0x00, 0x00, 0x03, 0xe7, 0x00, 0x4b,
  0x05, 0x27, 0x00, 0x4b, 0x01, 0x66, 0x00, 0x4b, 0x02, 0x5a, 0x00, 0x4b,
  0x02, 0x5a, 0x00, 0x4b, 0x02, 0x4c, 0x00, 0x4b, 0x02, 0xc3, 0x00, 0x4b,
  0x01, 0xb1, 0x00, 0x4b, 0x02, 0xc3, 0x00, 0x4b, 0x01, 0xb1, 0x00, 0x4b,
  0x02, 0x61, 0x00, 0x4b, 0x03, 0x51, 0x00, 0x00, 0x01, 0x93, 0x00, 0x00,
  0x02, 0xdb, 0x00, 0x00, 0x02, 0xe8, 0x00, 0x00, 0x02, 0xf8, 0x00, 0x00,
  0x02, 0xe6, 0x00, 0x00, 0x03, 0x52, 0x00, 0x00, 0x02, 0xf8, 0x00, 0x00,
  0x03, 0x34, 0x00, 0x00, 0x03, 0x47, 0x00, 0x00, 0x01, 0xb1, 0x00, 0x4b,
  0x01, 0xb1, 0x00, 0x4b, 0x03, 0x03, 0x00, 0x4b, 0x03, 0x13, 0x00, 0x4b,
  0x03, 0x03, 0x00, 0x4a, 0x02, 0xd0, 0x00, 0x4b, 0x04, 0xdb, 0x00, 0x4b,
  0x03, 0xff, 0x00, 0x00, 0x03, 0x32, 0x00, 0x00, 0x03, 0xc8, 0x00, 0x00,
  0x03, 0x62, 0x00, 0x00, 0x02, 0x90, 0x00, 0x00, 0x02, 0xa0, 0x00, 0x00,
  0x04, 0x41, 0x00, 0x00, 0x03, 0xac, 0x00, 0x00, 0x01, 0x36, 0x00, 0x00,
  0x02, 0x44, 0x00, 0x00, 0x03, 0x7f, 0x00, 0x00, 0x02, 0x72, 0x00, 0x00,
  0x04, 0x06, 0x00, 0x00, 0x03, 0x8e, 0x00, 0x00, 0x04, 0x41, 0x00, 0x00,
  0x03, 0x34, 0x00, 0x00, 0x04, 0x41, 0x00, 0x00, 0x03, 0x3a, 0x00, 0x00,
  0x02, 0xb2, 0x00, 0x00, 0x03, 0x14, 0x00, 0x00, 0x03, 0x7f, 0x00, 0x00,
  0x03, 0xfe, 0x00, 0x00, 0x04, 0xef, 0x00, 0x00, 0x03, 0xa9, 0x00, 0x00,
  0x03, 0xa9, 0x00, 0x00, 0x03, 0x16, 0x00, 0x00, 0x02, 0xbf, 0x00, 0x4b,
  0x02, 0x61, 0x00, 0x4b, 0x02, 0xbf, 0x00, 0x4b, 0x02, 0x85, 0x00, 0x4b,
  0x03, 0xb3, 0x00, 0x4b, 0x02, 0x05, 0x00, 0x4a, 0x03, 0x07, 0x00, 0x00,
  0x03, 0x07, 0x00, 0x00, 0x02, 0x75, 0x00, 0x00, 0x03, 0x07, 0x00, 0x00,
  0x02, 0xe9, 0x00, 0x00, 0x02, 0x6a, 0x00, 0x00, 0x03, 0x07, 0x00, 0x00,
  0x02, 0x9f, 0x00, 0x00, 0x01, 0x36, 0x00, 0x00, 0x02, 0x45, 0x00, 0x00,
  0x02, 0xea, 0x00, 0x00, 0x01, 0x36, 0x00, 0x00, 0x04, 0x24, 0x00, 0x00,
  0x02, 0xae, 0x00, 0x00, 0x02, 0xea, 0x00, 0x00, 0x03, 0x07, 0x00, 0x00,
  0x03, 0x07, 0x00, 0x00, 0x02, 0x19, 0x00, 0x00, 0x02, 0x0c, 0x00, 0x00,
  0x02, 0x60, 0x00, 0x00, 0x02, 0x9d, 0x00, 0x00, 0x03, 0x55, 0x00, 0x00,
  0x04, 0x40, 0x00, 0x00, 0x02, 0xea, 0x00, 0x00, 0x03, 0x27, 0x00, 0x00,
  0x02, 0x73, 0x00, 0x00, 0x02, 0xdc, 0x00, 0x4a, 0x01, 0xaf, 0x00, 0x4b,
  0x02, 0xf9, 0x00, 0x4b, 0x04, 0xb9, 0x00, 0x4b, 0x03, 0xe3, 0x00, 0x4b,
  0x04, 0xb9, 0x00, 0x4b, 0x02, 0x46, 0x00, 0x4b, 0x02, 0x05, 0x00, 0x4b,
  0x03, 0xe3, 0x00, 0x4a, 0x02, 0xd0, 0x00, 0x4b, 0x03, 0xff, 0x00, 0x00,
  0x03, 0xff, 0x00, 0x00, 0x03, 0xff, 0x00, 0x00, 0x03, 0xff, 0x00, 0x00,
  0x03, 0xff, 0x00, 0x00, 0x03, 0xff, 0x00, 0x00, 0x04, 0x81, 0x00, 0x00,
  0x03, 0xc8, 0x00, 0x00, 0x02, 0x90, 0x00, 0x00, 0x02, 0x90, 0x00, 0x00,
  0x02, 0x90, 0x00, 0x00, 0x02, 0x90, 0x00, 0x00, 0x01, 0x37, 0xff, 0xab,
  0x01, 0x35, 0x00, 0x00, 0x01, 0x36, 0xff, 0x93, 0x01, 0x36, 0xff, 0x60,
  0x03, 0x8e, 0x00, 0x00, 0x04, 0x41, 0x00, 0x00, 0x04, 0x41, 0x00, 0x00,
  0x04, 0x41, 0x00, 0x00, 0x04, 0x41, 0x00, 0x00, 0x04, 0x41, 0x00, 0x00,
  0x04, 0x41, 0x00, 0x00, 0x03, 0x7f, 0x00, 0x00, 0x03, 0x7f, 0x00, 0x00,
  0x03, 0x7f, 0x00, 0x00, 0x03, 0x7f, 0x00, 0x00, 0x03, 0xa9, 0x00, 0x00,
  0x03, 0x32, 0x00, 0x00, 0x03, 0x07, 0x00, 0x00, 0x03, 0x07, 0x00, 0x00,
  0x03, 0x07, 0x00, 0x00, 0x03, 0x07, 0x00, 0x00, 0x03, 0x07, 0x00, 0x00,
  0x03, 0x07, 0x00, 0x00, 0x04, 0xfe, 0x00, 0x00, 0x02, 0x75, 0x00, 0x00,
  0x02, 0xe9, 0x00, 0x00, 0x02, 0xe9, 0x00, 0x00, 0x02, 0xe9, 0x00, 0x00,
  0x02, 0xe9, 0x00, 0x00, 0x01, 0x36, 0xff, 0x8e, 0x01, 0x36, 0x00, 0x00,
  0x01, 0x36, 0xff, 0x92, 0x01, 0x36, 0xff, 0x5b, 0x02, 0xae, 0x00, 0x00,
  0x02, 0xea, 0x00, 0x00, 0x02, 0xea, 0x00, 0x00, 0x02, 0xea, 0x00, 0x00,
  0x02, 0xea, 0x00, 0x00, 0x02, 0xea, 0x00, 0x00, 0x03, 0x13, 0x00, 0x4b,
  0x02, 0xea, 0x00, 0x00, 0x02, 0x9d, 0x00, 0x00, 0x02, 0x9d, 0x00, 0x00,
  0x02, 0x9d, 0x00, 0x00, 0x02, 0x9d, 0x00, 0x00, 0x03, 0x27, 0x00, 0x00,
  0x03, 0x27, 0x00, 0x00, 0x05, 0x0d, 0x00, 0x00, 0x04, 0xe8, 0x00, 0x00,
  0x02, 0x54, 0x00, 0x4b
};
unsigned int openvk_font_len = 72136;

typedef struct 
{
  Vector2 position;
  Vector2 size;
  Vector2 origin;
  float rotation;
}Transform2D;


#endif